id	block	style	attachments	last	command	expected	must_not
1	read_image	hinglish	IMAGE	0	photo padho r1	READ:IMAGE_READER	NO_CREATE;NO_EDIT;NO_WEB
2	read_image	english	IMAGE	1	Read this photo r2	READ:IMAGE_READER	NO_CREATE;NO_EDIT;NO_WEB
3	read_image	spelling	IMAGE	0	image_3.jpg check karo r3	READ:IMAGE_READER	NO_CREATE;NO_EDIT;NO_WEB
4	read_image	short	IMAGE	1	iske andar kya hai batao r4	READ:IMAGE_READER	NO_CREATE;NO_EDIT;NO_WEB
5	read_image	long	IMAGE	0	please photo ko review karo r5	READ:IMAGE_READER	NO_CREATE;NO_EDIT;NO_WEB
6	read_image	reversed	IMAGE	1	ye photo dekh ke samjhao r6	READ:IMAGE_READER	NO_CREATE;NO_EDIT;NO_WEB
7	read_image	nopunct	IMAGE	0	photo ka content extract karo r7	READ:IMAGE_READER	NO_CREATE;NO_EDIT;NO_WEB
8	read_image	followup	IMAGE	1	open karke photo ka summary batao r8	READ:IMAGE_READER	NO_CREATE;NO_EDIT;NO_WEB
9	read_image	hinglish	IMAGE	0	photo padho r9	READ:IMAGE_READER	NO_CREATE;NO_EDIT;NO_WEB
10	read_image	english	IMAGE	1	Read this photo r10	READ:IMAGE_READER	NO_CREATE;NO_EDIT;NO_WEB
11	read_image	spelling	IMAGE	0	image_11.jpg check karo r11	READ:IMAGE_READER	NO_CREATE;NO_EDIT;NO_WEB
12	read_image	short	IMAGE	1	iske andar kya hai batao r12	READ:IMAGE_READER	NO_CREATE;NO_EDIT;NO_WEB
13	read_image	long	IMAGE	0	please photo ko review karo r13	READ:IMAGE_READER	NO_CREATE;NO_EDIT;NO_WEB
14	read_image	reversed	IMAGE	1	ye photo dekh ke samjhao r14	READ:IMAGE_READER	NO_CREATE;NO_EDIT;NO_WEB
15	read_image	nopunct	IMAGE	0	photo ka content extract karo r15	READ:IMAGE_READER	NO_CREATE;NO_EDIT;NO_WEB
16	read_image	followup	IMAGE	1	open karke photo ka summary batao r16	READ:IMAGE_READER	NO_CREATE;NO_EDIT;NO_WEB
17	read_image	hinglish	IMAGE	0	photo padho r17	READ:IMAGE_READER	NO_CREATE;NO_EDIT;NO_WEB
18	read_image	english	IMAGE	1	Read this photo r18	READ:IMAGE_READER	NO_CREATE;NO_EDIT;NO_WEB
19	read_image	spelling	IMAGE	0	image_19.jpg check karo r19	READ:IMAGE_READER	NO_CREATE;NO_EDIT;NO_WEB
20	read_image	short	IMAGE	1	iske andar kya hai batao r20	READ:IMAGE_READER	NO_CREATE;NO_EDIT;NO_WEB
21	read_image	long	IMAGE	0	please photo ko review karo r21	READ:IMAGE_READER	NO_CREATE;NO_EDIT;NO_WEB
22	read_image	reversed	IMAGE	1	ye photo dekh ke samjhao r22	READ:IMAGE_READER	NO_CREATE;NO_EDIT;NO_WEB
23	read_image	nopunct	IMAGE	0	photo ka content extract karo r23	READ:IMAGE_READER	NO_CREATE;NO_EDIT;NO_WEB
24	read_image	followup	IMAGE	1	open karke photo ka summary batao r24	READ:IMAGE_READER	NO_CREATE;NO_EDIT;NO_WEB
25	read_image	hinglish	IMAGE	0	photo padho r25	READ:IMAGE_READER	NO_CREATE;NO_EDIT;NO_WEB
26	read_image	english	IMAGE	1	Read this photo r26	READ:IMAGE_READER	NO_CREATE;NO_EDIT;NO_WEB
27	read_image	spelling	IMAGE	0	image_27.jpg check karo r27	READ:IMAGE_READER	NO_CREATE;NO_EDIT;NO_WEB
28	read_image	short	IMAGE	1	iske andar kya hai batao r28	READ:IMAGE_READER	NO_CREATE;NO_EDIT;NO_WEB
29	read_image	long	IMAGE	0	please photo ko review karo r29	READ:IMAGE_READER	NO_CREATE;NO_EDIT;NO_WEB
30	read_image	reversed	IMAGE	1	ye photo dekh ke samjhao r30	READ:IMAGE_READER	NO_CREATE;NO_EDIT;NO_WEB
31	read_image	nopunct	IMAGE	0	photo ka content extract karo r31	READ:IMAGE_READER	NO_CREATE;NO_EDIT;NO_WEB
32	read_image	followup	IMAGE	1	open karke photo ka summary batao r32	READ:IMAGE_READER	NO_CREATE;NO_EDIT;NO_WEB
33	read_image	hinglish	IMAGE	0	photo padho r33	READ:IMAGE_READER	NO_CREATE;NO_EDIT;NO_WEB
34	read_image	english	IMAGE	1	Read this photo r34	READ:IMAGE_READER	NO_CREATE;NO_EDIT;NO_WEB
35	read_image	spelling	IMAGE	0	image_35.jpg check karo r35	READ:IMAGE_READER	NO_CREATE;NO_EDIT;NO_WEB
36	read_image	short	IMAGE	1	iske andar kya hai batao r36	READ:IMAGE_READER	NO_CREATE;NO_EDIT;NO_WEB
37	read_image	long	IMAGE	0	please photo ko review karo r37	READ:IMAGE_READER	NO_CREATE;NO_EDIT;NO_WEB
38	read_image	reversed	IMAGE	1	ye photo dekh ke samjhao r38	READ:IMAGE_READER	NO_CREATE;NO_EDIT;NO_WEB
39	read_image	nopunct	IMAGE	0	photo ka content extract karo r39	READ:IMAGE_READER	NO_CREATE;NO_EDIT;NO_WEB
40	read_image	followup	IMAGE	1	open karke photo ka summary batao r40	READ:IMAGE_READER	NO_CREATE;NO_EDIT;NO_WEB
41	read_image	hinglish	IMAGE	0	photo padho r41	READ:IMAGE_READER	NO_CREATE;NO_EDIT;NO_WEB
42	read_image	english	IMAGE	1	Read this photo r42	READ:IMAGE_READER	NO_CREATE;NO_EDIT;NO_WEB
43	read_image	spelling	IMAGE	0	image_43.jpg check karo r43	READ:IMAGE_READER	NO_CREATE;NO_EDIT;NO_WEB
44	read_image	short	IMAGE	1	iske andar kya hai batao r44	READ:IMAGE_READER	NO_CREATE;NO_EDIT;NO_WEB
45	read_image	long	IMAGE	0	please photo ko review karo r45	READ:IMAGE_READER	NO_CREATE;NO_EDIT;NO_WEB
46	read_image	reversed	IMAGE	1	ye photo dekh ke samjhao r46	READ:IMAGE_READER	NO_CREATE;NO_EDIT;NO_WEB
47	read_image	nopunct	IMAGE	0	photo ka content extract karo r47	READ:IMAGE_READER	NO_CREATE;NO_EDIT;NO_WEB
48	read_image	followup	IMAGE	1	open karke photo ka summary batao r48	READ:IMAGE_READER	NO_CREATE;NO_EDIT;NO_WEB
49	read_image	hinglish	IMAGE	0	photo padho r49	READ:IMAGE_READER	NO_CREATE;NO_EDIT;NO_WEB
50	read_image	english	IMAGE	1	Read this photo r50	READ:IMAGE_READER	NO_CREATE;NO_EDIT;NO_WEB
51	read_image	spelling	IMAGE	0	image_51.jpg check karo r51	READ:IMAGE_READER	NO_CREATE;NO_EDIT;NO_WEB
52	read_image	short	IMAGE	1	iske andar kya hai batao r52	READ:IMAGE_READER	NO_CREATE;NO_EDIT;NO_WEB
53	read_image	long	IMAGE	0	please photo ko review karo r53	READ:IMAGE_READER	NO_CREATE;NO_EDIT;NO_WEB
54	read_image	reversed	IMAGE	1	ye photo dekh ke samjhao r54	READ:IMAGE_READER	NO_CREATE;NO_EDIT;NO_WEB
55	read_image	nopunct	IMAGE	0	photo ka content extract karo r55	READ:IMAGE_READER	NO_CREATE;NO_EDIT;NO_WEB
56	read_image	followup	IMAGE	1	open karke photo ka summary batao r56	READ:IMAGE_READER	NO_CREATE;NO_EDIT;NO_WEB
57	read_image	hinglish	IMAGE	0	photo padho r57	READ:IMAGE_READER	NO_CREATE;NO_EDIT;NO_WEB
58	read_image	english	IMAGE	1	Read this photo r58	READ:IMAGE_READER	NO_CREATE;NO_EDIT;NO_WEB
59	read_image	spelling	IMAGE	0	image_59.jpg check karo r59	READ:IMAGE_READER	NO_CREATE;NO_EDIT;NO_WEB
60	read_image	short	IMAGE	1	iske andar kya hai batao r60	READ:IMAGE_READER	NO_CREATE;NO_EDIT;NO_WEB
61	read_image	long	IMAGE	0	please photo ko review karo r61	READ:IMAGE_READER	NO_CREATE;NO_EDIT;NO_WEB
62	read_image	reversed	IMAGE	1	ye photo dekh ke samjhao r62	READ:IMAGE_READER	NO_CREATE;NO_EDIT;NO_WEB
63	read_image	nopunct	IMAGE	0	photo ka content extract karo r63	READ:IMAGE_READER	NO_CREATE;NO_EDIT;NO_WEB
64	read_image	followup	IMAGE	1	open karke photo ka summary batao r64	READ:IMAGE_READER	NO_CREATE;NO_EDIT;NO_WEB
65	read_image	hinglish	IMAGE	0	photo padho r65	READ:IMAGE_READER	NO_CREATE;NO_EDIT;NO_WEB
66	read_image	english	IMAGE	1	Read this photo r66	READ:IMAGE_READER	NO_CREATE;NO_EDIT;NO_WEB
67	read_image	spelling	IMAGE	0	image_67.jpg check karo r67	READ:IMAGE_READER	NO_CREATE;NO_EDIT;NO_WEB
68	read_image	short	IMAGE	1	iske andar kya hai batao r68	READ:IMAGE_READER	NO_CREATE;NO_EDIT;NO_WEB
69	read_image	long	IMAGE	0	please photo ko review karo r69	READ:IMAGE_READER	NO_CREATE;NO_EDIT;NO_WEB
70	read_image	reversed	IMAGE	1	ye photo dekh ke samjhao r70	READ:IMAGE_READER	NO_CREATE;NO_EDIT;NO_WEB
71	read_image	nopunct	IMAGE	0	photo ka content extract karo r71	READ:IMAGE_READER	NO_CREATE;NO_EDIT;NO_WEB
72	read_image	followup	IMAGE	1	open karke photo ka summary batao r72	READ:IMAGE_READER	NO_CREATE;NO_EDIT;NO_WEB
73	read_image	hinglish	IMAGE	0	photo padho r73	READ:IMAGE_READER	NO_CREATE;NO_EDIT;NO_WEB
74	read_image	english	IMAGE	1	Read this photo r74	READ:IMAGE_READER	NO_CREATE;NO_EDIT;NO_WEB
75	read_image	spelling	IMAGE	0	image_75.jpg check karo r75	READ:IMAGE_READER	NO_CREATE;NO_EDIT;NO_WEB
76	read_image	short	IMAGE	1	iske andar kya hai batao r76	READ:IMAGE_READER	NO_CREATE;NO_EDIT;NO_WEB
77	read_image	long	IMAGE	0	please photo ko review karo r77	READ:IMAGE_READER	NO_CREATE;NO_EDIT;NO_WEB
78	read_image	reversed	IMAGE	1	ye photo dekh ke samjhao r78	READ:IMAGE_READER	NO_CREATE;NO_EDIT;NO_WEB
79	read_image	nopunct	IMAGE	0	photo ka content extract karo r79	READ:IMAGE_READER	NO_CREATE;NO_EDIT;NO_WEB
80	read_image	followup	IMAGE	1	open karke photo ka summary batao r80	READ:IMAGE_READER	NO_CREATE;NO_EDIT;NO_WEB
81	read_image	hinglish	IMAGE	0	photo padho r81	READ:IMAGE_READER	NO_CREATE;NO_EDIT;NO_WEB
82	read_image	english	IMAGE	1	Read this photo r82	READ:IMAGE_READER	NO_CREATE;NO_EDIT;NO_WEB
83	read_image	spelling	IMAGE	0	image_83.jpg check karo r83	READ:IMAGE_READER	NO_CREATE;NO_EDIT;NO_WEB
84	read_image	short	IMAGE	1	iske andar kya hai batao r84	READ:IMAGE_READER	NO_CREATE;NO_EDIT;NO_WEB
85	read_image	long	IMAGE	0	please photo ko review karo r85	READ:IMAGE_READER	NO_CREATE;NO_EDIT;NO_WEB
86	read_image	reversed	IMAGE	1	ye photo dekh ke samjhao r86	READ:IMAGE_READER	NO_CREATE;NO_EDIT;NO_WEB
87	read_image	nopunct	IMAGE	0	photo ka content extract karo r87	READ:IMAGE_READER	NO_CREATE;NO_EDIT;NO_WEB
88	read_image	followup	IMAGE	1	open karke photo ka summary batao r88	READ:IMAGE_READER	NO_CREATE;NO_EDIT;NO_WEB
89	read_image	hinglish	IMAGE	0	photo padho r89	READ:IMAGE_READER	NO_CREATE;NO_EDIT;NO_WEB
90	read_image	english	IMAGE	1	Read this photo r90	READ:IMAGE_READER	NO_CREATE;NO_EDIT;NO_WEB
91	read_image	spelling	IMAGE	0	image_91.jpg check karo r91	READ:IMAGE_READER	NO_CREATE;NO_EDIT;NO_WEB
92	read_image	short	IMAGE	1	iske andar kya hai batao r92	READ:IMAGE_READER	NO_CREATE;NO_EDIT;NO_WEB
93	read_image	long	IMAGE	0	please photo ko review karo r93	READ:IMAGE_READER	NO_CREATE;NO_EDIT;NO_WEB
94	read_image	reversed	IMAGE	1	ye photo dekh ke samjhao r94	READ:IMAGE_READER	NO_CREATE;NO_EDIT;NO_WEB
95	read_image	nopunct	IMAGE	0	photo ka content extract karo r95	READ:IMAGE_READER	NO_CREATE;NO_EDIT;NO_WEB
96	read_image	followup	IMAGE	1	open karke photo ka summary batao r96	READ:IMAGE_READER	NO_CREATE;NO_EDIT;NO_WEB
97	read_image	hinglish	IMAGE	0	photo padho r97	READ:IMAGE_READER	NO_CREATE;NO_EDIT;NO_WEB
98	read_image	english	IMAGE	1	Read this photo r98	READ:IMAGE_READER	NO_CREATE;NO_EDIT;NO_WEB
99	read_image	spelling	IMAGE	0	image_99.jpg check karo r99	READ:IMAGE_READER	NO_CREATE;NO_EDIT;NO_WEB
100	read_image	short	IMAGE	1	iske andar kya hai batao r100	READ:IMAGE_READER	NO_CREATE;NO_EDIT;NO_WEB
101	read_image	long	IMAGE	0	please photo ko review karo r101	READ:IMAGE_READER	NO_CREATE;NO_EDIT;NO_WEB
102	read_image	reversed	IMAGE	1	ye photo dekh ke samjhao r102	READ:IMAGE_READER	NO_CREATE;NO_EDIT;NO_WEB
103	read_image	nopunct	IMAGE	0	photo ka content extract karo r103	READ:IMAGE_READER	NO_CREATE;NO_EDIT;NO_WEB
104	read_image	followup	IMAGE	1	open karke photo ka summary batao r104	READ:IMAGE_READER	NO_CREATE;NO_EDIT;NO_WEB
105	read_image	hinglish	IMAGE	0	photo padho r105	READ:IMAGE_READER	NO_CREATE;NO_EDIT;NO_WEB
106	read_image	english	IMAGE	1	Read this photo r106	READ:IMAGE_READER	NO_CREATE;NO_EDIT;NO_WEB
107	read_image	spelling	IMAGE	0	image_107.jpg check karo r107	READ:IMAGE_READER	NO_CREATE;NO_EDIT;NO_WEB
108	read_image	short	IMAGE	1	iske andar kya hai batao r108	READ:IMAGE_READER	NO_CREATE;NO_EDIT;NO_WEB
109	read_image	long	IMAGE	0	please photo ko review karo r109	READ:IMAGE_READER	NO_CREATE;NO_EDIT;NO_WEB
110	read_image	reversed	IMAGE	1	ye photo dekh ke samjhao r110	READ:IMAGE_READER	NO_CREATE;NO_EDIT;NO_WEB
111	read_image	nopunct	IMAGE	0	photo ka content extract karo r111	READ:IMAGE_READER	NO_CREATE;NO_EDIT;NO_WEB
112	read_image	followup	IMAGE	1	open karke photo ka summary batao r112	READ:IMAGE_READER	NO_CREATE;NO_EDIT;NO_WEB
113	read_image	hinglish	IMAGE	0	photo padho r113	READ:IMAGE_READER	NO_CREATE;NO_EDIT;NO_WEB
114	read_image	english	IMAGE	1	Read this photo r114	READ:IMAGE_READER	NO_CREATE;NO_EDIT;NO_WEB
115	read_image	spelling	IMAGE	0	image_115.jpg check karo r115	READ:IMAGE_READER	NO_CREATE;NO_EDIT;NO_WEB
116	read_image	short	IMAGE	1	iske andar kya hai batao r116	READ:IMAGE_READER	NO_CREATE;NO_EDIT;NO_WEB
117	read_image	long	IMAGE	0	please photo ko review karo r117	READ:IMAGE_READER	NO_CREATE;NO_EDIT;NO_WEB
118	read_image	reversed	IMAGE	1	ye photo dekh ke samjhao r118	READ:IMAGE_READER	NO_CREATE;NO_EDIT;NO_WEB
119	read_image	nopunct	IMAGE	0	photo ka content extract karo r119	READ:IMAGE_READER	NO_CREATE;NO_EDIT;NO_WEB
120	read_image	followup	IMAGE	1	open karke photo ka summary batao r120	READ:IMAGE_READER	NO_CREATE;NO_EDIT;NO_WEB
121	read_image	hinglish	IMAGE	0	photo padho r121	READ:IMAGE_READER	NO_CREATE;NO_EDIT;NO_WEB
122	read_image	english	IMAGE	1	Read this photo r122	READ:IMAGE_READER	NO_CREATE;NO_EDIT;NO_WEB
123	read_image	spelling	IMAGE	0	image_123.jpg check karo r123	READ:IMAGE_READER	NO_CREATE;NO_EDIT;NO_WEB
124	read_image	short	IMAGE	1	iske andar kya hai batao r124	READ:IMAGE_READER	NO_CREATE;NO_EDIT;NO_WEB
125	read_image	long	IMAGE	0	please photo ko review karo r125	READ:IMAGE_READER	NO_CREATE;NO_EDIT;NO_WEB
126	read_image	reversed	IMAGE	1	ye photo dekh ke samjhao r126	READ:IMAGE_READER	NO_CREATE;NO_EDIT;NO_WEB
127	read_image	nopunct	IMAGE	0	photo ka content extract karo r127	READ:IMAGE_READER	NO_CREATE;NO_EDIT;NO_WEB
128	read_image	followup	IMAGE	1	open karke photo ka summary batao r128	READ:IMAGE_READER	NO_CREATE;NO_EDIT;NO_WEB
129	read_image	hinglish	IMAGE	0	photo padho r129	READ:IMAGE_READER	NO_CREATE;NO_EDIT;NO_WEB
130	read_image	english	IMAGE	1	Read this photo r130	READ:IMAGE_READER	NO_CREATE;NO_EDIT;NO_WEB
131	read_image	spelling	IMAGE	0	image_131.jpg check karo r131	READ:IMAGE_READER	NO_CREATE;NO_EDIT;NO_WEB
132	read_image	short	IMAGE	1	iske andar kya hai batao r132	READ:IMAGE_READER	NO_CREATE;NO_EDIT;NO_WEB
133	read_image	long	IMAGE	0	please photo ko review karo r133	READ:IMAGE_READER	NO_CREATE;NO_EDIT;NO_WEB
134	read_image	reversed	IMAGE	1	ye photo dekh ke samjhao r134	READ:IMAGE_READER	NO_CREATE;NO_EDIT;NO_WEB
135	read_image	nopunct	IMAGE	0	photo ka content extract karo r135	READ:IMAGE_READER	NO_CREATE;NO_EDIT;NO_WEB
136	read_image	followup	IMAGE	1	open karke photo ka summary batao r136	READ:IMAGE_READER	NO_CREATE;NO_EDIT;NO_WEB
137	read_image	hinglish	IMAGE	0	photo padho r137	READ:IMAGE_READER	NO_CREATE;NO_EDIT;NO_WEB
138	read_image	english	IMAGE	1	Read this photo r138	READ:IMAGE_READER	NO_CREATE;NO_EDIT;NO_WEB
139	read_image	spelling	IMAGE	0	image_139.jpg check karo r139	READ:IMAGE_READER	NO_CREATE;NO_EDIT;NO_WEB
140	read_image	short	IMAGE	1	iske andar kya hai batao r140	READ:IMAGE_READER	NO_CREATE;NO_EDIT;NO_WEB
141	read_image	long	IMAGE	0	please photo ko review karo r141	READ:IMAGE_READER	NO_CREATE;NO_EDIT;NO_WEB
142	read_image	reversed	IMAGE	1	ye photo dekh ke samjhao r142	READ:IMAGE_READER	NO_CREATE;NO_EDIT;NO_WEB
143	read_image	nopunct	IMAGE	0	photo ka content extract karo r143	READ:IMAGE_READER	NO_CREATE;NO_EDIT;NO_WEB
144	read_image	followup	IMAGE	1	open karke photo ka summary batao r144	READ:IMAGE_READER	NO_CREATE;NO_EDIT;NO_WEB
145	read_image	hinglish	IMAGE	0	photo padho r145	READ:IMAGE_READER	NO_CREATE;NO_EDIT;NO_WEB
146	read_image	english	IMAGE	1	Read this photo r146	READ:IMAGE_READER	NO_CREATE;NO_EDIT;NO_WEB
147	read_image	spelling	IMAGE	0	image_147.jpg check karo r147	READ:IMAGE_READER	NO_CREATE;NO_EDIT;NO_WEB
148	read_image	short	IMAGE	1	iske andar kya hai batao r148	READ:IMAGE_READER	NO_CREATE;NO_EDIT;NO_WEB
149	read_image	long	IMAGE	0	please photo ko review karo r149	READ:IMAGE_READER	NO_CREATE;NO_EDIT;NO_WEB
150	read_image	reversed	IMAGE	1	ye photo dekh ke samjhao r150	READ:IMAGE_READER	NO_CREATE;NO_EDIT;NO_WEB
151	read_image	nopunct	IMAGE	0	photo ka content extract karo r151	READ:IMAGE_READER	NO_CREATE;NO_EDIT;NO_WEB
152	read_image	followup	IMAGE	1	open karke photo ka summary batao r152	READ:IMAGE_READER	NO_CREATE;NO_EDIT;NO_WEB
153	read_image	hinglish	IMAGE	0	photo padho r153	READ:IMAGE_READER	NO_CREATE;NO_EDIT;NO_WEB
154	read_image	english	IMAGE	1	Read this photo r154	READ:IMAGE_READER	NO_CREATE;NO_EDIT;NO_WEB
155	read_image	spelling	IMAGE	0	image_155.jpg check karo r155	READ:IMAGE_READER	NO_CREATE;NO_EDIT;NO_WEB
156	read_image	short	IMAGE	1	iske andar kya hai batao r156	READ:IMAGE_READER	NO_CREATE;NO_EDIT;NO_WEB
157	read_image	long	IMAGE	0	please photo ko review karo r157	READ:IMAGE_READER	NO_CREATE;NO_EDIT;NO_WEB
158	read_image	reversed	IMAGE	1	ye photo dekh ke samjhao r158	READ:IMAGE_READER	NO_CREATE;NO_EDIT;NO_WEB
159	read_image	nopunct	IMAGE	0	photo ka content extract karo r159	READ:IMAGE_READER	NO_CREATE;NO_EDIT;NO_WEB
160	read_image	followup	IMAGE	1	open karke photo ka summary batao r160	READ:IMAGE_READER	NO_CREATE;NO_EDIT;NO_WEB
161	read_image	hinglish	IMAGE	0	photo padho r161	READ:IMAGE_READER	NO_CREATE;NO_EDIT;NO_WEB
162	read_image	english	IMAGE	1	Read this photo r162	READ:IMAGE_READER	NO_CREATE;NO_EDIT;NO_WEB
163	read_image	spelling	IMAGE	0	image_163.jpg check karo r163	READ:IMAGE_READER	NO_CREATE;NO_EDIT;NO_WEB
164	read_image	short	IMAGE	1	iske andar kya hai batao r164	READ:IMAGE_READER	NO_CREATE;NO_EDIT;NO_WEB
165	read_image	long	IMAGE	0	please photo ko review karo r165	READ:IMAGE_READER	NO_CREATE;NO_EDIT;NO_WEB
166	read_image	reversed	IMAGE	1	ye photo dekh ke samjhao r166	READ:IMAGE_READER	NO_CREATE;NO_EDIT;NO_WEB
167	read_image	nopunct	IMAGE	0	photo ka content extract karo r167	READ:IMAGE_READER	NO_CREATE;NO_EDIT;NO_WEB
168	read_image	followup	IMAGE	1	open karke photo ka summary batao r168	READ:IMAGE_READER	NO_CREATE;NO_EDIT;NO_WEB
169	read_image	hinglish	IMAGE	0	photo padho r169	READ:IMAGE_READER	NO_CREATE;NO_EDIT;NO_WEB
170	read_image	english	IMAGE	1	Read this photo r170	READ:IMAGE_READER	NO_CREATE;NO_EDIT;NO_WEB
171	read_image	spelling	IMAGE	0	image_171.jpg check karo r171	READ:IMAGE_READER	NO_CREATE;NO_EDIT;NO_WEB
172	read_image	short	IMAGE	1	iske andar kya hai batao r172	READ:IMAGE_READER	NO_CREATE;NO_EDIT;NO_WEB
173	read_image	long	IMAGE	0	please photo ko review karo r173	READ:IMAGE_READER	NO_CREATE;NO_EDIT;NO_WEB
174	read_image	reversed	IMAGE	1	ye photo dekh ke samjhao r174	READ:IMAGE_READER	NO_CREATE;NO_EDIT;NO_WEB
175	read_image	nopunct	IMAGE	0	photo ka content extract karo r175	READ:IMAGE_READER	NO_CREATE;NO_EDIT;NO_WEB
176	read_image	followup	IMAGE	1	open karke photo ka summary batao r176	READ:IMAGE_READER	NO_CREATE;NO_EDIT;NO_WEB
177	read_image	hinglish	IMAGE	0	photo padho r177	READ:IMAGE_READER	NO_CREATE;NO_EDIT;NO_WEB
178	read_image	english	IMAGE	1	Read this photo r178	READ:IMAGE_READER	NO_CREATE;NO_EDIT;NO_WEB
179	read_image	spelling	IMAGE	0	image_179.jpg check karo r179	READ:IMAGE_READER	NO_CREATE;NO_EDIT;NO_WEB
180	read_image	short	IMAGE	1	iske andar kya hai batao r180	READ:IMAGE_READER	NO_CREATE;NO_EDIT;NO_WEB
181	read_image	long	IMAGE	0	please photo ko review karo r181	READ:IMAGE_READER	NO_CREATE;NO_EDIT;NO_WEB
182	read_image	reversed	IMAGE	1	ye photo dekh ke samjhao r182	READ:IMAGE_READER	NO_CREATE;NO_EDIT;NO_WEB
183	read_image	nopunct	IMAGE	0	photo ka content extract karo r183	READ:IMAGE_READER	NO_CREATE;NO_EDIT;NO_WEB
184	read_image	followup	IMAGE	1	open karke photo ka summary batao r184	READ:IMAGE_READER	NO_CREATE;NO_EDIT;NO_WEB
185	read_image	hinglish	IMAGE	0	photo padho r185	READ:IMAGE_READER	NO_CREATE;NO_EDIT;NO_WEB
186	read_image	english	IMAGE	1	Read this photo r186	READ:IMAGE_READER	NO_CREATE;NO_EDIT;NO_WEB
187	read_image	spelling	IMAGE	0	image_187.jpg check karo r187	READ:IMAGE_READER	NO_CREATE;NO_EDIT;NO_WEB
188	read_image	short	IMAGE	1	iske andar kya hai batao r188	READ:IMAGE_READER	NO_CREATE;NO_EDIT;NO_WEB
189	read_image	long	IMAGE	0	please photo ko review karo r189	READ:IMAGE_READER	NO_CREATE;NO_EDIT;NO_WEB
190	read_image	reversed	IMAGE	1	ye photo dekh ke samjhao r190	READ:IMAGE_READER	NO_CREATE;NO_EDIT;NO_WEB
191	read_image	nopunct	IMAGE	0	photo ka content extract karo r191	READ:IMAGE_READER	NO_CREATE;NO_EDIT;NO_WEB
192	read_image	followup	IMAGE	1	open karke photo ka summary batao r192	READ:IMAGE_READER	NO_CREATE;NO_EDIT;NO_WEB
193	read_image	hinglish	IMAGE	0	photo padho r193	READ:IMAGE_READER	NO_CREATE;NO_EDIT;NO_WEB
194	read_image	english	IMAGE	1	Read this photo r194	READ:IMAGE_READER	NO_CREATE;NO_EDIT;NO_WEB
195	read_image	spelling	IMAGE	0	image_195.jpg check karo r195	READ:IMAGE_READER	NO_CREATE;NO_EDIT;NO_WEB
196	read_image	short	IMAGE	1	iske andar kya hai batao r196	READ:IMAGE_READER	NO_CREATE;NO_EDIT;NO_WEB
197	read_image	long	IMAGE	0	please photo ko review karo r197	READ:IMAGE_READER	NO_CREATE;NO_EDIT;NO_WEB
198	read_image	reversed	IMAGE	1	ye photo dekh ke samjhao r198	READ:IMAGE_READER	NO_CREATE;NO_EDIT;NO_WEB
199	read_image	nopunct	IMAGE	0	photo ka content extract karo r199	READ:IMAGE_READER	NO_CREATE;NO_EDIT;NO_WEB
200	read_image	followup	IMAGE	1	open karke photo ka summary batao r200	READ:IMAGE_READER	NO_CREATE;NO_EDIT;NO_WEB
201	read_image	hinglish	IMAGE	0	photo padho r201	READ:IMAGE_READER	NO_CREATE;NO_EDIT;NO_WEB
202	read_image	english	IMAGE	1	Read this photo r202	READ:IMAGE_READER	NO_CREATE;NO_EDIT;NO_WEB
203	read_image	spelling	IMAGE	0	image_203.jpg check karo r203	READ:IMAGE_READER	NO_CREATE;NO_EDIT;NO_WEB
204	read_image	short	IMAGE	1	iske andar kya hai batao r204	READ:IMAGE_READER	NO_CREATE;NO_EDIT;NO_WEB
205	read_image	long	IMAGE	0	please photo ko review karo r205	READ:IMAGE_READER	NO_CREATE;NO_EDIT;NO_WEB
206	read_image	reversed	IMAGE	1	ye photo dekh ke samjhao r206	READ:IMAGE_READER	NO_CREATE;NO_EDIT;NO_WEB
207	read_image	nopunct	IMAGE	0	photo ka content extract karo r207	READ:IMAGE_READER	NO_CREATE;NO_EDIT;NO_WEB
208	read_image	followup	IMAGE	1	open karke photo ka summary batao r208	READ:IMAGE_READER	NO_CREATE;NO_EDIT;NO_WEB
209	read_image	hinglish	IMAGE	0	photo padho r209	READ:IMAGE_READER	NO_CREATE;NO_EDIT;NO_WEB
210	read_image	english	IMAGE	1	Read this photo r210	READ:IMAGE_READER	NO_CREATE;NO_EDIT;NO_WEB
211	read_image	spelling	IMAGE	0	image_211.jpg check karo r211	READ:IMAGE_READER	NO_CREATE;NO_EDIT;NO_WEB
212	read_image	short	IMAGE	1	iske andar kya hai batao r212	READ:IMAGE_READER	NO_CREATE;NO_EDIT;NO_WEB
213	read_image	long	IMAGE	0	please photo ko review karo r213	READ:IMAGE_READER	NO_CREATE;NO_EDIT;NO_WEB
214	read_image	reversed	IMAGE	1	ye photo dekh ke samjhao r214	READ:IMAGE_READER	NO_CREATE;NO_EDIT;NO_WEB
215	read_image	nopunct	IMAGE	0	photo ka content extract karo r215	READ:IMAGE_READER	NO_CREATE;NO_EDIT;NO_WEB
216	read_image	followup	IMAGE	1	open karke photo ka summary batao r216	READ:IMAGE_READER	NO_CREATE;NO_EDIT;NO_WEB
217	read_image	hinglish	IMAGE	0	photo padho r217	READ:IMAGE_READER	NO_CREATE;NO_EDIT;NO_WEB
218	read_image	english	IMAGE	1	Read this photo r218	READ:IMAGE_READER	NO_CREATE;NO_EDIT;NO_WEB
219	read_image	spelling	IMAGE	0	image_219.jpg check karo r219	READ:IMAGE_READER	NO_CREATE;NO_EDIT;NO_WEB
220	read_image	short	IMAGE	1	iske andar kya hai batao r220	READ:IMAGE_READER	NO_CREATE;NO_EDIT;NO_WEB
221	read_image	long	IMAGE	0	please photo ko review karo r221	READ:IMAGE_READER	NO_CREATE;NO_EDIT;NO_WEB
222	read_image	reversed	IMAGE	1	ye photo dekh ke samjhao r222	READ:IMAGE_READER	NO_CREATE;NO_EDIT;NO_WEB
223	read_image	nopunct	IMAGE	0	photo ka content extract karo r223	READ:IMAGE_READER	NO_CREATE;NO_EDIT;NO_WEB
224	read_image	followup	IMAGE	1	open karke photo ka summary batao r224	READ:IMAGE_READER	NO_CREATE;NO_EDIT;NO_WEB
225	read_image	hinglish	IMAGE	0	photo padho r225	READ:IMAGE_READER	NO_CREATE;NO_EDIT;NO_WEB
226	read_image	english	IMAGE	1	Read this photo r226	READ:IMAGE_READER	NO_CREATE;NO_EDIT;NO_WEB
227	read_image	spelling	IMAGE	0	image_227.jpg check karo r227	READ:IMAGE_READER	NO_CREATE;NO_EDIT;NO_WEB
228	read_image	short	IMAGE	1	iske andar kya hai batao r228	READ:IMAGE_READER	NO_CREATE;NO_EDIT;NO_WEB
229	read_image	long	IMAGE	0	please photo ko review karo r229	READ:IMAGE_READER	NO_CREATE;NO_EDIT;NO_WEB
230	read_image	reversed	IMAGE	1	ye photo dekh ke samjhao r230	READ:IMAGE_READER	NO_CREATE;NO_EDIT;NO_WEB
231	read_image	nopunct	IMAGE	0	photo ka content extract karo r231	READ:IMAGE_READER	NO_CREATE;NO_EDIT;NO_WEB
232	read_image	followup	IMAGE	1	open karke photo ka summary batao r232	READ:IMAGE_READER	NO_CREATE;NO_EDIT;NO_WEB
233	read_image	hinglish	IMAGE	0	photo padho r233	READ:IMAGE_READER	NO_CREATE;NO_EDIT;NO_WEB
234	read_image	english	IMAGE	1	Read this photo r234	READ:IMAGE_READER	NO_CREATE;NO_EDIT;NO_WEB
235	read_image	spelling	IMAGE	0	image_235.jpg check karo r235	READ:IMAGE_READER	NO_CREATE;NO_EDIT;NO_WEB
236	read_image	short	IMAGE	1	iske andar kya hai batao r236	READ:IMAGE_READER	NO_CREATE;NO_EDIT;NO_WEB
237	read_image	long	IMAGE	0	please photo ko review karo r237	READ:IMAGE_READER	NO_CREATE;NO_EDIT;NO_WEB
238	read_image	reversed	IMAGE	1	ye photo dekh ke samjhao r238	READ:IMAGE_READER	NO_CREATE;NO_EDIT;NO_WEB
239	read_image	nopunct	IMAGE	0	photo ka content extract karo r239	READ:IMAGE_READER	NO_CREATE;NO_EDIT;NO_WEB
240	read_image	followup	IMAGE	1	open karke photo ka summary batao r240	READ:IMAGE_READER	NO_CREATE;NO_EDIT;NO_WEB
241	read_image	hinglish	IMAGE	0	photo padho r241	READ:IMAGE_READER	NO_CREATE;NO_EDIT;NO_WEB
242	read_image	english	IMAGE	1	Read this photo r242	READ:IMAGE_READER	NO_CREATE;NO_EDIT;NO_WEB
243	read_image	spelling	IMAGE	0	image_243.jpg check karo r243	READ:IMAGE_READER	NO_CREATE;NO_EDIT;NO_WEB
244	read_image	short	IMAGE	1	iske andar kya hai batao r244	READ:IMAGE_READER	NO_CREATE;NO_EDIT;NO_WEB
245	read_image	long	IMAGE	0	please photo ko review karo r245	READ:IMAGE_READER	NO_CREATE;NO_EDIT;NO_WEB
246	read_image	reversed	IMAGE	1	ye photo dekh ke samjhao r246	READ:IMAGE_READER	NO_CREATE;NO_EDIT;NO_WEB
247	read_image	nopunct	IMAGE	0	photo ka content extract karo r247	READ:IMAGE_READER	NO_CREATE;NO_EDIT;NO_WEB
248	read_image	followup	IMAGE	1	open karke photo ka summary batao r248	READ:IMAGE_READER	NO_CREATE;NO_EDIT;NO_WEB
249	read_image	hinglish	IMAGE	0	photo padho r249	READ:IMAGE_READER	NO_CREATE;NO_EDIT;NO_WEB
250	read_image	english	IMAGE	1	Read this photo r250	READ:IMAGE_READER	NO_CREATE;NO_EDIT;NO_WEB
251	read_image	spelling	IMAGE	0	image_251.jpg check karo r251	READ:IMAGE_READER	NO_CREATE;NO_EDIT;NO_WEB
252	read_image	short	IMAGE	1	iske andar kya hai batao r252	READ:IMAGE_READER	NO_CREATE;NO_EDIT;NO_WEB
253	read_image	long	IMAGE	0	please photo ko review karo r253	READ:IMAGE_READER	NO_CREATE;NO_EDIT;NO_WEB
254	read_image	reversed	IMAGE	1	ye photo dekh ke samjhao r254	READ:IMAGE_READER	NO_CREATE;NO_EDIT;NO_WEB
255	read_image	nopunct	IMAGE	0	photo ka content extract karo r255	READ:IMAGE_READER	NO_CREATE;NO_EDIT;NO_WEB
256	read_image	followup	IMAGE	1	open karke photo ka summary batao r256	READ:IMAGE_READER	NO_CREATE;NO_EDIT;NO_WEB
257	read_image	hinglish	IMAGE	0	photo padho r257	READ:IMAGE_READER	NO_CREATE;NO_EDIT;NO_WEB
258	read_image	english	IMAGE	1	Read this photo r258	READ:IMAGE_READER	NO_CREATE;NO_EDIT;NO_WEB
259	read_image	spelling	IMAGE	0	image_259.jpg check karo r259	READ:IMAGE_READER	NO_CREATE;NO_EDIT;NO_WEB
260	read_image	short	IMAGE	1	iske andar kya hai batao r260	READ:IMAGE_READER	NO_CREATE;NO_EDIT;NO_WEB
261	read_image	long	IMAGE	0	please photo ko review karo r261	READ:IMAGE_READER	NO_CREATE;NO_EDIT;NO_WEB
262	read_image	reversed	IMAGE	1	ye photo dekh ke samjhao r262	READ:IMAGE_READER	NO_CREATE;NO_EDIT;NO_WEB
263	read_image	nopunct	IMAGE	0	photo ka content extract karo r263	READ:IMAGE_READER	NO_CREATE;NO_EDIT;NO_WEB
264	read_image	followup	IMAGE	1	open karke photo ka summary batao r264	READ:IMAGE_READER	NO_CREATE;NO_EDIT;NO_WEB
265	read_image	hinglish	IMAGE	0	photo padho r265	READ:IMAGE_READER	NO_CREATE;NO_EDIT;NO_WEB
266	read_image	english	IMAGE	1	Read this photo r266	READ:IMAGE_READER	NO_CREATE;NO_EDIT;NO_WEB
267	read_image	spelling	IMAGE	0	image_267.jpg check karo r267	READ:IMAGE_READER	NO_CREATE;NO_EDIT;NO_WEB
268	read_image	short	IMAGE	1	iske andar kya hai batao r268	READ:IMAGE_READER	NO_CREATE;NO_EDIT;NO_WEB
269	read_image	long	IMAGE	0	please photo ko review karo r269	READ:IMAGE_READER	NO_CREATE;NO_EDIT;NO_WEB
270	read_image	reversed	IMAGE	1	ye photo dekh ke samjhao r270	READ:IMAGE_READER	NO_CREATE;NO_EDIT;NO_WEB
271	read_image	nopunct	IMAGE	0	photo ka content extract karo r271	READ:IMAGE_READER	NO_CREATE;NO_EDIT;NO_WEB
272	read_image	followup	IMAGE	1	open karke photo ka summary batao r272	READ:IMAGE_READER	NO_CREATE;NO_EDIT;NO_WEB
273	read_image	hinglish	IMAGE	0	photo padho r273	READ:IMAGE_READER	NO_CREATE;NO_EDIT;NO_WEB
274	read_image	english	IMAGE	1	Read this photo r274	READ:IMAGE_READER	NO_CREATE;NO_EDIT;NO_WEB
275	read_image	spelling	IMAGE	0	image_275.jpg check karo r275	READ:IMAGE_READER	NO_CREATE;NO_EDIT;NO_WEB
276	read_image	short	IMAGE	1	iske andar kya hai batao r276	READ:IMAGE_READER	NO_CREATE;NO_EDIT;NO_WEB
277	read_image	long	IMAGE	0	please photo ko review karo r277	READ:IMAGE_READER	NO_CREATE;NO_EDIT;NO_WEB
278	read_image	reversed	IMAGE	1	ye photo dekh ke samjhao r278	READ:IMAGE_READER	NO_CREATE;NO_EDIT;NO_WEB
279	read_image	nopunct	IMAGE	0	photo ka content extract karo r279	READ:IMAGE_READER	NO_CREATE;NO_EDIT;NO_WEB
280	read_image	followup	IMAGE	1	open karke photo ka summary batao r280	READ:IMAGE_READER	NO_CREATE;NO_EDIT;NO_WEB
281	read_image	hinglish	IMAGE	0	photo padho r281	READ:IMAGE_READER	NO_CREATE;NO_EDIT;NO_WEB
282	read_image	english	IMAGE	1	Read this photo r282	READ:IMAGE_READER	NO_CREATE;NO_EDIT;NO_WEB
283	read_image	spelling	IMAGE	0	image_283.jpg check karo r283	READ:IMAGE_READER	NO_CREATE;NO_EDIT;NO_WEB
284	read_image	short	IMAGE	1	iske andar kya hai batao r284	READ:IMAGE_READER	NO_CREATE;NO_EDIT;NO_WEB
285	read_image	long	IMAGE	0	please photo ko review karo r285	READ:IMAGE_READER	NO_CREATE;NO_EDIT;NO_WEB
286	read_image	reversed	IMAGE	1	ye photo dekh ke samjhao r286	READ:IMAGE_READER	NO_CREATE;NO_EDIT;NO_WEB
287	read_image	nopunct	IMAGE	0	photo ka content extract karo r287	READ:IMAGE_READER	NO_CREATE;NO_EDIT;NO_WEB
288	read_image	followup	IMAGE	1	open karke photo ka summary batao r288	READ:IMAGE_READER	NO_CREATE;NO_EDIT;NO_WEB
289	read_image	hinglish	IMAGE	0	photo padho r289	READ:IMAGE_READER	NO_CREATE;NO_EDIT;NO_WEB
290	read_image	english	IMAGE	1	Read this photo r290	READ:IMAGE_READER	NO_CREATE;NO_EDIT;NO_WEB
291	read_image	spelling	IMAGE	0	image_291.jpg check karo r291	READ:IMAGE_READER	NO_CREATE;NO_EDIT;NO_WEB
292	read_image	short	IMAGE	1	iske andar kya hai batao r292	READ:IMAGE_READER	NO_CREATE;NO_EDIT;NO_WEB
293	read_image	long	IMAGE	0	please photo ko review karo r293	READ:IMAGE_READER	NO_CREATE;NO_EDIT;NO_WEB
294	read_image	reversed	IMAGE	1	ye photo dekh ke samjhao r294	READ:IMAGE_READER	NO_CREATE;NO_EDIT;NO_WEB
295	read_image	nopunct	IMAGE	0	photo ka content extract karo r295	READ:IMAGE_READER	NO_CREATE;NO_EDIT;NO_WEB
296	read_image	followup	IMAGE	1	open karke photo ka summary batao r296	READ:IMAGE_READER	NO_CREATE;NO_EDIT;NO_WEB
297	read_image	hinglish	IMAGE	0	photo padho r297	READ:IMAGE_READER	NO_CREATE;NO_EDIT;NO_WEB
298	read_image	english	IMAGE	1	Read this photo r298	READ:IMAGE_READER	NO_CREATE;NO_EDIT;NO_WEB
299	read_image	spelling	IMAGE	0	image_299.jpg check karo r299	READ:IMAGE_READER	NO_CREATE;NO_EDIT;NO_WEB
300	read_image	short	IMAGE	1	iske andar kya hai batao r300	READ:IMAGE_READER	NO_CREATE;NO_EDIT;NO_WEB
301	read_image	long	IMAGE	0	please photo ko review karo r301	READ:IMAGE_READER	NO_CREATE;NO_EDIT;NO_WEB
302	read_image	reversed	IMAGE	1	ye photo dekh ke samjhao r302	READ:IMAGE_READER	NO_CREATE;NO_EDIT;NO_WEB
303	read_image	nopunct	IMAGE	0	photo ka content extract karo r303	READ:IMAGE_READER	NO_CREATE;NO_EDIT;NO_WEB
304	read_image	followup	IMAGE	1	open karke photo ka summary batao r304	READ:IMAGE_READER	NO_CREATE;NO_EDIT;NO_WEB
305	read_image	hinglish	IMAGE	0	photo padho r305	READ:IMAGE_READER	NO_CREATE;NO_EDIT;NO_WEB
306	read_image	english	IMAGE	1	Read this photo r306	READ:IMAGE_READER	NO_CREATE;NO_EDIT;NO_WEB
307	read_image	spelling	IMAGE	0	image_307.jpg check karo r307	READ:IMAGE_READER	NO_CREATE;NO_EDIT;NO_WEB
308	read_image	short	IMAGE	1	iske andar kya hai batao r308	READ:IMAGE_READER	NO_CREATE;NO_EDIT;NO_WEB
309	read_image	long	IMAGE	0	please photo ko review karo r309	READ:IMAGE_READER	NO_CREATE;NO_EDIT;NO_WEB
310	read_image	reversed	IMAGE	1	ye photo dekh ke samjhao r310	READ:IMAGE_READER	NO_CREATE;NO_EDIT;NO_WEB
311	read_image	nopunct	IMAGE	0	photo ka content extract karo r311	READ:IMAGE_READER	NO_CREATE;NO_EDIT;NO_WEB
312	read_image	followup	IMAGE	1	open karke photo ka summary batao r312	READ:IMAGE_READER	NO_CREATE;NO_EDIT;NO_WEB
313	read_image	hinglish	IMAGE	0	photo padho r313	READ:IMAGE_READER	NO_CREATE;NO_EDIT;NO_WEB
314	read_image	english	IMAGE	1	Read this photo r314	READ:IMAGE_READER	NO_CREATE;NO_EDIT;NO_WEB
315	read_image	spelling	IMAGE	0	image_315.jpg check karo r315	READ:IMAGE_READER	NO_CREATE;NO_EDIT;NO_WEB
316	read_image	short	IMAGE	1	iske andar kya hai batao r316	READ:IMAGE_READER	NO_CREATE;NO_EDIT;NO_WEB
317	read_image	long	IMAGE	0	please photo ko review karo r317	READ:IMAGE_READER	NO_CREATE;NO_EDIT;NO_WEB
318	read_image	reversed	IMAGE	1	ye photo dekh ke samjhao r318	READ:IMAGE_READER	NO_CREATE;NO_EDIT;NO_WEB
319	read_image	nopunct	IMAGE	0	photo ka content extract karo r319	READ:IMAGE_READER	NO_CREATE;NO_EDIT;NO_WEB
320	read_image	followup	IMAGE	1	open karke photo ka summary batao r320	READ:IMAGE_READER	NO_CREATE;NO_EDIT;NO_WEB
321	read_image	hinglish	IMAGE	0	photo padho r321	READ:IMAGE_READER	NO_CREATE;NO_EDIT;NO_WEB
322	read_image	english	IMAGE	1	Read this photo r322	READ:IMAGE_READER	NO_CREATE;NO_EDIT;NO_WEB
323	read_image	spelling	IMAGE	0	image_323.jpg check karo r323	READ:IMAGE_READER	NO_CREATE;NO_EDIT;NO_WEB
324	read_image	short	IMAGE	1	iske andar kya hai batao r324	READ:IMAGE_READER	NO_CREATE;NO_EDIT;NO_WEB
325	read_image	long	IMAGE	0	please photo ko review karo r325	READ:IMAGE_READER	NO_CREATE;NO_EDIT;NO_WEB
326	read_image	reversed	IMAGE	1	ye photo dekh ke samjhao r326	READ:IMAGE_READER	NO_CREATE;NO_EDIT;NO_WEB
327	read_image	nopunct	IMAGE	0	photo ka content extract karo r327	READ:IMAGE_READER	NO_CREATE;NO_EDIT;NO_WEB
328	read_image	followup	IMAGE	1	open karke photo ka summary batao r328	READ:IMAGE_READER	NO_CREATE;NO_EDIT;NO_WEB
329	read_image	hinglish	IMAGE	0	photo padho r329	READ:IMAGE_READER	NO_CREATE;NO_EDIT;NO_WEB
330	read_image	english	IMAGE	1	Read this photo r330	READ:IMAGE_READER	NO_CREATE;NO_EDIT;NO_WEB
331	read_image	spelling	IMAGE	0	image_331.jpg check karo r331	READ:IMAGE_READER	NO_CREATE;NO_EDIT;NO_WEB
332	read_image	short	IMAGE	1	iske andar kya hai batao r332	READ:IMAGE_READER	NO_CREATE;NO_EDIT;NO_WEB
333	read_image	long	IMAGE	0	please photo ko review karo r333	READ:IMAGE_READER	NO_CREATE;NO_EDIT;NO_WEB
334	read_image	reversed	IMAGE	1	ye photo dekh ke samjhao r334	READ:IMAGE_READER	NO_CREATE;NO_EDIT;NO_WEB
335	read_image	nopunct	IMAGE	0	photo ka content extract karo r335	READ:IMAGE_READER	NO_CREATE;NO_EDIT;NO_WEB
336	read_image	followup	IMAGE	1	open karke photo ka summary batao r336	READ:IMAGE_READER	NO_CREATE;NO_EDIT;NO_WEB
337	read_image	hinglish	IMAGE	0	photo padho r337	READ:IMAGE_READER	NO_CREATE;NO_EDIT;NO_WEB
338	read_image	english	IMAGE	1	Read this photo r338	READ:IMAGE_READER	NO_CREATE;NO_EDIT;NO_WEB
339	read_image	spelling	IMAGE	0	image_339.jpg check karo r339	READ:IMAGE_READER	NO_CREATE;NO_EDIT;NO_WEB
340	read_image	short	IMAGE	1	iske andar kya hai batao r340	READ:IMAGE_READER	NO_CREATE;NO_EDIT;NO_WEB
341	read_image	long	IMAGE	0	please photo ko review karo r341	READ:IMAGE_READER	NO_CREATE;NO_EDIT;NO_WEB
342	read_image	reversed	IMAGE	1	ye photo dekh ke samjhao r342	READ:IMAGE_READER	NO_CREATE;NO_EDIT;NO_WEB
343	read_image	nopunct	IMAGE	0	photo ka content extract karo r343	READ:IMAGE_READER	NO_CREATE;NO_EDIT;NO_WEB
344	read_image	followup	IMAGE	1	open karke photo ka summary batao r344	READ:IMAGE_READER	NO_CREATE;NO_EDIT;NO_WEB
345	read_image	hinglish	IMAGE	0	photo padho r345	READ:IMAGE_READER	NO_CREATE;NO_EDIT;NO_WEB
346	read_image	english	IMAGE	1	Read this photo r346	READ:IMAGE_READER	NO_CREATE;NO_EDIT;NO_WEB
347	read_image	spelling	IMAGE	0	image_347.jpg check karo r347	READ:IMAGE_READER	NO_CREATE;NO_EDIT;NO_WEB
348	read_image	short	IMAGE	1	iske andar kya hai batao r348	READ:IMAGE_READER	NO_CREATE;NO_EDIT;NO_WEB
349	read_image	long	IMAGE	0	please photo ko review karo r349	READ:IMAGE_READER	NO_CREATE;NO_EDIT;NO_WEB
350	read_image	reversed	IMAGE	1	ye photo dekh ke samjhao r350	READ:IMAGE_READER	NO_CREATE;NO_EDIT;NO_WEB
351	read_pdf	hinglish	PDF	0	pdf padho r351	READ:PDF_READER	NO_CREATE;NO_EDIT;NO_WEB
352	read_pdf	english	PDF	1	Read this pdf r352	READ:PDF_READER	NO_CREATE;NO_EDIT;NO_WEB
353	read_pdf	spelling	PDF	0	pdf_3.pdf check karo r353	READ:PDF_READER	NO_CREATE;NO_EDIT;NO_WEB
354	read_pdf	short	PDF	1	iske andar kya hai batao r354	READ:PDF_READER	NO_CREATE;NO_EDIT;NO_WEB
355	read_pdf	long	PDF	0	please pdf ko review karo r355	READ:PDF_READER	NO_CREATE;NO_EDIT;NO_WEB
356	read_pdf	reversed	PDF	1	ye pdf dekh ke samjhao r356	READ:PDF_READER	NO_CREATE;NO_EDIT;NO_WEB
357	read_pdf	nopunct	PDF	0	pdf ka content extract karo r357	READ:PDF_READER	NO_CREATE;NO_EDIT;NO_WEB
358	read_pdf	followup	PDF	1	open karke pdf ka summary batao r358	READ:PDF_READER	NO_CREATE;NO_EDIT;NO_WEB
359	read_pdf	hinglish	PDF	0	pdf padho r359	READ:PDF_READER	NO_CREATE;NO_EDIT;NO_WEB
360	read_pdf	english	PDF	1	Read this pdf r360	READ:PDF_READER	NO_CREATE;NO_EDIT;NO_WEB
361	read_pdf	spelling	PDF	0	pdf_11.pdf check karo r361	READ:PDF_READER	NO_CREATE;NO_EDIT;NO_WEB
362	read_pdf	short	PDF	1	iske andar kya hai batao r362	READ:PDF_READER	NO_CREATE;NO_EDIT;NO_WEB
363	read_pdf	long	PDF	0	please pdf ko review karo r363	READ:PDF_READER	NO_CREATE;NO_EDIT;NO_WEB
364	read_pdf	reversed	PDF	1	ye pdf dekh ke samjhao r364	READ:PDF_READER	NO_CREATE;NO_EDIT;NO_WEB
365	read_pdf	nopunct	PDF	0	pdf ka content extract karo r365	READ:PDF_READER	NO_CREATE;NO_EDIT;NO_WEB
366	read_pdf	followup	PDF	1	open karke pdf ka summary batao r366	READ:PDF_READER	NO_CREATE;NO_EDIT;NO_WEB
367	read_pdf	hinglish	PDF	0	pdf padho r367	READ:PDF_READER	NO_CREATE;NO_EDIT;NO_WEB
368	read_pdf	english	PDF	1	Read this pdf r368	READ:PDF_READER	NO_CREATE;NO_EDIT;NO_WEB
369	read_pdf	spelling	PDF	0	pdf_19.pdf check karo r369	READ:PDF_READER	NO_CREATE;NO_EDIT;NO_WEB
370	read_pdf	short	PDF	1	iske andar kya hai batao r370	READ:PDF_READER	NO_CREATE;NO_EDIT;NO_WEB
371	read_pdf	long	PDF	0	please pdf ko review karo r371	READ:PDF_READER	NO_CREATE;NO_EDIT;NO_WEB
372	read_pdf	reversed	PDF	1	ye pdf dekh ke samjhao r372	READ:PDF_READER	NO_CREATE;NO_EDIT;NO_WEB
373	read_pdf	nopunct	PDF	0	pdf ka content extract karo r373	READ:PDF_READER	NO_CREATE;NO_EDIT;NO_WEB
374	read_pdf	followup	PDF	1	open karke pdf ka summary batao r374	READ:PDF_READER	NO_CREATE;NO_EDIT;NO_WEB
375	read_pdf	hinglish	PDF	0	pdf padho r375	READ:PDF_READER	NO_CREATE;NO_EDIT;NO_WEB
376	read_pdf	english	PDF	1	Read this pdf r376	READ:PDF_READER	NO_CREATE;NO_EDIT;NO_WEB
377	read_pdf	spelling	PDF	0	pdf_27.pdf check karo r377	READ:PDF_READER	NO_CREATE;NO_EDIT;NO_WEB
378	read_pdf	short	PDF	1	iske andar kya hai batao r378	READ:PDF_READER	NO_CREATE;NO_EDIT;NO_WEB
379	read_pdf	long	PDF	0	please pdf ko review karo r379	READ:PDF_READER	NO_CREATE;NO_EDIT;NO_WEB
380	read_pdf	reversed	PDF	1	ye pdf dekh ke samjhao r380	READ:PDF_READER	NO_CREATE;NO_EDIT;NO_WEB
381	read_pdf	nopunct	PDF	0	pdf ka content extract karo r381	READ:PDF_READER	NO_CREATE;NO_EDIT;NO_WEB
382	read_pdf	followup	PDF	1	open karke pdf ka summary batao r382	READ:PDF_READER	NO_CREATE;NO_EDIT;NO_WEB
383	read_pdf	hinglish	PDF	0	pdf padho r383	READ:PDF_READER	NO_CREATE;NO_EDIT;NO_WEB
384	read_pdf	english	PDF	1	Read this pdf r384	READ:PDF_READER	NO_CREATE;NO_EDIT;NO_WEB
385	read_pdf	spelling	PDF	0	pdf_35.pdf check karo r385	READ:PDF_READER	NO_CREATE;NO_EDIT;NO_WEB
386	read_pdf	short	PDF	1	iske andar kya hai batao r386	READ:PDF_READER	NO_CREATE;NO_EDIT;NO_WEB
387	read_pdf	long	PDF	0	please pdf ko review karo r387	READ:PDF_READER	NO_CREATE;NO_EDIT;NO_WEB
388	read_pdf	reversed	PDF	1	ye pdf dekh ke samjhao r388	READ:PDF_READER	NO_CREATE;NO_EDIT;NO_WEB
389	read_pdf	nopunct	PDF	0	pdf ka content extract karo r389	READ:PDF_READER	NO_CREATE;NO_EDIT;NO_WEB
390	read_pdf	followup	PDF	1	open karke pdf ka summary batao r390	READ:PDF_READER	NO_CREATE;NO_EDIT;NO_WEB
391	read_pdf	hinglish	PDF	0	pdf padho r391	READ:PDF_READER	NO_CREATE;NO_EDIT;NO_WEB
392	read_pdf	english	PDF	1	Read this pdf r392	READ:PDF_READER	NO_CREATE;NO_EDIT;NO_WEB
393	read_pdf	spelling	PDF	0	pdf_43.pdf check karo r393	READ:PDF_READER	NO_CREATE;NO_EDIT;NO_WEB
394	read_pdf	short	PDF	1	iske andar kya hai batao r394	READ:PDF_READER	NO_CREATE;NO_EDIT;NO_WEB
395	read_pdf	long	PDF	0	please pdf ko review karo r395	READ:PDF_READER	NO_CREATE;NO_EDIT;NO_WEB
396	read_pdf	reversed	PDF	1	ye pdf dekh ke samjhao r396	READ:PDF_READER	NO_CREATE;NO_EDIT;NO_WEB
397	read_pdf	nopunct	PDF	0	pdf ka content extract karo r397	READ:PDF_READER	NO_CREATE;NO_EDIT;NO_WEB
398	read_pdf	followup	PDF	1	open karke pdf ka summary batao r398	READ:PDF_READER	NO_CREATE;NO_EDIT;NO_WEB
399	read_pdf	hinglish	PDF	0	pdf padho r399	READ:PDF_READER	NO_CREATE;NO_EDIT;NO_WEB
400	read_pdf	english	PDF	1	Read this pdf r400	READ:PDF_READER	NO_CREATE;NO_EDIT;NO_WEB
401	read_pdf	spelling	PDF	0	pdf_51.pdf check karo r401	READ:PDF_READER	NO_CREATE;NO_EDIT;NO_WEB
402	read_pdf	short	PDF	1	iske andar kya hai batao r402	READ:PDF_READER	NO_CREATE;NO_EDIT;NO_WEB
403	read_pdf	long	PDF	0	please pdf ko review karo r403	READ:PDF_READER	NO_CREATE;NO_EDIT;NO_WEB
404	read_pdf	reversed	PDF	1	ye pdf dekh ke samjhao r404	READ:PDF_READER	NO_CREATE;NO_EDIT;NO_WEB
405	read_pdf	nopunct	PDF	0	pdf ka content extract karo r405	READ:PDF_READER	NO_CREATE;NO_EDIT;NO_WEB
406	read_pdf	followup	PDF	1	open karke pdf ka summary batao r406	READ:PDF_READER	NO_CREATE;NO_EDIT;NO_WEB
407	read_pdf	hinglish	PDF	0	pdf padho r407	READ:PDF_READER	NO_CREATE;NO_EDIT;NO_WEB
408	read_pdf	english	PDF	1	Read this pdf r408	READ:PDF_READER	NO_CREATE;NO_EDIT;NO_WEB
409	read_pdf	spelling	PDF	0	pdf_59.pdf check karo r409	READ:PDF_READER	NO_CREATE;NO_EDIT;NO_WEB
410	read_pdf	short	PDF	1	iske andar kya hai batao r410	READ:PDF_READER	NO_CREATE;NO_EDIT;NO_WEB
411	read_pdf	long	PDF	0	please pdf ko review karo r411	READ:PDF_READER	NO_CREATE;NO_EDIT;NO_WEB
412	read_pdf	reversed	PDF	1	ye pdf dekh ke samjhao r412	READ:PDF_READER	NO_CREATE;NO_EDIT;NO_WEB
413	read_pdf	nopunct	PDF	0	pdf ka content extract karo r413	READ:PDF_READER	NO_CREATE;NO_EDIT;NO_WEB
414	read_pdf	followup	PDF	1	open karke pdf ka summary batao r414	READ:PDF_READER	NO_CREATE;NO_EDIT;NO_WEB
415	read_pdf	hinglish	PDF	0	pdf padho r415	READ:PDF_READER	NO_CREATE;NO_EDIT;NO_WEB
416	read_pdf	english	PDF	1	Read this pdf r416	READ:PDF_READER	NO_CREATE;NO_EDIT;NO_WEB
417	read_pdf	spelling	PDF	0	pdf_67.pdf check karo r417	READ:PDF_READER	NO_CREATE;NO_EDIT;NO_WEB
418	read_pdf	short	PDF	1	iske andar kya hai batao r418	READ:PDF_READER	NO_CREATE;NO_EDIT;NO_WEB
419	read_pdf	long	PDF	0	please pdf ko review karo r419	READ:PDF_READER	NO_CREATE;NO_EDIT;NO_WEB
420	read_pdf	reversed	PDF	1	ye pdf dekh ke samjhao r420	READ:PDF_READER	NO_CREATE;NO_EDIT;NO_WEB
421	read_pdf	nopunct	PDF	0	pdf ka content extract karo r421	READ:PDF_READER	NO_CREATE;NO_EDIT;NO_WEB
422	read_pdf	followup	PDF	1	open karke pdf ka summary batao r422	READ:PDF_READER	NO_CREATE;NO_EDIT;NO_WEB
423	read_pdf	hinglish	PDF	0	pdf padho r423	READ:PDF_READER	NO_CREATE;NO_EDIT;NO_WEB
424	read_pdf	english	PDF	1	Read this pdf r424	READ:PDF_READER	NO_CREATE;NO_EDIT;NO_WEB
425	read_pdf	spelling	PDF	0	pdf_75.pdf check karo r425	READ:PDF_READER	NO_CREATE;NO_EDIT;NO_WEB
426	read_pdf	short	PDF	1	iske andar kya hai batao r426	READ:PDF_READER	NO_CREATE;NO_EDIT;NO_WEB
427	read_pdf	long	PDF	0	please pdf ko review karo r427	READ:PDF_READER	NO_CREATE;NO_EDIT;NO_WEB
428	read_pdf	reversed	PDF	1	ye pdf dekh ke samjhao r428	READ:PDF_READER	NO_CREATE;NO_EDIT;NO_WEB
429	read_pdf	nopunct	PDF	0	pdf ka content extract karo r429	READ:PDF_READER	NO_CREATE;NO_EDIT;NO_WEB
430	read_pdf	followup	PDF	1	open karke pdf ka summary batao r430	READ:PDF_READER	NO_CREATE;NO_EDIT;NO_WEB
431	read_pdf	hinglish	PDF	0	pdf padho r431	READ:PDF_READER	NO_CREATE;NO_EDIT;NO_WEB
432	read_pdf	english	PDF	1	Read this pdf r432	READ:PDF_READER	NO_CREATE;NO_EDIT;NO_WEB
433	read_pdf	spelling	PDF	0	pdf_83.pdf check karo r433	READ:PDF_READER	NO_CREATE;NO_EDIT;NO_WEB
434	read_pdf	short	PDF	1	iske andar kya hai batao r434	READ:PDF_READER	NO_CREATE;NO_EDIT;NO_WEB
435	read_pdf	long	PDF	0	please pdf ko review karo r435	READ:PDF_READER	NO_CREATE;NO_EDIT;NO_WEB
436	read_pdf	reversed	PDF	1	ye pdf dekh ke samjhao r436	READ:PDF_READER	NO_CREATE;NO_EDIT;NO_WEB
437	read_pdf	nopunct	PDF	0	pdf ka content extract karo r437	READ:PDF_READER	NO_CREATE;NO_EDIT;NO_WEB
438	read_pdf	followup	PDF	1	open karke pdf ka summary batao r438	READ:PDF_READER	NO_CREATE;NO_EDIT;NO_WEB
439	read_pdf	hinglish	PDF	0	pdf padho r439	READ:PDF_READER	NO_CREATE;NO_EDIT;NO_WEB
440	read_pdf	english	PDF	1	Read this pdf r440	READ:PDF_READER	NO_CREATE;NO_EDIT;NO_WEB
441	read_pdf	spelling	PDF	0	pdf_91.pdf check karo r441	READ:PDF_READER	NO_CREATE;NO_EDIT;NO_WEB
442	read_pdf	short	PDF	1	iske andar kya hai batao r442	READ:PDF_READER	NO_CREATE;NO_EDIT;NO_WEB
443	read_pdf	long	PDF	0	please pdf ko review karo r443	READ:PDF_READER	NO_CREATE;NO_EDIT;NO_WEB
444	read_pdf	reversed	PDF	1	ye pdf dekh ke samjhao r444	READ:PDF_READER	NO_CREATE;NO_EDIT;NO_WEB
445	read_pdf	nopunct	PDF	0	pdf ka content extract karo r445	READ:PDF_READER	NO_CREATE;NO_EDIT;NO_WEB
446	read_pdf	followup	PDF	1	open karke pdf ka summary batao r446	READ:PDF_READER	NO_CREATE;NO_EDIT;NO_WEB
447	read_pdf	hinglish	PDF	0	pdf padho r447	READ:PDF_READER	NO_CREATE;NO_EDIT;NO_WEB
448	read_pdf	english	PDF	1	Read this pdf r448	READ:PDF_READER	NO_CREATE;NO_EDIT;NO_WEB
449	read_pdf	spelling	PDF	0	pdf_99.pdf check karo r449	READ:PDF_READER	NO_CREATE;NO_EDIT;NO_WEB
450	read_pdf	short	PDF	1	iske andar kya hai batao r450	READ:PDF_READER	NO_CREATE;NO_EDIT;NO_WEB
451	read_pdf	long	PDF	0	please pdf ko review karo r451	READ:PDF_READER	NO_CREATE;NO_EDIT;NO_WEB
452	read_pdf	reversed	PDF	1	ye pdf dekh ke samjhao r452	READ:PDF_READER	NO_CREATE;NO_EDIT;NO_WEB
453	read_pdf	nopunct	PDF	0	pdf ka content extract karo r453	READ:PDF_READER	NO_CREATE;NO_EDIT;NO_WEB
454	read_pdf	followup	PDF	1	open karke pdf ka summary batao r454	READ:PDF_READER	NO_CREATE;NO_EDIT;NO_WEB
455	read_pdf	hinglish	PDF	0	pdf padho r455	READ:PDF_READER	NO_CREATE;NO_EDIT;NO_WEB
456	read_pdf	english	PDF	1	Read this pdf r456	READ:PDF_READER	NO_CREATE;NO_EDIT;NO_WEB
457	read_pdf	spelling	PDF	0	pdf_107.pdf check karo r457	READ:PDF_READER	NO_CREATE;NO_EDIT;NO_WEB
458	read_pdf	short	PDF	1	iske andar kya hai batao r458	READ:PDF_READER	NO_CREATE;NO_EDIT;NO_WEB
459	read_pdf	long	PDF	0	please pdf ko review karo r459	READ:PDF_READER	NO_CREATE;NO_EDIT;NO_WEB
460	read_pdf	reversed	PDF	1	ye pdf dekh ke samjhao r460	READ:PDF_READER	NO_CREATE;NO_EDIT;NO_WEB
461	read_pdf	nopunct	PDF	0	pdf ka content extract karo r461	READ:PDF_READER	NO_CREATE;NO_EDIT;NO_WEB
462	read_pdf	followup	PDF	1	open karke pdf ka summary batao r462	READ:PDF_READER	NO_CREATE;NO_EDIT;NO_WEB
463	read_pdf	hinglish	PDF	0	pdf padho r463	READ:PDF_READER	NO_CREATE;NO_EDIT;NO_WEB
464	read_pdf	english	PDF	1	Read this pdf r464	READ:PDF_READER	NO_CREATE;NO_EDIT;NO_WEB
465	read_pdf	spelling	PDF	0	pdf_115.pdf check karo r465	READ:PDF_READER	NO_CREATE;NO_EDIT;NO_WEB
466	read_pdf	short	PDF	1	iske andar kya hai batao r466	READ:PDF_READER	NO_CREATE;NO_EDIT;NO_WEB
467	read_pdf	long	PDF	0	please pdf ko review karo r467	READ:PDF_READER	NO_CREATE;NO_EDIT;NO_WEB
468	read_pdf	reversed	PDF	1	ye pdf dekh ke samjhao r468	READ:PDF_READER	NO_CREATE;NO_EDIT;NO_WEB
469	read_pdf	nopunct	PDF	0	pdf ka content extract karo r469	READ:PDF_READER	NO_CREATE;NO_EDIT;NO_WEB
470	read_pdf	followup	PDF	1	open karke pdf ka summary batao r470	READ:PDF_READER	NO_CREATE;NO_EDIT;NO_WEB
471	read_pdf	hinglish	PDF	0	pdf padho r471	READ:PDF_READER	NO_CREATE;NO_EDIT;NO_WEB
472	read_pdf	english	PDF	1	Read this pdf r472	READ:PDF_READER	NO_CREATE;NO_EDIT;NO_WEB
473	read_pdf	spelling	PDF	0	pdf_123.pdf check karo r473	READ:PDF_READER	NO_CREATE;NO_EDIT;NO_WEB
474	read_pdf	short	PDF	1	iske andar kya hai batao r474	READ:PDF_READER	NO_CREATE;NO_EDIT;NO_WEB
475	read_pdf	long	PDF	0	please pdf ko review karo r475	READ:PDF_READER	NO_CREATE;NO_EDIT;NO_WEB
476	read_pdf	reversed	PDF	1	ye pdf dekh ke samjhao r476	READ:PDF_READER	NO_CREATE;NO_EDIT;NO_WEB
477	read_pdf	nopunct	PDF	0	pdf ka content extract karo r477	READ:PDF_READER	NO_CREATE;NO_EDIT;NO_WEB
478	read_pdf	followup	PDF	1	open karke pdf ka summary batao r478	READ:PDF_READER	NO_CREATE;NO_EDIT;NO_WEB
479	read_pdf	hinglish	PDF	0	pdf padho r479	READ:PDF_READER	NO_CREATE;NO_EDIT;NO_WEB
480	read_pdf	english	PDF	1	Read this pdf r480	READ:PDF_READER	NO_CREATE;NO_EDIT;NO_WEB
481	read_pdf	spelling	PDF	0	pdf_131.pdf check karo r481	READ:PDF_READER	NO_CREATE;NO_EDIT;NO_WEB
482	read_pdf	short	PDF	1	iske andar kya hai batao r482	READ:PDF_READER	NO_CREATE;NO_EDIT;NO_WEB
483	read_pdf	long	PDF	0	please pdf ko review karo r483	READ:PDF_READER	NO_CREATE;NO_EDIT;NO_WEB
484	read_pdf	reversed	PDF	1	ye pdf dekh ke samjhao r484	READ:PDF_READER	NO_CREATE;NO_EDIT;NO_WEB
485	read_pdf	nopunct	PDF	0	pdf ka content extract karo r485	READ:PDF_READER	NO_CREATE;NO_EDIT;NO_WEB
486	read_pdf	followup	PDF	1	open karke pdf ka summary batao r486	READ:PDF_READER	NO_CREATE;NO_EDIT;NO_WEB
487	read_pdf	hinglish	PDF	0	pdf padho r487	READ:PDF_READER	NO_CREATE;NO_EDIT;NO_WEB
488	read_pdf	english	PDF	1	Read this pdf r488	READ:PDF_READER	NO_CREATE;NO_EDIT;NO_WEB
489	read_pdf	spelling	PDF	0	pdf_139.pdf check karo r489	READ:PDF_READER	NO_CREATE;NO_EDIT;NO_WEB
490	read_pdf	short	PDF	1	iske andar kya hai batao r490	READ:PDF_READER	NO_CREATE;NO_EDIT;NO_WEB
491	read_pdf	long	PDF	0	please pdf ko review karo r491	READ:PDF_READER	NO_CREATE;NO_EDIT;NO_WEB
492	read_pdf	reversed	PDF	1	ye pdf dekh ke samjhao r492	READ:PDF_READER	NO_CREATE;NO_EDIT;NO_WEB
493	read_pdf	nopunct	PDF	0	pdf ka content extract karo r493	READ:PDF_READER	NO_CREATE;NO_EDIT;NO_WEB
494	read_pdf	followup	PDF	1	open karke pdf ka summary batao r494	READ:PDF_READER	NO_CREATE;NO_EDIT;NO_WEB
495	read_pdf	hinglish	PDF	0	pdf padho r495	READ:PDF_READER	NO_CREATE;NO_EDIT;NO_WEB
496	read_pdf	english	PDF	1	Read this pdf r496	READ:PDF_READER	NO_CREATE;NO_EDIT;NO_WEB
497	read_pdf	spelling	PDF	0	pdf_147.pdf check karo r497	READ:PDF_READER	NO_CREATE;NO_EDIT;NO_WEB
498	read_pdf	short	PDF	1	iske andar kya hai batao r498	READ:PDF_READER	NO_CREATE;NO_EDIT;NO_WEB
499	read_pdf	long	PDF	0	please pdf ko review karo r499	READ:PDF_READER	NO_CREATE;NO_EDIT;NO_WEB
500	read_pdf	reversed	PDF	1	ye pdf dekh ke samjhao r500	READ:PDF_READER	NO_CREATE;NO_EDIT;NO_WEB
501	read_pdf	nopunct	PDF	0	pdf ka content extract karo r501	READ:PDF_READER	NO_CREATE;NO_EDIT;NO_WEB
502	read_pdf	followup	PDF	1	open karke pdf ka summary batao r502	READ:PDF_READER	NO_CREATE;NO_EDIT;NO_WEB
503	read_pdf	hinglish	PDF	0	pdf padho r503	READ:PDF_READER	NO_CREATE;NO_EDIT;NO_WEB
504	read_pdf	english	PDF	1	Read this pdf r504	READ:PDF_READER	NO_CREATE;NO_EDIT;NO_WEB
505	read_pdf	spelling	PDF	0	pdf_155.pdf check karo r505	READ:PDF_READER	NO_CREATE;NO_EDIT;NO_WEB
506	read_pdf	short	PDF	1	iske andar kya hai batao r506	READ:PDF_READER	NO_CREATE;NO_EDIT;NO_WEB
507	read_pdf	long	PDF	0	please pdf ko review karo r507	READ:PDF_READER	NO_CREATE;NO_EDIT;NO_WEB
508	read_pdf	reversed	PDF	1	ye pdf dekh ke samjhao r508	READ:PDF_READER	NO_CREATE;NO_EDIT;NO_WEB
509	read_pdf	nopunct	PDF	0	pdf ka content extract karo r509	READ:PDF_READER	NO_CREATE;NO_EDIT;NO_WEB
510	read_pdf	followup	PDF	1	open karke pdf ka summary batao r510	READ:PDF_READER	NO_CREATE;NO_EDIT;NO_WEB
511	read_pdf	hinglish	PDF	0	pdf padho r511	READ:PDF_READER	NO_CREATE;NO_EDIT;NO_WEB
512	read_pdf	english	PDF	1	Read this pdf r512	READ:PDF_READER	NO_CREATE;NO_EDIT;NO_WEB
513	read_pdf	spelling	PDF	0	pdf_163.pdf check karo r513	READ:PDF_READER	NO_CREATE;NO_EDIT;NO_WEB
514	read_pdf	short	PDF	1	iske andar kya hai batao r514	READ:PDF_READER	NO_CREATE;NO_EDIT;NO_WEB
515	read_pdf	long	PDF	0	please pdf ko review karo r515	READ:PDF_READER	NO_CREATE;NO_EDIT;NO_WEB
516	read_pdf	reversed	PDF	1	ye pdf dekh ke samjhao r516	READ:PDF_READER	NO_CREATE;NO_EDIT;NO_WEB
517	read_pdf	nopunct	PDF	0	pdf ka content extract karo r517	READ:PDF_READER	NO_CREATE;NO_EDIT;NO_WEB
518	read_pdf	followup	PDF	1	open karke pdf ka summary batao r518	READ:PDF_READER	NO_CREATE;NO_EDIT;NO_WEB
519	read_pdf	hinglish	PDF	0	pdf padho r519	READ:PDF_READER	NO_CREATE;NO_EDIT;NO_WEB
520	read_pdf	english	PDF	1	Read this pdf r520	READ:PDF_READER	NO_CREATE;NO_EDIT;NO_WEB
521	read_pdf	spelling	PDF	0	pdf_171.pdf check karo r521	READ:PDF_READER	NO_CREATE;NO_EDIT;NO_WEB
522	read_pdf	short	PDF	1	iske andar kya hai batao r522	READ:PDF_READER	NO_CREATE;NO_EDIT;NO_WEB
523	read_pdf	long	PDF	0	please pdf ko review karo r523	READ:PDF_READER	NO_CREATE;NO_EDIT;NO_WEB
524	read_pdf	reversed	PDF	1	ye pdf dekh ke samjhao r524	READ:PDF_READER	NO_CREATE;NO_EDIT;NO_WEB
525	read_pdf	nopunct	PDF	0	pdf ka content extract karo r525	READ:PDF_READER	NO_CREATE;NO_EDIT;NO_WEB
526	read_pdf	followup	PDF	1	open karke pdf ka summary batao r526	READ:PDF_READER	NO_CREATE;NO_EDIT;NO_WEB
527	read_pdf	hinglish	PDF	0	pdf padho r527	READ:PDF_READER	NO_CREATE;NO_EDIT;NO_WEB
528	read_pdf	english	PDF	1	Read this pdf r528	READ:PDF_READER	NO_CREATE;NO_EDIT;NO_WEB
529	read_pdf	spelling	PDF	0	pdf_179.pdf check karo r529	READ:PDF_READER	NO_CREATE;NO_EDIT;NO_WEB
530	read_pdf	short	PDF	1	iske andar kya hai batao r530	READ:PDF_READER	NO_CREATE;NO_EDIT;NO_WEB
531	read_pdf	long	PDF	0	please pdf ko review karo r531	READ:PDF_READER	NO_CREATE;NO_EDIT;NO_WEB
532	read_pdf	reversed	PDF	1	ye pdf dekh ke samjhao r532	READ:PDF_READER	NO_CREATE;NO_EDIT;NO_WEB
533	read_pdf	nopunct	PDF	0	pdf ka content extract karo r533	READ:PDF_READER	NO_CREATE;NO_EDIT;NO_WEB
534	read_pdf	followup	PDF	1	open karke pdf ka summary batao r534	READ:PDF_READER	NO_CREATE;NO_EDIT;NO_WEB
535	read_pdf	hinglish	PDF	0	pdf padho r535	READ:PDF_READER	NO_CREATE;NO_EDIT;NO_WEB
536	read_pdf	english	PDF	1	Read this pdf r536	READ:PDF_READER	NO_CREATE;NO_EDIT;NO_WEB
537	read_pdf	spelling	PDF	0	pdf_187.pdf check karo r537	READ:PDF_READER	NO_CREATE;NO_EDIT;NO_WEB
538	read_pdf	short	PDF	1	iske andar kya hai batao r538	READ:PDF_READER	NO_CREATE;NO_EDIT;NO_WEB
539	read_pdf	long	PDF	0	please pdf ko review karo r539	READ:PDF_READER	NO_CREATE;NO_EDIT;NO_WEB
540	read_pdf	reversed	PDF	1	ye pdf dekh ke samjhao r540	READ:PDF_READER	NO_CREATE;NO_EDIT;NO_WEB
541	read_pdf	nopunct	PDF	0	pdf ka content extract karo r541	READ:PDF_READER	NO_CREATE;NO_EDIT;NO_WEB
542	read_pdf	followup	PDF	1	open karke pdf ka summary batao r542	READ:PDF_READER	NO_CREATE;NO_EDIT;NO_WEB
543	read_pdf	hinglish	PDF	0	pdf padho r543	READ:PDF_READER	NO_CREATE;NO_EDIT;NO_WEB
544	read_pdf	english	PDF	1	Read this pdf r544	READ:PDF_READER	NO_CREATE;NO_EDIT;NO_WEB
545	read_pdf	spelling	PDF	0	pdf_195.pdf check karo r545	READ:PDF_READER	NO_CREATE;NO_EDIT;NO_WEB
546	read_pdf	short	PDF	1	iske andar kya hai batao r546	READ:PDF_READER	NO_CREATE;NO_EDIT;NO_WEB
547	read_pdf	long	PDF	0	please pdf ko review karo r547	READ:PDF_READER	NO_CREATE;NO_EDIT;NO_WEB
548	read_pdf	reversed	PDF	1	ye pdf dekh ke samjhao r548	READ:PDF_READER	NO_CREATE;NO_EDIT;NO_WEB
549	read_pdf	nopunct	PDF	0	pdf ka content extract karo r549	READ:PDF_READER	NO_CREATE;NO_EDIT;NO_WEB
550	read_pdf	followup	PDF	1	open karke pdf ka summary batao r550	READ:PDF_READER	NO_CREATE;NO_EDIT;NO_WEB
551	read_pdf	hinglish	PDF	0	pdf padho r551	READ:PDF_READER	NO_CREATE;NO_EDIT;NO_WEB
552	read_pdf	english	PDF	1	Read this pdf r552	READ:PDF_READER	NO_CREATE;NO_EDIT;NO_WEB
553	read_pdf	spelling	PDF	0	pdf_203.pdf check karo r553	READ:PDF_READER	NO_CREATE;NO_EDIT;NO_WEB
554	read_pdf	short	PDF	1	iske andar kya hai batao r554	READ:PDF_READER	NO_CREATE;NO_EDIT;NO_WEB
555	read_pdf	long	PDF	0	please pdf ko review karo r555	READ:PDF_READER	NO_CREATE;NO_EDIT;NO_WEB
556	read_pdf	reversed	PDF	1	ye pdf dekh ke samjhao r556	READ:PDF_READER	NO_CREATE;NO_EDIT;NO_WEB
557	read_pdf	nopunct	PDF	0	pdf ka content extract karo r557	READ:PDF_READER	NO_CREATE;NO_EDIT;NO_WEB
558	read_pdf	followup	PDF	1	open karke pdf ka summary batao r558	READ:PDF_READER	NO_CREATE;NO_EDIT;NO_WEB
559	read_pdf	hinglish	PDF	0	pdf padho r559	READ:PDF_READER	NO_CREATE;NO_EDIT;NO_WEB
560	read_pdf	english	PDF	1	Read this pdf r560	READ:PDF_READER	NO_CREATE;NO_EDIT;NO_WEB
561	read_pdf	spelling	PDF	0	pdf_211.pdf check karo r561	READ:PDF_READER	NO_CREATE;NO_EDIT;NO_WEB
562	read_pdf	short	PDF	1	iske andar kya hai batao r562	READ:PDF_READER	NO_CREATE;NO_EDIT;NO_WEB
563	read_pdf	long	PDF	0	please pdf ko review karo r563	READ:PDF_READER	NO_CREATE;NO_EDIT;NO_WEB
564	read_pdf	reversed	PDF	1	ye pdf dekh ke samjhao r564	READ:PDF_READER	NO_CREATE;NO_EDIT;NO_WEB
565	read_pdf	nopunct	PDF	0	pdf ka content extract karo r565	READ:PDF_READER	NO_CREATE;NO_EDIT;NO_WEB
566	read_pdf	followup	PDF	1	open karke pdf ka summary batao r566	READ:PDF_READER	NO_CREATE;NO_EDIT;NO_WEB
567	read_pdf	hinglish	PDF	0	pdf padho r567	READ:PDF_READER	NO_CREATE;NO_EDIT;NO_WEB
568	read_pdf	english	PDF	1	Read this pdf r568	READ:PDF_READER	NO_CREATE;NO_EDIT;NO_WEB
569	read_pdf	spelling	PDF	0	pdf_219.pdf check karo r569	READ:PDF_READER	NO_CREATE;NO_EDIT;NO_WEB
570	read_pdf	short	PDF	1	iske andar kya hai batao r570	READ:PDF_READER	NO_CREATE;NO_EDIT;NO_WEB
571	read_pdf	long	PDF	0	please pdf ko review karo r571	READ:PDF_READER	NO_CREATE;NO_EDIT;NO_WEB
572	read_pdf	reversed	PDF	1	ye pdf dekh ke samjhao r572	READ:PDF_READER	NO_CREATE;NO_EDIT;NO_WEB
573	read_pdf	nopunct	PDF	0	pdf ka content extract karo r573	READ:PDF_READER	NO_CREATE;NO_EDIT;NO_WEB
574	read_pdf	followup	PDF	1	open karke pdf ka summary batao r574	READ:PDF_READER	NO_CREATE;NO_EDIT;NO_WEB
575	read_pdf	hinglish	PDF	0	pdf padho r575	READ:PDF_READER	NO_CREATE;NO_EDIT;NO_WEB
576	read_pdf	english	PDF	1	Read this pdf r576	READ:PDF_READER	NO_CREATE;NO_EDIT;NO_WEB
577	read_pdf	spelling	PDF	0	pdf_227.pdf check karo r577	READ:PDF_READER	NO_CREATE;NO_EDIT;NO_WEB
578	read_pdf	short	PDF	1	iske andar kya hai batao r578	READ:PDF_READER	NO_CREATE;NO_EDIT;NO_WEB
579	read_pdf	long	PDF	0	please pdf ko review karo r579	READ:PDF_READER	NO_CREATE;NO_EDIT;NO_WEB
580	read_pdf	reversed	PDF	1	ye pdf dekh ke samjhao r580	READ:PDF_READER	NO_CREATE;NO_EDIT;NO_WEB
581	read_pdf	nopunct	PDF	0	pdf ka content extract karo r581	READ:PDF_READER	NO_CREATE;NO_EDIT;NO_WEB
582	read_pdf	followup	PDF	1	open karke pdf ka summary batao r582	READ:PDF_READER	NO_CREATE;NO_EDIT;NO_WEB
583	read_pdf	hinglish	PDF	0	pdf padho r583	READ:PDF_READER	NO_CREATE;NO_EDIT;NO_WEB
584	read_pdf	english	PDF	1	Read this pdf r584	READ:PDF_READER	NO_CREATE;NO_EDIT;NO_WEB
585	read_pdf	spelling	PDF	0	pdf_235.pdf check karo r585	READ:PDF_READER	NO_CREATE;NO_EDIT;NO_WEB
586	read_pdf	short	PDF	1	iske andar kya hai batao r586	READ:PDF_READER	NO_CREATE;NO_EDIT;NO_WEB
587	read_pdf	long	PDF	0	please pdf ko review karo r587	READ:PDF_READER	NO_CREATE;NO_EDIT;NO_WEB
588	read_pdf	reversed	PDF	1	ye pdf dekh ke samjhao r588	READ:PDF_READER	NO_CREATE;NO_EDIT;NO_WEB
589	read_pdf	nopunct	PDF	0	pdf ka content extract karo r589	READ:PDF_READER	NO_CREATE;NO_EDIT;NO_WEB
590	read_pdf	followup	PDF	1	open karke pdf ka summary batao r590	READ:PDF_READER	NO_CREATE;NO_EDIT;NO_WEB
591	read_pdf	hinglish	PDF	0	pdf padho r591	READ:PDF_READER	NO_CREATE;NO_EDIT;NO_WEB
592	read_pdf	english	PDF	1	Read this pdf r592	READ:PDF_READER	NO_CREATE;NO_EDIT;NO_WEB
593	read_pdf	spelling	PDF	0	pdf_243.pdf check karo r593	READ:PDF_READER	NO_CREATE;NO_EDIT;NO_WEB
594	read_pdf	short	PDF	1	iske andar kya hai batao r594	READ:PDF_READER	NO_CREATE;NO_EDIT;NO_WEB
595	read_pdf	long	PDF	0	please pdf ko review karo r595	READ:PDF_READER	NO_CREATE;NO_EDIT;NO_WEB
596	read_pdf	reversed	PDF	1	ye pdf dekh ke samjhao r596	READ:PDF_READER	NO_CREATE;NO_EDIT;NO_WEB
597	read_pdf	nopunct	PDF	0	pdf ka content extract karo r597	READ:PDF_READER	NO_CREATE;NO_EDIT;NO_WEB
598	read_pdf	followup	PDF	1	open karke pdf ka summary batao r598	READ:PDF_READER	NO_CREATE;NO_EDIT;NO_WEB
599	read_pdf	hinglish	PDF	0	pdf padho r599	READ:PDF_READER	NO_CREATE;NO_EDIT;NO_WEB
600	read_pdf	english	PDF	1	Read this pdf r600	READ:PDF_READER	NO_CREATE;NO_EDIT;NO_WEB
601	read_pdf	spelling	PDF	0	pdf_251.pdf check karo r601	READ:PDF_READER	NO_CREATE;NO_EDIT;NO_WEB
602	read_pdf	short	PDF	1	iske andar kya hai batao r602	READ:PDF_READER	NO_CREATE;NO_EDIT;NO_WEB
603	read_pdf	long	PDF	0	please pdf ko review karo r603	READ:PDF_READER	NO_CREATE;NO_EDIT;NO_WEB
604	read_pdf	reversed	PDF	1	ye pdf dekh ke samjhao r604	READ:PDF_READER	NO_CREATE;NO_EDIT;NO_WEB
605	read_pdf	nopunct	PDF	0	pdf ka content extract karo r605	READ:PDF_READER	NO_CREATE;NO_EDIT;NO_WEB
606	read_pdf	followup	PDF	1	open karke pdf ka summary batao r606	READ:PDF_READER	NO_CREATE;NO_EDIT;NO_WEB
607	read_pdf	hinglish	PDF	0	pdf padho r607	READ:PDF_READER	NO_CREATE;NO_EDIT;NO_WEB
608	read_pdf	english	PDF	1	Read this pdf r608	READ:PDF_READER	NO_CREATE;NO_EDIT;NO_WEB
609	read_pdf	spelling	PDF	0	pdf_259.pdf check karo r609	READ:PDF_READER	NO_CREATE;NO_EDIT;NO_WEB
610	read_pdf	short	PDF	1	iske andar kya hai batao r610	READ:PDF_READER	NO_CREATE;NO_EDIT;NO_WEB
611	read_pdf	long	PDF	0	please pdf ko review karo r611	READ:PDF_READER	NO_CREATE;NO_EDIT;NO_WEB
612	read_pdf	reversed	PDF	1	ye pdf dekh ke samjhao r612	READ:PDF_READER	NO_CREATE;NO_EDIT;NO_WEB
613	read_pdf	nopunct	PDF	0	pdf ka content extract karo r613	READ:PDF_READER	NO_CREATE;NO_EDIT;NO_WEB
614	read_pdf	followup	PDF	1	open karke pdf ka summary batao r614	READ:PDF_READER	NO_CREATE;NO_EDIT;NO_WEB
615	read_pdf	hinglish	PDF	0	pdf padho r615	READ:PDF_READER	NO_CREATE;NO_EDIT;NO_WEB
616	read_pdf	english	PDF	1	Read this pdf r616	READ:PDF_READER	NO_CREATE;NO_EDIT;NO_WEB
617	read_pdf	spelling	PDF	0	pdf_267.pdf check karo r617	READ:PDF_READER	NO_CREATE;NO_EDIT;NO_WEB
618	read_pdf	short	PDF	1	iske andar kya hai batao r618	READ:PDF_READER	NO_CREATE;NO_EDIT;NO_WEB
619	read_pdf	long	PDF	0	please pdf ko review karo r619	READ:PDF_READER	NO_CREATE;NO_EDIT;NO_WEB
620	read_pdf	reversed	PDF	1	ye pdf dekh ke samjhao r620	READ:PDF_READER	NO_CREATE;NO_EDIT;NO_WEB
621	read_pdf	nopunct	PDF	0	pdf ka content extract karo r621	READ:PDF_READER	NO_CREATE;NO_EDIT;NO_WEB
622	read_pdf	followup	PDF	1	open karke pdf ka summary batao r622	READ:PDF_READER	NO_CREATE;NO_EDIT;NO_WEB
623	read_pdf	hinglish	PDF	0	pdf padho r623	READ:PDF_READER	NO_CREATE;NO_EDIT;NO_WEB
624	read_pdf	english	PDF	1	Read this pdf r624	READ:PDF_READER	NO_CREATE;NO_EDIT;NO_WEB
625	read_pdf	spelling	PDF	0	pdf_275.pdf check karo r625	READ:PDF_READER	NO_CREATE;NO_EDIT;NO_WEB
626	read_pdf	short	PDF	1	iske andar kya hai batao r626	READ:PDF_READER	NO_CREATE;NO_EDIT;NO_WEB
627	read_pdf	long	PDF	0	please pdf ko review karo r627	READ:PDF_READER	NO_CREATE;NO_EDIT;NO_WEB
628	read_pdf	reversed	PDF	1	ye pdf dekh ke samjhao r628	READ:PDF_READER	NO_CREATE;NO_EDIT;NO_WEB
629	read_pdf	nopunct	PDF	0	pdf ka content extract karo r629	READ:PDF_READER	NO_CREATE;NO_EDIT;NO_WEB
630	read_pdf	followup	PDF	1	open karke pdf ka summary batao r630	READ:PDF_READER	NO_CREATE;NO_EDIT;NO_WEB
631	read_pdf	hinglish	PDF	0	pdf padho r631	READ:PDF_READER	NO_CREATE;NO_EDIT;NO_WEB
632	read_pdf	english	PDF	1	Read this pdf r632	READ:PDF_READER	NO_CREATE;NO_EDIT;NO_WEB
633	read_pdf	spelling	PDF	0	pdf_283.pdf check karo r633	READ:PDF_READER	NO_CREATE;NO_EDIT;NO_WEB
634	read_pdf	short	PDF	1	iske andar kya hai batao r634	READ:PDF_READER	NO_CREATE;NO_EDIT;NO_WEB
635	read_pdf	long	PDF	0	please pdf ko review karo r635	READ:PDF_READER	NO_CREATE;NO_EDIT;NO_WEB
636	read_pdf	reversed	PDF	1	ye pdf dekh ke samjhao r636	READ:PDF_READER	NO_CREATE;NO_EDIT;NO_WEB
637	read_pdf	nopunct	PDF	0	pdf ka content extract karo r637	READ:PDF_READER	NO_CREATE;NO_EDIT;NO_WEB
638	read_pdf	followup	PDF	1	open karke pdf ka summary batao r638	READ:PDF_READER	NO_CREATE;NO_EDIT;NO_WEB
639	read_pdf	hinglish	PDF	0	pdf padho r639	READ:PDF_READER	NO_CREATE;NO_EDIT;NO_WEB
640	read_pdf	english	PDF	1	Read this pdf r640	READ:PDF_READER	NO_CREATE;NO_EDIT;NO_WEB
641	read_pdf	spelling	PDF	0	pdf_291.pdf check karo r641	READ:PDF_READER	NO_CREATE;NO_EDIT;NO_WEB
642	read_pdf	short	PDF	1	iske andar kya hai batao r642	READ:PDF_READER	NO_CREATE;NO_EDIT;NO_WEB
643	read_pdf	long	PDF	0	please pdf ko review karo r643	READ:PDF_READER	NO_CREATE;NO_EDIT;NO_WEB
644	read_pdf	reversed	PDF	1	ye pdf dekh ke samjhao r644	READ:PDF_READER	NO_CREATE;NO_EDIT;NO_WEB
645	read_pdf	nopunct	PDF	0	pdf ka content extract karo r645	READ:PDF_READER	NO_CREATE;NO_EDIT;NO_WEB
646	read_pdf	followup	PDF	1	open karke pdf ka summary batao r646	READ:PDF_READER	NO_CREATE;NO_EDIT;NO_WEB
647	read_pdf	hinglish	PDF	0	pdf padho r647	READ:PDF_READER	NO_CREATE;NO_EDIT;NO_WEB
648	read_pdf	english	PDF	1	Read this pdf r648	READ:PDF_READER	NO_CREATE;NO_EDIT;NO_WEB
649	read_pdf	spelling	PDF	0	pdf_299.pdf check karo r649	READ:PDF_READER	NO_CREATE;NO_EDIT;NO_WEB
650	read_pdf	short	PDF	1	iske andar kya hai batao r650	READ:PDF_READER	NO_CREATE;NO_EDIT;NO_WEB
651	read_pdf	long	PDF	0	please pdf ko review karo r651	READ:PDF_READER	NO_CREATE;NO_EDIT;NO_WEB
652	read_pdf	reversed	PDF	1	ye pdf dekh ke samjhao r652	READ:PDF_READER	NO_CREATE;NO_EDIT;NO_WEB
653	read_pdf	nopunct	PDF	0	pdf ka content extract karo r653	READ:PDF_READER	NO_CREATE;NO_EDIT;NO_WEB
654	read_pdf	followup	PDF	1	open karke pdf ka summary batao r654	READ:PDF_READER	NO_CREATE;NO_EDIT;NO_WEB
655	read_pdf	hinglish	PDF	0	pdf padho r655	READ:PDF_READER	NO_CREATE;NO_EDIT;NO_WEB
656	read_pdf	english	PDF	1	Read this pdf r656	READ:PDF_READER	NO_CREATE;NO_EDIT;NO_WEB
657	read_pdf	spelling	PDF	0	pdf_307.pdf check karo r657	READ:PDF_READER	NO_CREATE;NO_EDIT;NO_WEB
658	read_pdf	short	PDF	1	iske andar kya hai batao r658	READ:PDF_READER	NO_CREATE;NO_EDIT;NO_WEB
659	read_pdf	long	PDF	0	please pdf ko review karo r659	READ:PDF_READER	NO_CREATE;NO_EDIT;NO_WEB
660	read_pdf	reversed	PDF	1	ye pdf dekh ke samjhao r660	READ:PDF_READER	NO_CREATE;NO_EDIT;NO_WEB
661	read_pdf	nopunct	PDF	0	pdf ka content extract karo r661	READ:PDF_READER	NO_CREATE;NO_EDIT;NO_WEB
662	read_pdf	followup	PDF	1	open karke pdf ka summary batao r662	READ:PDF_READER	NO_CREATE;NO_EDIT;NO_WEB
663	read_pdf	hinglish	PDF	0	pdf padho r663	READ:PDF_READER	NO_CREATE;NO_EDIT;NO_WEB
664	read_pdf	english	PDF	1	Read this pdf r664	READ:PDF_READER	NO_CREATE;NO_EDIT;NO_WEB
665	read_pdf	spelling	PDF	0	pdf_315.pdf check karo r665	READ:PDF_READER	NO_CREATE;NO_EDIT;NO_WEB
666	read_pdf	short	PDF	1	iske andar kya hai batao r666	READ:PDF_READER	NO_CREATE;NO_EDIT;NO_WEB
667	read_pdf	long	PDF	0	please pdf ko review karo r667	READ:PDF_READER	NO_CREATE;NO_EDIT;NO_WEB
668	read_pdf	reversed	PDF	1	ye pdf dekh ke samjhao r668	READ:PDF_READER	NO_CREATE;NO_EDIT;NO_WEB
669	read_pdf	nopunct	PDF	0	pdf ka content extract karo r669	READ:PDF_READER	NO_CREATE;NO_EDIT;NO_WEB
670	read_pdf	followup	PDF	1	open karke pdf ka summary batao r670	READ:PDF_READER	NO_CREATE;NO_EDIT;NO_WEB
671	read_pdf	hinglish	PDF	0	pdf padho r671	READ:PDF_READER	NO_CREATE;NO_EDIT;NO_WEB
672	read_pdf	english	PDF	1	Read this pdf r672	READ:PDF_READER	NO_CREATE;NO_EDIT;NO_WEB
673	read_pdf	spelling	PDF	0	pdf_323.pdf check karo r673	READ:PDF_READER	NO_CREATE;NO_EDIT;NO_WEB
674	read_pdf	short	PDF	1	iske andar kya hai batao r674	READ:PDF_READER	NO_CREATE;NO_EDIT;NO_WEB
675	read_pdf	long	PDF	0	please pdf ko review karo r675	READ:PDF_READER	NO_CREATE;NO_EDIT;NO_WEB
676	read_pdf	reversed	PDF	1	ye pdf dekh ke samjhao r676	READ:PDF_READER	NO_CREATE;NO_EDIT;NO_WEB
677	read_pdf	nopunct	PDF	0	pdf ka content extract karo r677	READ:PDF_READER	NO_CREATE;NO_EDIT;NO_WEB
678	read_pdf	followup	PDF	1	open karke pdf ka summary batao r678	READ:PDF_READER	NO_CREATE;NO_EDIT;NO_WEB
679	read_pdf	hinglish	PDF	0	pdf padho r679	READ:PDF_READER	NO_CREATE;NO_EDIT;NO_WEB
680	read_pdf	english	PDF	1	Read this pdf r680	READ:PDF_READER	NO_CREATE;NO_EDIT;NO_WEB
681	read_pdf	spelling	PDF	0	pdf_331.pdf check karo r681	READ:PDF_READER	NO_CREATE;NO_EDIT;NO_WEB
682	read_pdf	short	PDF	1	iske andar kya hai batao r682	READ:PDF_READER	NO_CREATE;NO_EDIT;NO_WEB
683	read_pdf	long	PDF	0	please pdf ko review karo r683	READ:PDF_READER	NO_CREATE;NO_EDIT;NO_WEB
684	read_pdf	reversed	PDF	1	ye pdf dekh ke samjhao r684	READ:PDF_READER	NO_CREATE;NO_EDIT;NO_WEB
685	read_pdf	nopunct	PDF	0	pdf ka content extract karo r685	READ:PDF_READER	NO_CREATE;NO_EDIT;NO_WEB
686	read_pdf	followup	PDF	1	open karke pdf ka summary batao r686	READ:PDF_READER	NO_CREATE;NO_EDIT;NO_WEB
687	read_pdf	hinglish	PDF	0	pdf padho r687	READ:PDF_READER	NO_CREATE;NO_EDIT;NO_WEB
688	read_pdf	english	PDF	1	Read this pdf r688	READ:PDF_READER	NO_CREATE;NO_EDIT;NO_WEB
689	read_pdf	spelling	PDF	0	pdf_339.pdf check karo r689	READ:PDF_READER	NO_CREATE;NO_EDIT;NO_WEB
690	read_pdf	short	PDF	1	iske andar kya hai batao r690	READ:PDF_READER	NO_CREATE;NO_EDIT;NO_WEB
691	read_pdf	long	PDF	0	please pdf ko review karo r691	READ:PDF_READER	NO_CREATE;NO_EDIT;NO_WEB
692	read_pdf	reversed	PDF	1	ye pdf dekh ke samjhao r692	READ:PDF_READER	NO_CREATE;NO_EDIT;NO_WEB
693	read_pdf	nopunct	PDF	0	pdf ka content extract karo r693	READ:PDF_READER	NO_CREATE;NO_EDIT;NO_WEB
694	read_pdf	followup	PDF	1	open karke pdf ka summary batao r694	READ:PDF_READER	NO_CREATE;NO_EDIT;NO_WEB
695	read_pdf	hinglish	PDF	0	pdf padho r695	READ:PDF_READER	NO_CREATE;NO_EDIT;NO_WEB
696	read_pdf	english	PDF	1	Read this pdf r696	READ:PDF_READER	NO_CREATE;NO_EDIT;NO_WEB
697	read_pdf	spelling	PDF	0	pdf_347.pdf check karo r697	READ:PDF_READER	NO_CREATE;NO_EDIT;NO_WEB
698	read_pdf	short	PDF	1	iske andar kya hai batao r698	READ:PDF_READER	NO_CREATE;NO_EDIT;NO_WEB
699	read_pdf	long	PDF	0	please pdf ko review karo r699	READ:PDF_READER	NO_CREATE;NO_EDIT;NO_WEB
700	read_pdf	reversed	PDF	1	ye pdf dekh ke samjhao r700	READ:PDF_READER	NO_CREATE;NO_EDIT;NO_WEB
701	read_audio	hinglish	AUDIO	0	audio padho r701	READ:AUDIO_READER	NO_CREATE;NO_EDIT;NO_WEB
702	read_audio	english	AUDIO	1	Read this audio r702	READ:AUDIO_READER	NO_CREATE;NO_EDIT;NO_WEB
703	read_audio	spelling	AUDIO	0	audio_3.mp3 check karo r703	READ:AUDIO_READER	NO_CREATE;NO_EDIT;NO_WEB
704	read_audio	short	AUDIO	1	iske andar kya hai batao r704	READ:AUDIO_READER	NO_CREATE;NO_EDIT;NO_WEB
705	read_audio	long	AUDIO	0	please audio ko review karo r705	READ:AUDIO_READER	NO_CREATE;NO_EDIT;NO_WEB
706	read_audio	reversed	AUDIO	1	ye audio dekh ke samjhao r706	READ:AUDIO_READER	NO_CREATE;NO_EDIT;NO_WEB
707	read_audio	nopunct	AUDIO	0	audio ka content extract karo r707	READ:AUDIO_READER	NO_CREATE;NO_EDIT;NO_WEB
708	read_audio	followup	AUDIO	1	open karke audio ka summary batao r708	READ:AUDIO_READER	NO_CREATE;NO_EDIT;NO_WEB
709	read_audio	hinglish	AUDIO	0	audio padho r709	READ:AUDIO_READER	NO_CREATE;NO_EDIT;NO_WEB
710	read_audio	english	AUDIO	1	Read this audio r710	READ:AUDIO_READER	NO_CREATE;NO_EDIT;NO_WEB
711	read_audio	spelling	AUDIO	0	audio_11.mp3 check karo r711	READ:AUDIO_READER	NO_CREATE;NO_EDIT;NO_WEB
712	read_audio	short	AUDIO	1	iske andar kya hai batao r712	READ:AUDIO_READER	NO_CREATE;NO_EDIT;NO_WEB
713	read_audio	long	AUDIO	0	please audio ko review karo r713	READ:AUDIO_READER	NO_CREATE;NO_EDIT;NO_WEB
714	read_audio	reversed	AUDIO	1	ye audio dekh ke samjhao r714	READ:AUDIO_READER	NO_CREATE;NO_EDIT;NO_WEB
715	read_audio	nopunct	AUDIO	0	audio ka content extract karo r715	READ:AUDIO_READER	NO_CREATE;NO_EDIT;NO_WEB
716	read_audio	followup	AUDIO	1	open karke audio ka summary batao r716	READ:AUDIO_READER	NO_CREATE;NO_EDIT;NO_WEB
717	read_audio	hinglish	AUDIO	0	audio padho r717	READ:AUDIO_READER	NO_CREATE;NO_EDIT;NO_WEB
718	read_audio	english	AUDIO	1	Read this audio r718	READ:AUDIO_READER	NO_CREATE;NO_EDIT;NO_WEB
719	read_audio	spelling	AUDIO	0	audio_19.mp3 check karo r719	READ:AUDIO_READER	NO_CREATE;NO_EDIT;NO_WEB
720	read_audio	short	AUDIO	1	iske andar kya hai batao r720	READ:AUDIO_READER	NO_CREATE;NO_EDIT;NO_WEB
721	read_audio	long	AUDIO	0	please audio ko review karo r721	READ:AUDIO_READER	NO_CREATE;NO_EDIT;NO_WEB
722	read_audio	reversed	AUDIO	1	ye audio dekh ke samjhao r722	READ:AUDIO_READER	NO_CREATE;NO_EDIT;NO_WEB
723	read_audio	nopunct	AUDIO	0	audio ka content extract karo r723	READ:AUDIO_READER	NO_CREATE;NO_EDIT;NO_WEB
724	read_audio	followup	AUDIO	1	open karke audio ka summary batao r724	READ:AUDIO_READER	NO_CREATE;NO_EDIT;NO_WEB
725	read_audio	hinglish	AUDIO	0	audio padho r725	READ:AUDIO_READER	NO_CREATE;NO_EDIT;NO_WEB
726	read_audio	english	AUDIO	1	Read this audio r726	READ:AUDIO_READER	NO_CREATE;NO_EDIT;NO_WEB
727	read_audio	spelling	AUDIO	0	audio_27.mp3 check karo r727	READ:AUDIO_READER	NO_CREATE;NO_EDIT;NO_WEB
728	read_audio	short	AUDIO	1	iske andar kya hai batao r728	READ:AUDIO_READER	NO_CREATE;NO_EDIT;NO_WEB
729	read_audio	long	AUDIO	0	please audio ko review karo r729	READ:AUDIO_READER	NO_CREATE;NO_EDIT;NO_WEB
730	read_audio	reversed	AUDIO	1	ye audio dekh ke samjhao r730	READ:AUDIO_READER	NO_CREATE;NO_EDIT;NO_WEB
731	read_audio	nopunct	AUDIO	0	audio ka content extract karo r731	READ:AUDIO_READER	NO_CREATE;NO_EDIT;NO_WEB
732	read_audio	followup	AUDIO	1	open karke audio ka summary batao r732	READ:AUDIO_READER	NO_CREATE;NO_EDIT;NO_WEB
733	read_audio	hinglish	AUDIO	0	audio padho r733	READ:AUDIO_READER	NO_CREATE;NO_EDIT;NO_WEB
734	read_audio	english	AUDIO	1	Read this audio r734	READ:AUDIO_READER	NO_CREATE;NO_EDIT;NO_WEB
735	read_audio	spelling	AUDIO	0	audio_35.mp3 check karo r735	READ:AUDIO_READER	NO_CREATE;NO_EDIT;NO_WEB
736	read_audio	short	AUDIO	1	iske andar kya hai batao r736	READ:AUDIO_READER	NO_CREATE;NO_EDIT;NO_WEB
737	read_audio	long	AUDIO	0	please audio ko review karo r737	READ:AUDIO_READER	NO_CREATE;NO_EDIT;NO_WEB
738	read_audio	reversed	AUDIO	1	ye audio dekh ke samjhao r738	READ:AUDIO_READER	NO_CREATE;NO_EDIT;NO_WEB
739	read_audio	nopunct	AUDIO	0	audio ka content extract karo r739	READ:AUDIO_READER	NO_CREATE;NO_EDIT;NO_WEB
740	read_audio	followup	AUDIO	1	open karke audio ka summary batao r740	READ:AUDIO_READER	NO_CREATE;NO_EDIT;NO_WEB
741	read_audio	hinglish	AUDIO	0	audio padho r741	READ:AUDIO_READER	NO_CREATE;NO_EDIT;NO_WEB
742	read_audio	english	AUDIO	1	Read this audio r742	READ:AUDIO_READER	NO_CREATE;NO_EDIT;NO_WEB
743	read_audio	spelling	AUDIO	0	audio_43.mp3 check karo r743	READ:AUDIO_READER	NO_CREATE;NO_EDIT;NO_WEB
744	read_audio	short	AUDIO	1	iske andar kya hai batao r744	READ:AUDIO_READER	NO_CREATE;NO_EDIT;NO_WEB
745	read_audio	long	AUDIO	0	please audio ko review karo r745	READ:AUDIO_READER	NO_CREATE;NO_EDIT;NO_WEB
746	read_audio	reversed	AUDIO	1	ye audio dekh ke samjhao r746	READ:AUDIO_READER	NO_CREATE;NO_EDIT;NO_WEB
747	read_audio	nopunct	AUDIO	0	audio ka content extract karo r747	READ:AUDIO_READER	NO_CREATE;NO_EDIT;NO_WEB
748	read_audio	followup	AUDIO	1	open karke audio ka summary batao r748	READ:AUDIO_READER	NO_CREATE;NO_EDIT;NO_WEB
749	read_audio	hinglish	AUDIO	0	audio padho r749	READ:AUDIO_READER	NO_CREATE;NO_EDIT;NO_WEB
750	read_audio	english	AUDIO	1	Read this audio r750	READ:AUDIO_READER	NO_CREATE;NO_EDIT;NO_WEB
751	read_audio	spelling	AUDIO	0	audio_51.mp3 check karo r751	READ:AUDIO_READER	NO_CREATE;NO_EDIT;NO_WEB
752	read_audio	short	AUDIO	1	iske andar kya hai batao r752	READ:AUDIO_READER	NO_CREATE;NO_EDIT;NO_WEB
753	read_audio	long	AUDIO	0	please audio ko review karo r753	READ:AUDIO_READER	NO_CREATE;NO_EDIT;NO_WEB
754	read_audio	reversed	AUDIO	1	ye audio dekh ke samjhao r754	READ:AUDIO_READER	NO_CREATE;NO_EDIT;NO_WEB
755	read_audio	nopunct	AUDIO	0	audio ka content extract karo r755	READ:AUDIO_READER	NO_CREATE;NO_EDIT;NO_WEB
756	read_audio	followup	AUDIO	1	open karke audio ka summary batao r756	READ:AUDIO_READER	NO_CREATE;NO_EDIT;NO_WEB
757	read_audio	hinglish	AUDIO	0	audio padho r757	READ:AUDIO_READER	NO_CREATE;NO_EDIT;NO_WEB
758	read_audio	english	AUDIO	1	Read this audio r758	READ:AUDIO_READER	NO_CREATE;NO_EDIT;NO_WEB
759	read_audio	spelling	AUDIO	0	audio_59.mp3 check karo r759	READ:AUDIO_READER	NO_CREATE;NO_EDIT;NO_WEB
760	read_audio	short	AUDIO	1	iske andar kya hai batao r760	READ:AUDIO_READER	NO_CREATE;NO_EDIT;NO_WEB
761	read_audio	long	AUDIO	0	please audio ko review karo r761	READ:AUDIO_READER	NO_CREATE;NO_EDIT;NO_WEB
762	read_audio	reversed	AUDIO	1	ye audio dekh ke samjhao r762	READ:AUDIO_READER	NO_CREATE;NO_EDIT;NO_WEB
763	read_audio	nopunct	AUDIO	0	audio ka content extract karo r763	READ:AUDIO_READER	NO_CREATE;NO_EDIT;NO_WEB
764	read_audio	followup	AUDIO	1	open karke audio ka summary batao r764	READ:AUDIO_READER	NO_CREATE;NO_EDIT;NO_WEB
765	read_audio	hinglish	AUDIO	0	audio padho r765	READ:AUDIO_READER	NO_CREATE;NO_EDIT;NO_WEB
766	read_audio	english	AUDIO	1	Read this audio r766	READ:AUDIO_READER	NO_CREATE;NO_EDIT;NO_WEB
767	read_audio	spelling	AUDIO	0	audio_67.mp3 check karo r767	READ:AUDIO_READER	NO_CREATE;NO_EDIT;NO_WEB
768	read_audio	short	AUDIO	1	iske andar kya hai batao r768	READ:AUDIO_READER	NO_CREATE;NO_EDIT;NO_WEB
769	read_audio	long	AUDIO	0	please audio ko review karo r769	READ:AUDIO_READER	NO_CREATE;NO_EDIT;NO_WEB
770	read_audio	reversed	AUDIO	1	ye audio dekh ke samjhao r770	READ:AUDIO_READER	NO_CREATE;NO_EDIT;NO_WEB
771	read_audio	nopunct	AUDIO	0	audio ka content extract karo r771	READ:AUDIO_READER	NO_CREATE;NO_EDIT;NO_WEB
772	read_audio	followup	AUDIO	1	open karke audio ka summary batao r772	READ:AUDIO_READER	NO_CREATE;NO_EDIT;NO_WEB
773	read_audio	hinglish	AUDIO	0	audio padho r773	READ:AUDIO_READER	NO_CREATE;NO_EDIT;NO_WEB
774	read_audio	english	AUDIO	1	Read this audio r774	READ:AUDIO_READER	NO_CREATE;NO_EDIT;NO_WEB
775	read_audio	spelling	AUDIO	0	audio_75.mp3 check karo r775	READ:AUDIO_READER	NO_CREATE;NO_EDIT;NO_WEB
776	read_audio	short	AUDIO	1	iske andar kya hai batao r776	READ:AUDIO_READER	NO_CREATE;NO_EDIT;NO_WEB
777	read_audio	long	AUDIO	0	please audio ko review karo r777	READ:AUDIO_READER	NO_CREATE;NO_EDIT;NO_WEB
778	read_audio	reversed	AUDIO	1	ye audio dekh ke samjhao r778	READ:AUDIO_READER	NO_CREATE;NO_EDIT;NO_WEB
779	read_audio	nopunct	AUDIO	0	audio ka content extract karo r779	READ:AUDIO_READER	NO_CREATE;NO_EDIT;NO_WEB
780	read_audio	followup	AUDIO	1	open karke audio ka summary batao r780	READ:AUDIO_READER	NO_CREATE;NO_EDIT;NO_WEB
781	read_audio	hinglish	AUDIO	0	audio padho r781	READ:AUDIO_READER	NO_CREATE;NO_EDIT;NO_WEB
782	read_audio	english	AUDIO	1	Read this audio r782	READ:AUDIO_READER	NO_CREATE;NO_EDIT;NO_WEB
783	read_audio	spelling	AUDIO	0	audio_83.mp3 check karo r783	READ:AUDIO_READER	NO_CREATE;NO_EDIT;NO_WEB
784	read_audio	short	AUDIO	1	iske andar kya hai batao r784	READ:AUDIO_READER	NO_CREATE;NO_EDIT;NO_WEB
785	read_audio	long	AUDIO	0	please audio ko review karo r785	READ:AUDIO_READER	NO_CREATE;NO_EDIT;NO_WEB
786	read_audio	reversed	AUDIO	1	ye audio dekh ke samjhao r786	READ:AUDIO_READER	NO_CREATE;NO_EDIT;NO_WEB
787	read_audio	nopunct	AUDIO	0	audio ka content extract karo r787	READ:AUDIO_READER	NO_CREATE;NO_EDIT;NO_WEB
788	read_audio	followup	AUDIO	1	open karke audio ka summary batao r788	READ:AUDIO_READER	NO_CREATE;NO_EDIT;NO_WEB
789	read_audio	hinglish	AUDIO	0	audio padho r789	READ:AUDIO_READER	NO_CREATE;NO_EDIT;NO_WEB
790	read_audio	english	AUDIO	1	Read this audio r790	READ:AUDIO_READER	NO_CREATE;NO_EDIT;NO_WEB
791	read_audio	spelling	AUDIO	0	audio_91.mp3 check karo r791	READ:AUDIO_READER	NO_CREATE;NO_EDIT;NO_WEB
792	read_audio	short	AUDIO	1	iske andar kya hai batao r792	READ:AUDIO_READER	NO_CREATE;NO_EDIT;NO_WEB
793	read_audio	long	AUDIO	0	please audio ko review karo r793	READ:AUDIO_READER	NO_CREATE;NO_EDIT;NO_WEB
794	read_audio	reversed	AUDIO	1	ye audio dekh ke samjhao r794	READ:AUDIO_READER	NO_CREATE;NO_EDIT;NO_WEB
795	read_audio	nopunct	AUDIO	0	audio ka content extract karo r795	READ:AUDIO_READER	NO_CREATE;NO_EDIT;NO_WEB
796	read_audio	followup	AUDIO	1	open karke audio ka summary batao r796	READ:AUDIO_READER	NO_CREATE;NO_EDIT;NO_WEB
797	read_audio	hinglish	AUDIO	0	audio padho r797	READ:AUDIO_READER	NO_CREATE;NO_EDIT;NO_WEB
798	read_audio	english	AUDIO	1	Read this audio r798	READ:AUDIO_READER	NO_CREATE;NO_EDIT;NO_WEB
799	read_audio	spelling	AUDIO	0	audio_99.mp3 check karo r799	READ:AUDIO_READER	NO_CREATE;NO_EDIT;NO_WEB
800	read_audio	short	AUDIO	1	iske andar kya hai batao r800	READ:AUDIO_READER	NO_CREATE;NO_EDIT;NO_WEB
801	read_audio	long	AUDIO	0	please audio ko review karo r801	READ:AUDIO_READER	NO_CREATE;NO_EDIT;NO_WEB
802	read_audio	reversed	AUDIO	1	ye audio dekh ke samjhao r802	READ:AUDIO_READER	NO_CREATE;NO_EDIT;NO_WEB
803	read_audio	nopunct	AUDIO	0	audio ka content extract karo r803	READ:AUDIO_READER	NO_CREATE;NO_EDIT;NO_WEB
804	read_audio	followup	AUDIO	1	open karke audio ka summary batao r804	READ:AUDIO_READER	NO_CREATE;NO_EDIT;NO_WEB
805	read_audio	hinglish	AUDIO	0	audio padho r805	READ:AUDIO_READER	NO_CREATE;NO_EDIT;NO_WEB
806	read_audio	english	AUDIO	1	Read this audio r806	READ:AUDIO_READER	NO_CREATE;NO_EDIT;NO_WEB
807	read_audio	spelling	AUDIO	0	audio_107.mp3 check karo r807	READ:AUDIO_READER	NO_CREATE;NO_EDIT;NO_WEB
808	read_audio	short	AUDIO	1	iske andar kya hai batao r808	READ:AUDIO_READER	NO_CREATE;NO_EDIT;NO_WEB
809	read_audio	long	AUDIO	0	please audio ko review karo r809	READ:AUDIO_READER	NO_CREATE;NO_EDIT;NO_WEB
810	read_audio	reversed	AUDIO	1	ye audio dekh ke samjhao r810	READ:AUDIO_READER	NO_CREATE;NO_EDIT;NO_WEB
811	read_audio	nopunct	AUDIO	0	audio ka content extract karo r811	READ:AUDIO_READER	NO_CREATE;NO_EDIT;NO_WEB
812	read_audio	followup	AUDIO	1	open karke audio ka summary batao r812	READ:AUDIO_READER	NO_CREATE;NO_EDIT;NO_WEB
813	read_audio	hinglish	AUDIO	0	audio padho r813	READ:AUDIO_READER	NO_CREATE;NO_EDIT;NO_WEB
814	read_audio	english	AUDIO	1	Read this audio r814	READ:AUDIO_READER	NO_CREATE;NO_EDIT;NO_WEB
815	read_audio	spelling	AUDIO	0	audio_115.mp3 check karo r815	READ:AUDIO_READER	NO_CREATE;NO_EDIT;NO_WEB
816	read_audio	short	AUDIO	1	iske andar kya hai batao r816	READ:AUDIO_READER	NO_CREATE;NO_EDIT;NO_WEB
817	read_audio	long	AUDIO	0	please audio ko review karo r817	READ:AUDIO_READER	NO_CREATE;NO_EDIT;NO_WEB
818	read_audio	reversed	AUDIO	1	ye audio dekh ke samjhao r818	READ:AUDIO_READER	NO_CREATE;NO_EDIT;NO_WEB
819	read_audio	nopunct	AUDIO	0	audio ka content extract karo r819	READ:AUDIO_READER	NO_CREATE;NO_EDIT;NO_WEB
820	read_audio	followup	AUDIO	1	open karke audio ka summary batao r820	READ:AUDIO_READER	NO_CREATE;NO_EDIT;NO_WEB
821	read_audio	hinglish	AUDIO	0	audio padho r821	READ:AUDIO_READER	NO_CREATE;NO_EDIT;NO_WEB
822	read_audio	english	AUDIO	1	Read this audio r822	READ:AUDIO_READER	NO_CREATE;NO_EDIT;NO_WEB
823	read_audio	spelling	AUDIO	0	audio_123.mp3 check karo r823	READ:AUDIO_READER	NO_CREATE;NO_EDIT;NO_WEB
824	read_audio	short	AUDIO	1	iske andar kya hai batao r824	READ:AUDIO_READER	NO_CREATE;NO_EDIT;NO_WEB
825	read_audio	long	AUDIO	0	please audio ko review karo r825	READ:AUDIO_READER	NO_CREATE;NO_EDIT;NO_WEB
826	read_audio	reversed	AUDIO	1	ye audio dekh ke samjhao r826	READ:AUDIO_READER	NO_CREATE;NO_EDIT;NO_WEB
827	read_audio	nopunct	AUDIO	0	audio ka content extract karo r827	READ:AUDIO_READER	NO_CREATE;NO_EDIT;NO_WEB
828	read_audio	followup	AUDIO	1	open karke audio ka summary batao r828	READ:AUDIO_READER	NO_CREATE;NO_EDIT;NO_WEB
829	read_audio	hinglish	AUDIO	0	audio padho r829	READ:AUDIO_READER	NO_CREATE;NO_EDIT;NO_WEB
830	read_audio	english	AUDIO	1	Read this audio r830	READ:AUDIO_READER	NO_CREATE;NO_EDIT;NO_WEB
831	read_audio	spelling	AUDIO	0	audio_131.mp3 check karo r831	READ:AUDIO_READER	NO_CREATE;NO_EDIT;NO_WEB
832	read_audio	short	AUDIO	1	iske andar kya hai batao r832	READ:AUDIO_READER	NO_CREATE;NO_EDIT;NO_WEB
833	read_audio	long	AUDIO	0	please audio ko review karo r833	READ:AUDIO_READER	NO_CREATE;NO_EDIT;NO_WEB
834	read_audio	reversed	AUDIO	1	ye audio dekh ke samjhao r834	READ:AUDIO_READER	NO_CREATE;NO_EDIT;NO_WEB
835	read_audio	nopunct	AUDIO	0	audio ka content extract karo r835	READ:AUDIO_READER	NO_CREATE;NO_EDIT;NO_WEB
836	read_audio	followup	AUDIO	1	open karke audio ka summary batao r836	READ:AUDIO_READER	NO_CREATE;NO_EDIT;NO_WEB
837	read_audio	hinglish	AUDIO	0	audio padho r837	READ:AUDIO_READER	NO_CREATE;NO_EDIT;NO_WEB
838	read_audio	english	AUDIO	1	Read this audio r838	READ:AUDIO_READER	NO_CREATE;NO_EDIT;NO_WEB
839	read_audio	spelling	AUDIO	0	audio_139.mp3 check karo r839	READ:AUDIO_READER	NO_CREATE;NO_EDIT;NO_WEB
840	read_audio	short	AUDIO	1	iske andar kya hai batao r840	READ:AUDIO_READER	NO_CREATE;NO_EDIT;NO_WEB
841	read_audio	long	AUDIO	0	please audio ko review karo r841	READ:AUDIO_READER	NO_CREATE;NO_EDIT;NO_WEB
842	read_audio	reversed	AUDIO	1	ye audio dekh ke samjhao r842	READ:AUDIO_READER	NO_CREATE;NO_EDIT;NO_WEB
843	read_audio	nopunct	AUDIO	0	audio ka content extract karo r843	READ:AUDIO_READER	NO_CREATE;NO_EDIT;NO_WEB
844	read_audio	followup	AUDIO	1	open karke audio ka summary batao r844	READ:AUDIO_READER	NO_CREATE;NO_EDIT;NO_WEB
845	read_audio	hinglish	AUDIO	0	audio padho r845	READ:AUDIO_READER	NO_CREATE;NO_EDIT;NO_WEB
846	read_audio	english	AUDIO	1	Read this audio r846	READ:AUDIO_READER	NO_CREATE;NO_EDIT;NO_WEB
847	read_audio	spelling	AUDIO	0	audio_147.mp3 check karo r847	READ:AUDIO_READER	NO_CREATE;NO_EDIT;NO_WEB
848	read_audio	short	AUDIO	1	iske andar kya hai batao r848	READ:AUDIO_READER	NO_CREATE;NO_EDIT;NO_WEB
849	read_audio	long	AUDIO	0	please audio ko review karo r849	READ:AUDIO_READER	NO_CREATE;NO_EDIT;NO_WEB
850	read_audio	reversed	AUDIO	1	ye audio dekh ke samjhao r850	READ:AUDIO_READER	NO_CREATE;NO_EDIT;NO_WEB
851	read_audio	nopunct	AUDIO	0	audio ka content extract karo r851	READ:AUDIO_READER	NO_CREATE;NO_EDIT;NO_WEB
852	read_audio	followup	AUDIO	1	open karke audio ka summary batao r852	READ:AUDIO_READER	NO_CREATE;NO_EDIT;NO_WEB
853	read_audio	hinglish	AUDIO	0	audio padho r853	READ:AUDIO_READER	NO_CREATE;NO_EDIT;NO_WEB
854	read_audio	english	AUDIO	1	Read this audio r854	READ:AUDIO_READER	NO_CREATE;NO_EDIT;NO_WEB
855	read_audio	spelling	AUDIO	0	audio_155.mp3 check karo r855	READ:AUDIO_READER	NO_CREATE;NO_EDIT;NO_WEB
856	read_audio	short	AUDIO	1	iske andar kya hai batao r856	READ:AUDIO_READER	NO_CREATE;NO_EDIT;NO_WEB
857	read_audio	long	AUDIO	0	please audio ko review karo r857	READ:AUDIO_READER	NO_CREATE;NO_EDIT;NO_WEB
858	read_audio	reversed	AUDIO	1	ye audio dekh ke samjhao r858	READ:AUDIO_READER	NO_CREATE;NO_EDIT;NO_WEB
859	read_audio	nopunct	AUDIO	0	audio ka content extract karo r859	READ:AUDIO_READER	NO_CREATE;NO_EDIT;NO_WEB
860	read_audio	followup	AUDIO	1	open karke audio ka summary batao r860	READ:AUDIO_READER	NO_CREATE;NO_EDIT;NO_WEB
861	read_audio	hinglish	AUDIO	0	audio padho r861	READ:AUDIO_READER	NO_CREATE;NO_EDIT;NO_WEB
862	read_audio	english	AUDIO	1	Read this audio r862	READ:AUDIO_READER	NO_CREATE;NO_EDIT;NO_WEB
863	read_audio	spelling	AUDIO	0	audio_163.mp3 check karo r863	READ:AUDIO_READER	NO_CREATE;NO_EDIT;NO_WEB
864	read_audio	short	AUDIO	1	iske andar kya hai batao r864	READ:AUDIO_READER	NO_CREATE;NO_EDIT;NO_WEB
865	read_audio	long	AUDIO	0	please audio ko review karo r865	READ:AUDIO_READER	NO_CREATE;NO_EDIT;NO_WEB
866	read_audio	reversed	AUDIO	1	ye audio dekh ke samjhao r866	READ:AUDIO_READER	NO_CREATE;NO_EDIT;NO_WEB
867	read_audio	nopunct	AUDIO	0	audio ka content extract karo r867	READ:AUDIO_READER	NO_CREATE;NO_EDIT;NO_WEB
868	read_audio	followup	AUDIO	1	open karke audio ka summary batao r868	READ:AUDIO_READER	NO_CREATE;NO_EDIT;NO_WEB
869	read_audio	hinglish	AUDIO	0	audio padho r869	READ:AUDIO_READER	NO_CREATE;NO_EDIT;NO_WEB
870	read_audio	english	AUDIO	1	Read this audio r870	READ:AUDIO_READER	NO_CREATE;NO_EDIT;NO_WEB
871	read_audio	spelling	AUDIO	0	audio_171.mp3 check karo r871	READ:AUDIO_READER	NO_CREATE;NO_EDIT;NO_WEB
872	read_audio	short	AUDIO	1	iske andar kya hai batao r872	READ:AUDIO_READER	NO_CREATE;NO_EDIT;NO_WEB
873	read_audio	long	AUDIO	0	please audio ko review karo r873	READ:AUDIO_READER	NO_CREATE;NO_EDIT;NO_WEB
874	read_audio	reversed	AUDIO	1	ye audio dekh ke samjhao r874	READ:AUDIO_READER	NO_CREATE;NO_EDIT;NO_WEB
875	read_audio	nopunct	AUDIO	0	audio ka content extract karo r875	READ:AUDIO_READER	NO_CREATE;NO_EDIT;NO_WEB
876	read_audio	followup	AUDIO	1	open karke audio ka summary batao r876	READ:AUDIO_READER	NO_CREATE;NO_EDIT;NO_WEB
877	read_audio	hinglish	AUDIO	0	audio padho r877	READ:AUDIO_READER	NO_CREATE;NO_EDIT;NO_WEB
878	read_audio	english	AUDIO	1	Read this audio r878	READ:AUDIO_READER	NO_CREATE;NO_EDIT;NO_WEB
879	read_audio	spelling	AUDIO	0	audio_179.mp3 check karo r879	READ:AUDIO_READER	NO_CREATE;NO_EDIT;NO_WEB
880	read_audio	short	AUDIO	1	iske andar kya hai batao r880	READ:AUDIO_READER	NO_CREATE;NO_EDIT;NO_WEB
881	read_audio	long	AUDIO	0	please audio ko review karo r881	READ:AUDIO_READER	NO_CREATE;NO_EDIT;NO_WEB
882	read_audio	reversed	AUDIO	1	ye audio dekh ke samjhao r882	READ:AUDIO_READER	NO_CREATE;NO_EDIT;NO_WEB
883	read_audio	nopunct	AUDIO	0	audio ka content extract karo r883	READ:AUDIO_READER	NO_CREATE;NO_EDIT;NO_WEB
884	read_audio	followup	AUDIO	1	open karke audio ka summary batao r884	READ:AUDIO_READER	NO_CREATE;NO_EDIT;NO_WEB
885	read_audio	hinglish	AUDIO	0	audio padho r885	READ:AUDIO_READER	NO_CREATE;NO_EDIT;NO_WEB
886	read_audio	english	AUDIO	1	Read this audio r886	READ:AUDIO_READER	NO_CREATE;NO_EDIT;NO_WEB
887	read_audio	spelling	AUDIO	0	audio_187.mp3 check karo r887	READ:AUDIO_READER	NO_CREATE;NO_EDIT;NO_WEB
888	read_audio	short	AUDIO	1	iske andar kya hai batao r888	READ:AUDIO_READER	NO_CREATE;NO_EDIT;NO_WEB
889	read_audio	long	AUDIO	0	please audio ko review karo r889	READ:AUDIO_READER	NO_CREATE;NO_EDIT;NO_WEB
890	read_audio	reversed	AUDIO	1	ye audio dekh ke samjhao r890	READ:AUDIO_READER	NO_CREATE;NO_EDIT;NO_WEB
891	read_audio	nopunct	AUDIO	0	audio ka content extract karo r891	READ:AUDIO_READER	NO_CREATE;NO_EDIT;NO_WEB
892	read_audio	followup	AUDIO	1	open karke audio ka summary batao r892	READ:AUDIO_READER	NO_CREATE;NO_EDIT;NO_WEB
893	read_audio	hinglish	AUDIO	0	audio padho r893	READ:AUDIO_READER	NO_CREATE;NO_EDIT;NO_WEB
894	read_audio	english	AUDIO	1	Read this audio r894	READ:AUDIO_READER	NO_CREATE;NO_EDIT;NO_WEB
895	read_audio	spelling	AUDIO	0	audio_195.mp3 check karo r895	READ:AUDIO_READER	NO_CREATE;NO_EDIT;NO_WEB
896	read_audio	short	AUDIO	1	iske andar kya hai batao r896	READ:AUDIO_READER	NO_CREATE;NO_EDIT;NO_WEB
897	read_audio	long	AUDIO	0	please audio ko review karo r897	READ:AUDIO_READER	NO_CREATE;NO_EDIT;NO_WEB
898	read_audio	reversed	AUDIO	1	ye audio dekh ke samjhao r898	READ:AUDIO_READER	NO_CREATE;NO_EDIT;NO_WEB
899	read_audio	nopunct	AUDIO	0	audio ka content extract karo r899	READ:AUDIO_READER	NO_CREATE;NO_EDIT;NO_WEB
900	read_audio	followup	AUDIO	1	open karke audio ka summary batao r900	READ:AUDIO_READER	NO_CREATE;NO_EDIT;NO_WEB
901	read_audio	hinglish	AUDIO	0	audio padho r901	READ:AUDIO_READER	NO_CREATE;NO_EDIT;NO_WEB
902	read_audio	english	AUDIO	1	Read this audio r902	READ:AUDIO_READER	NO_CREATE;NO_EDIT;NO_WEB
903	read_audio	spelling	AUDIO	0	audio_203.mp3 check karo r903	READ:AUDIO_READER	NO_CREATE;NO_EDIT;NO_WEB
904	read_audio	short	AUDIO	1	iske andar kya hai batao r904	READ:AUDIO_READER	NO_CREATE;NO_EDIT;NO_WEB
905	read_audio	long	AUDIO	0	please audio ko review karo r905	READ:AUDIO_READER	NO_CREATE;NO_EDIT;NO_WEB
906	read_audio	reversed	AUDIO	1	ye audio dekh ke samjhao r906	READ:AUDIO_READER	NO_CREATE;NO_EDIT;NO_WEB
907	read_audio	nopunct	AUDIO	0	audio ka content extract karo r907	READ:AUDIO_READER	NO_CREATE;NO_EDIT;NO_WEB
908	read_audio	followup	AUDIO	1	open karke audio ka summary batao r908	READ:AUDIO_READER	NO_CREATE;NO_EDIT;NO_WEB
909	read_audio	hinglish	AUDIO	0	audio padho r909	READ:AUDIO_READER	NO_CREATE;NO_EDIT;NO_WEB
910	read_audio	english	AUDIO	1	Read this audio r910	READ:AUDIO_READER	NO_CREATE;NO_EDIT;NO_WEB
911	read_audio	spelling	AUDIO	0	audio_211.mp3 check karo r911	READ:AUDIO_READER	NO_CREATE;NO_EDIT;NO_WEB
912	read_audio	short	AUDIO	1	iske andar kya hai batao r912	READ:AUDIO_READER	NO_CREATE;NO_EDIT;NO_WEB
913	read_audio	long	AUDIO	0	please audio ko review karo r913	READ:AUDIO_READER	NO_CREATE;NO_EDIT;NO_WEB
914	read_audio	reversed	AUDIO	1	ye audio dekh ke samjhao r914	READ:AUDIO_READER	NO_CREATE;NO_EDIT;NO_WEB
915	read_audio	nopunct	AUDIO	0	audio ka content extract karo r915	READ:AUDIO_READER	NO_CREATE;NO_EDIT;NO_WEB
916	read_audio	followup	AUDIO	1	open karke audio ka summary batao r916	READ:AUDIO_READER	NO_CREATE;NO_EDIT;NO_WEB
917	read_audio	hinglish	AUDIO	0	audio padho r917	READ:AUDIO_READER	NO_CREATE;NO_EDIT;NO_WEB
918	read_audio	english	AUDIO	1	Read this audio r918	READ:AUDIO_READER	NO_CREATE;NO_EDIT;NO_WEB
919	read_audio	spelling	AUDIO	0	audio_219.mp3 check karo r919	READ:AUDIO_READER	NO_CREATE;NO_EDIT;NO_WEB
920	read_audio	short	AUDIO	1	iske andar kya hai batao r920	READ:AUDIO_READER	NO_CREATE;NO_EDIT;NO_WEB
921	read_audio	long	AUDIO	0	please audio ko review karo r921	READ:AUDIO_READER	NO_CREATE;NO_EDIT;NO_WEB
922	read_audio	reversed	AUDIO	1	ye audio dekh ke samjhao r922	READ:AUDIO_READER	NO_CREATE;NO_EDIT;NO_WEB
923	read_audio	nopunct	AUDIO	0	audio ka content extract karo r923	READ:AUDIO_READER	NO_CREATE;NO_EDIT;NO_WEB
924	read_audio	followup	AUDIO	1	open karke audio ka summary batao r924	READ:AUDIO_READER	NO_CREATE;NO_EDIT;NO_WEB
925	read_audio	hinglish	AUDIO	0	audio padho r925	READ:AUDIO_READER	NO_CREATE;NO_EDIT;NO_WEB
926	read_audio	english	AUDIO	1	Read this audio r926	READ:AUDIO_READER	NO_CREATE;NO_EDIT;NO_WEB
927	read_audio	spelling	AUDIO	0	audio_227.mp3 check karo r927	READ:AUDIO_READER	NO_CREATE;NO_EDIT;NO_WEB
928	read_audio	short	AUDIO	1	iske andar kya hai batao r928	READ:AUDIO_READER	NO_CREATE;NO_EDIT;NO_WEB
929	read_audio	long	AUDIO	0	please audio ko review karo r929	READ:AUDIO_READER	NO_CREATE;NO_EDIT;NO_WEB
930	read_audio	reversed	AUDIO	1	ye audio dekh ke samjhao r930	READ:AUDIO_READER	NO_CREATE;NO_EDIT;NO_WEB
931	read_audio	nopunct	AUDIO	0	audio ka content extract karo r931	READ:AUDIO_READER	NO_CREATE;NO_EDIT;NO_WEB
932	read_audio	followup	AUDIO	1	open karke audio ka summary batao r932	READ:AUDIO_READER	NO_CREATE;NO_EDIT;NO_WEB
933	read_audio	hinglish	AUDIO	0	audio padho r933	READ:AUDIO_READER	NO_CREATE;NO_EDIT;NO_WEB
934	read_audio	english	AUDIO	1	Read this audio r934	READ:AUDIO_READER	NO_CREATE;NO_EDIT;NO_WEB
935	read_audio	spelling	AUDIO	0	audio_235.mp3 check karo r935	READ:AUDIO_READER	NO_CREATE;NO_EDIT;NO_WEB
936	read_audio	short	AUDIO	1	iske andar kya hai batao r936	READ:AUDIO_READER	NO_CREATE;NO_EDIT;NO_WEB
937	read_audio	long	AUDIO	0	please audio ko review karo r937	READ:AUDIO_READER	NO_CREATE;NO_EDIT;NO_WEB
938	read_audio	reversed	AUDIO	1	ye audio dekh ke samjhao r938	READ:AUDIO_READER	NO_CREATE;NO_EDIT;NO_WEB
939	read_audio	nopunct	AUDIO	0	audio ka content extract karo r939	READ:AUDIO_READER	NO_CREATE;NO_EDIT;NO_WEB
940	read_audio	followup	AUDIO	1	open karke audio ka summary batao r940	READ:AUDIO_READER	NO_CREATE;NO_EDIT;NO_WEB
941	read_audio	hinglish	AUDIO	0	audio padho r941	READ:AUDIO_READER	NO_CREATE;NO_EDIT;NO_WEB
942	read_audio	english	AUDIO	1	Read this audio r942	READ:AUDIO_READER	NO_CREATE;NO_EDIT;NO_WEB
943	read_audio	spelling	AUDIO	0	audio_243.mp3 check karo r943	READ:AUDIO_READER	NO_CREATE;NO_EDIT;NO_WEB
944	read_audio	short	AUDIO	1	iske andar kya hai batao r944	READ:AUDIO_READER	NO_CREATE;NO_EDIT;NO_WEB
945	read_audio	long	AUDIO	0	please audio ko review karo r945	READ:AUDIO_READER	NO_CREATE;NO_EDIT;NO_WEB
946	read_audio	reversed	AUDIO	1	ye audio dekh ke samjhao r946	READ:AUDIO_READER	NO_CREATE;NO_EDIT;NO_WEB
947	read_audio	nopunct	AUDIO	0	audio ka content extract karo r947	READ:AUDIO_READER	NO_CREATE;NO_EDIT;NO_WEB
948	read_audio	followup	AUDIO	1	open karke audio ka summary batao r948	READ:AUDIO_READER	NO_CREATE;NO_EDIT;NO_WEB
949	read_audio	hinglish	AUDIO	0	audio padho r949	READ:AUDIO_READER	NO_CREATE;NO_EDIT;NO_WEB
950	read_audio	english	AUDIO	1	Read this audio r950	READ:AUDIO_READER	NO_CREATE;NO_EDIT;NO_WEB
951	read_audio	spelling	AUDIO	0	audio_251.mp3 check karo r951	READ:AUDIO_READER	NO_CREATE;NO_EDIT;NO_WEB
952	read_audio	short	AUDIO	1	iske andar kya hai batao r952	READ:AUDIO_READER	NO_CREATE;NO_EDIT;NO_WEB
953	read_audio	long	AUDIO	0	please audio ko review karo r953	READ:AUDIO_READER	NO_CREATE;NO_EDIT;NO_WEB
954	read_audio	reversed	AUDIO	1	ye audio dekh ke samjhao r954	READ:AUDIO_READER	NO_CREATE;NO_EDIT;NO_WEB
955	read_audio	nopunct	AUDIO	0	audio ka content extract karo r955	READ:AUDIO_READER	NO_CREATE;NO_EDIT;NO_WEB
956	read_audio	followup	AUDIO	1	open karke audio ka summary batao r956	READ:AUDIO_READER	NO_CREATE;NO_EDIT;NO_WEB
957	read_audio	hinglish	AUDIO	0	audio padho r957	READ:AUDIO_READER	NO_CREATE;NO_EDIT;NO_WEB
958	read_audio	english	AUDIO	1	Read this audio r958	READ:AUDIO_READER	NO_CREATE;NO_EDIT;NO_WEB
959	read_audio	spelling	AUDIO	0	audio_259.mp3 check karo r959	READ:AUDIO_READER	NO_CREATE;NO_EDIT;NO_WEB
960	read_audio	short	AUDIO	1	iske andar kya hai batao r960	READ:AUDIO_READER	NO_CREATE;NO_EDIT;NO_WEB
961	read_audio	long	AUDIO	0	please audio ko review karo r961	READ:AUDIO_READER	NO_CREATE;NO_EDIT;NO_WEB
962	read_audio	reversed	AUDIO	1	ye audio dekh ke samjhao r962	READ:AUDIO_READER	NO_CREATE;NO_EDIT;NO_WEB
963	read_audio	nopunct	AUDIO	0	audio ka content extract karo r963	READ:AUDIO_READER	NO_CREATE;NO_EDIT;NO_WEB
964	read_audio	followup	AUDIO	1	open karke audio ka summary batao r964	READ:AUDIO_READER	NO_CREATE;NO_EDIT;NO_WEB
965	read_audio	hinglish	AUDIO	0	audio padho r965	READ:AUDIO_READER	NO_CREATE;NO_EDIT;NO_WEB
966	read_audio	english	AUDIO	1	Read this audio r966	READ:AUDIO_READER	NO_CREATE;NO_EDIT;NO_WEB
967	read_audio	spelling	AUDIO	0	audio_267.mp3 check karo r967	READ:AUDIO_READER	NO_CREATE;NO_EDIT;NO_WEB
968	read_audio	short	AUDIO	1	iske andar kya hai batao r968	READ:AUDIO_READER	NO_CREATE;NO_EDIT;NO_WEB
969	read_audio	long	AUDIO	0	please audio ko review karo r969	READ:AUDIO_READER	NO_CREATE;NO_EDIT;NO_WEB
970	read_audio	reversed	AUDIO	1	ye audio dekh ke samjhao r970	READ:AUDIO_READER	NO_CREATE;NO_EDIT;NO_WEB
971	read_audio	nopunct	AUDIO	0	audio ka content extract karo r971	READ:AUDIO_READER	NO_CREATE;NO_EDIT;NO_WEB
972	read_audio	followup	AUDIO	1	open karke audio ka summary batao r972	READ:AUDIO_READER	NO_CREATE;NO_EDIT;NO_WEB
973	read_audio	hinglish	AUDIO	0	audio padho r973	READ:AUDIO_READER	NO_CREATE;NO_EDIT;NO_WEB
974	read_audio	english	AUDIO	1	Read this audio r974	READ:AUDIO_READER	NO_CREATE;NO_EDIT;NO_WEB
975	read_audio	spelling	AUDIO	0	audio_275.mp3 check karo r975	READ:AUDIO_READER	NO_CREATE;NO_EDIT;NO_WEB
976	read_audio	short	AUDIO	1	iske andar kya hai batao r976	READ:AUDIO_READER	NO_CREATE;NO_EDIT;NO_WEB
977	read_audio	long	AUDIO	0	please audio ko review karo r977	READ:AUDIO_READER	NO_CREATE;NO_EDIT;NO_WEB
978	read_audio	reversed	AUDIO	1	ye audio dekh ke samjhao r978	READ:AUDIO_READER	NO_CREATE;NO_EDIT;NO_WEB
979	read_audio	nopunct	AUDIO	0	audio ka content extract karo r979	READ:AUDIO_READER	NO_CREATE;NO_EDIT;NO_WEB
980	read_audio	followup	AUDIO	1	open karke audio ka summary batao r980	READ:AUDIO_READER	NO_CREATE;NO_EDIT;NO_WEB
981	read_audio	hinglish	AUDIO	0	audio padho r981	READ:AUDIO_READER	NO_CREATE;NO_EDIT;NO_WEB
982	read_audio	english	AUDIO	1	Read this audio r982	READ:AUDIO_READER	NO_CREATE;NO_EDIT;NO_WEB
983	read_audio	spelling	AUDIO	0	audio_283.mp3 check karo r983	READ:AUDIO_READER	NO_CREATE;NO_EDIT;NO_WEB
984	read_audio	short	AUDIO	1	iske andar kya hai batao r984	READ:AUDIO_READER	NO_CREATE;NO_EDIT;NO_WEB
985	read_audio	long	AUDIO	0	please audio ko review karo r985	READ:AUDIO_READER	NO_CREATE;NO_EDIT;NO_WEB
986	read_audio	reversed	AUDIO	1	ye audio dekh ke samjhao r986	READ:AUDIO_READER	NO_CREATE;NO_EDIT;NO_WEB
987	read_audio	nopunct	AUDIO	0	audio ka content extract karo r987	READ:AUDIO_READER	NO_CREATE;NO_EDIT;NO_WEB
988	read_audio	followup	AUDIO	1	open karke audio ka summary batao r988	READ:AUDIO_READER	NO_CREATE;NO_EDIT;NO_WEB
989	read_audio	hinglish	AUDIO	0	audio padho r989	READ:AUDIO_READER	NO_CREATE;NO_EDIT;NO_WEB
990	read_audio	english	AUDIO	1	Read this audio r990	READ:AUDIO_READER	NO_CREATE;NO_EDIT;NO_WEB
991	read_audio	spelling	AUDIO	0	audio_291.mp3 check karo r991	READ:AUDIO_READER	NO_CREATE;NO_EDIT;NO_WEB
992	read_audio	short	AUDIO	1	iske andar kya hai batao r992	READ:AUDIO_READER	NO_CREATE;NO_EDIT;NO_WEB
993	read_audio	long	AUDIO	0	please audio ko review karo r993	READ:AUDIO_READER	NO_CREATE;NO_EDIT;NO_WEB
994	read_audio	reversed	AUDIO	1	ye audio dekh ke samjhao r994	READ:AUDIO_READER	NO_CREATE;NO_EDIT;NO_WEB
995	read_audio	nopunct	AUDIO	0	audio ka content extract karo r995	READ:AUDIO_READER	NO_CREATE;NO_EDIT;NO_WEB
996	read_audio	followup	AUDIO	1	open karke audio ka summary batao r996	READ:AUDIO_READER	NO_CREATE;NO_EDIT;NO_WEB
997	read_audio	hinglish	AUDIO	0	audio padho r997	READ:AUDIO_READER	NO_CREATE;NO_EDIT;NO_WEB
998	read_audio	english	AUDIO	1	Read this audio r998	READ:AUDIO_READER	NO_CREATE;NO_EDIT;NO_WEB
999	read_audio	spelling	AUDIO	0	audio_299.mp3 check karo r999	READ:AUDIO_READER	NO_CREATE;NO_EDIT;NO_WEB
1000	read_audio	short	AUDIO	1	iske andar kya hai batao r1000	READ:AUDIO_READER	NO_CREATE;NO_EDIT;NO_WEB
1001	read_video	hinglish	VIDEO	0	video padho r1001	READ:VIDEO_READER	NO_CREATE;NO_EDIT;NO_WEB
1002	read_video	english	VIDEO	1	Read this video r1002	READ:VIDEO_READER	NO_CREATE;NO_EDIT;NO_WEB
1003	read_video	spelling	VIDEO	0	video_3.mp4 check karo r1003	READ:VIDEO_READER	NO_CREATE;NO_EDIT;NO_WEB
1004	read_video	short	VIDEO	1	iske andar kya hai batao r1004	READ:VIDEO_READER	NO_CREATE;NO_EDIT;NO_WEB
1005	read_video	long	VIDEO	0	please video ko review karo r1005	READ:VIDEO_READER	NO_CREATE;NO_EDIT;NO_WEB
1006	read_video	reversed	VIDEO	1	ye video dekh ke samjhao r1006	READ:VIDEO_READER	NO_CREATE;NO_EDIT;NO_WEB
1007	read_video	nopunct	VIDEO	0	video ka content extract karo r1007	READ:VIDEO_READER	NO_CREATE;NO_EDIT;NO_WEB
1008	read_video	followup	VIDEO	1	open karke video ka summary batao r1008	READ:VIDEO_READER	NO_CREATE;NO_EDIT;NO_WEB
1009	read_video	hinglish	VIDEO	0	video padho r1009	READ:VIDEO_READER	NO_CREATE;NO_EDIT;NO_WEB
1010	read_video	english	VIDEO	1	Read this video r1010	READ:VIDEO_READER	NO_CREATE;NO_EDIT;NO_WEB
1011	read_video	spelling	VIDEO	0	video_11.mp4 check karo r1011	READ:VIDEO_READER	NO_CREATE;NO_EDIT;NO_WEB
1012	read_video	short	VIDEO	1	iske andar kya hai batao r1012	READ:VIDEO_READER	NO_CREATE;NO_EDIT;NO_WEB
1013	read_video	long	VIDEO	0	please video ko review karo r1013	READ:VIDEO_READER	NO_CREATE;NO_EDIT;NO_WEB
1014	read_video	reversed	VIDEO	1	ye video dekh ke samjhao r1014	READ:VIDEO_READER	NO_CREATE;NO_EDIT;NO_WEB
1015	read_video	nopunct	VIDEO	0	video ka content extract karo r1015	READ:VIDEO_READER	NO_CREATE;NO_EDIT;NO_WEB
1016	read_video	followup	VIDEO	1	open karke video ka summary batao r1016	READ:VIDEO_READER	NO_CREATE;NO_EDIT;NO_WEB
1017	read_video	hinglish	VIDEO	0	video padho r1017	READ:VIDEO_READER	NO_CREATE;NO_EDIT;NO_WEB
1018	read_video	english	VIDEO	1	Read this video r1018	READ:VIDEO_READER	NO_CREATE;NO_EDIT;NO_WEB
1019	read_video	spelling	VIDEO	0	video_19.mp4 check karo r1019	READ:VIDEO_READER	NO_CREATE;NO_EDIT;NO_WEB
1020	read_video	short	VIDEO	1	iske andar kya hai batao r1020	READ:VIDEO_READER	NO_CREATE;NO_EDIT;NO_WEB
1021	read_video	long	VIDEO	0	please video ko review karo r1021	READ:VIDEO_READER	NO_CREATE;NO_EDIT;NO_WEB
1022	read_video	reversed	VIDEO	1	ye video dekh ke samjhao r1022	READ:VIDEO_READER	NO_CREATE;NO_EDIT;NO_WEB
1023	read_video	nopunct	VIDEO	0	video ka content extract karo r1023	READ:VIDEO_READER	NO_CREATE;NO_EDIT;NO_WEB
1024	read_video	followup	VIDEO	1	open karke video ka summary batao r1024	READ:VIDEO_READER	NO_CREATE;NO_EDIT;NO_WEB
1025	read_video	hinglish	VIDEO	0	video padho r1025	READ:VIDEO_READER	NO_CREATE;NO_EDIT;NO_WEB
1026	read_video	english	VIDEO	1	Read this video r1026	READ:VIDEO_READER	NO_CREATE;NO_EDIT;NO_WEB
1027	read_video	spelling	VIDEO	0	video_27.mp4 check karo r1027	READ:VIDEO_READER	NO_CREATE;NO_EDIT;NO_WEB
1028	read_video	short	VIDEO	1	iske andar kya hai batao r1028	READ:VIDEO_READER	NO_CREATE;NO_EDIT;NO_WEB
1029	read_video	long	VIDEO	0	please video ko review karo r1029	READ:VIDEO_READER	NO_CREATE;NO_EDIT;NO_WEB
1030	read_video	reversed	VIDEO	1	ye video dekh ke samjhao r1030	READ:VIDEO_READER	NO_CREATE;NO_EDIT;NO_WEB
1031	read_video	nopunct	VIDEO	0	video ka content extract karo r1031	READ:VIDEO_READER	NO_CREATE;NO_EDIT;NO_WEB
1032	read_video	followup	VIDEO	1	open karke video ka summary batao r1032	READ:VIDEO_READER	NO_CREATE;NO_EDIT;NO_WEB
1033	read_video	hinglish	VIDEO	0	video padho r1033	READ:VIDEO_READER	NO_CREATE;NO_EDIT;NO_WEB
1034	read_video	english	VIDEO	1	Read this video r1034	READ:VIDEO_READER	NO_CREATE;NO_EDIT;NO_WEB
1035	read_video	spelling	VIDEO	0	video_35.mp4 check karo r1035	READ:VIDEO_READER	NO_CREATE;NO_EDIT;NO_WEB
1036	read_video	short	VIDEO	1	iske andar kya hai batao r1036	READ:VIDEO_READER	NO_CREATE;NO_EDIT;NO_WEB
1037	read_video	long	VIDEO	0	please video ko review karo r1037	READ:VIDEO_READER	NO_CREATE;NO_EDIT;NO_WEB
1038	read_video	reversed	VIDEO	1	ye video dekh ke samjhao r1038	READ:VIDEO_READER	NO_CREATE;NO_EDIT;NO_WEB
1039	read_video	nopunct	VIDEO	0	video ka content extract karo r1039	READ:VIDEO_READER	NO_CREATE;NO_EDIT;NO_WEB
1040	read_video	followup	VIDEO	1	open karke video ka summary batao r1040	READ:VIDEO_READER	NO_CREATE;NO_EDIT;NO_WEB
1041	read_video	hinglish	VIDEO	0	video padho r1041	READ:VIDEO_READER	NO_CREATE;NO_EDIT;NO_WEB
1042	read_video	english	VIDEO	1	Read this video r1042	READ:VIDEO_READER	NO_CREATE;NO_EDIT;NO_WEB
1043	read_video	spelling	VIDEO	0	video_43.mp4 check karo r1043	READ:VIDEO_READER	NO_CREATE;NO_EDIT;NO_WEB
1044	read_video	short	VIDEO	1	iske andar kya hai batao r1044	READ:VIDEO_READER	NO_CREATE;NO_EDIT;NO_WEB
1045	read_video	long	VIDEO	0	please video ko review karo r1045	READ:VIDEO_READER	NO_CREATE;NO_EDIT;NO_WEB
1046	read_video	reversed	VIDEO	1	ye video dekh ke samjhao r1046	READ:VIDEO_READER	NO_CREATE;NO_EDIT;NO_WEB
1047	read_video	nopunct	VIDEO	0	video ka content extract karo r1047	READ:VIDEO_READER	NO_CREATE;NO_EDIT;NO_WEB
1048	read_video	followup	VIDEO	1	open karke video ka summary batao r1048	READ:VIDEO_READER	NO_CREATE;NO_EDIT;NO_WEB
1049	read_video	hinglish	VIDEO	0	video padho r1049	READ:VIDEO_READER	NO_CREATE;NO_EDIT;NO_WEB
1050	read_video	english	VIDEO	1	Read this video r1050	READ:VIDEO_READER	NO_CREATE;NO_EDIT;NO_WEB
1051	read_video	spelling	VIDEO	0	video_51.mp4 check karo r1051	READ:VIDEO_READER	NO_CREATE;NO_EDIT;NO_WEB
1052	read_video	short	VIDEO	1	iske andar kya hai batao r1052	READ:VIDEO_READER	NO_CREATE;NO_EDIT;NO_WEB
1053	read_video	long	VIDEO	0	please video ko review karo r1053	READ:VIDEO_READER	NO_CREATE;NO_EDIT;NO_WEB
1054	read_video	reversed	VIDEO	1	ye video dekh ke samjhao r1054	READ:VIDEO_READER	NO_CREATE;NO_EDIT;NO_WEB
1055	read_video	nopunct	VIDEO	0	video ka content extract karo r1055	READ:VIDEO_READER	NO_CREATE;NO_EDIT;NO_WEB
1056	read_video	followup	VIDEO	1	open karke video ka summary batao r1056	READ:VIDEO_READER	NO_CREATE;NO_EDIT;NO_WEB
1057	read_video	hinglish	VIDEO	0	video padho r1057	READ:VIDEO_READER	NO_CREATE;NO_EDIT;NO_WEB
1058	read_video	english	VIDEO	1	Read this video r1058	READ:VIDEO_READER	NO_CREATE;NO_EDIT;NO_WEB
1059	read_video	spelling	VIDEO	0	video_59.mp4 check karo r1059	READ:VIDEO_READER	NO_CREATE;NO_EDIT;NO_WEB
1060	read_video	short	VIDEO	1	iske andar kya hai batao r1060	READ:VIDEO_READER	NO_CREATE;NO_EDIT;NO_WEB
1061	read_video	long	VIDEO	0	please video ko review karo r1061	READ:VIDEO_READER	NO_CREATE;NO_EDIT;NO_WEB
1062	read_video	reversed	VIDEO	1	ye video dekh ke samjhao r1062	READ:VIDEO_READER	NO_CREATE;NO_EDIT;NO_WEB
1063	read_video	nopunct	VIDEO	0	video ka content extract karo r1063	READ:VIDEO_READER	NO_CREATE;NO_EDIT;NO_WEB
1064	read_video	followup	VIDEO	1	open karke video ka summary batao r1064	READ:VIDEO_READER	NO_CREATE;NO_EDIT;NO_WEB
1065	read_video	hinglish	VIDEO	0	video padho r1065	READ:VIDEO_READER	NO_CREATE;NO_EDIT;NO_WEB
1066	read_video	english	VIDEO	1	Read this video r1066	READ:VIDEO_READER	NO_CREATE;NO_EDIT;NO_WEB
1067	read_video	spelling	VIDEO	0	video_67.mp4 check karo r1067	READ:VIDEO_READER	NO_CREATE;NO_EDIT;NO_WEB
1068	read_video	short	VIDEO	1	iske andar kya hai batao r1068	READ:VIDEO_READER	NO_CREATE;NO_EDIT;NO_WEB
1069	read_video	long	VIDEO	0	please video ko review karo r1069	READ:VIDEO_READER	NO_CREATE;NO_EDIT;NO_WEB
1070	read_video	reversed	VIDEO	1	ye video dekh ke samjhao r1070	READ:VIDEO_READER	NO_CREATE;NO_EDIT;NO_WEB
1071	read_video	nopunct	VIDEO	0	video ka content extract karo r1071	READ:VIDEO_READER	NO_CREATE;NO_EDIT;NO_WEB
1072	read_video	followup	VIDEO	1	open karke video ka summary batao r1072	READ:VIDEO_READER	NO_CREATE;NO_EDIT;NO_WEB
1073	read_video	hinglish	VIDEO	0	video padho r1073	READ:VIDEO_READER	NO_CREATE;NO_EDIT;NO_WEB
1074	read_video	english	VIDEO	1	Read this video r1074	READ:VIDEO_READER	NO_CREATE;NO_EDIT;NO_WEB
1075	read_video	spelling	VIDEO	0	video_75.mp4 check karo r1075	READ:VIDEO_READER	NO_CREATE;NO_EDIT;NO_WEB
1076	read_video	short	VIDEO	1	iske andar kya hai batao r1076	READ:VIDEO_READER	NO_CREATE;NO_EDIT;NO_WEB
1077	read_video	long	VIDEO	0	please video ko review karo r1077	READ:VIDEO_READER	NO_CREATE;NO_EDIT;NO_WEB
1078	read_video	reversed	VIDEO	1	ye video dekh ke samjhao r1078	READ:VIDEO_READER	NO_CREATE;NO_EDIT;NO_WEB
1079	read_video	nopunct	VIDEO	0	video ka content extract karo r1079	READ:VIDEO_READER	NO_CREATE;NO_EDIT;NO_WEB
1080	read_video	followup	VIDEO	1	open karke video ka summary batao r1080	READ:VIDEO_READER	NO_CREATE;NO_EDIT;NO_WEB
1081	read_video	hinglish	VIDEO	0	video padho r1081	READ:VIDEO_READER	NO_CREATE;NO_EDIT;NO_WEB
1082	read_video	english	VIDEO	1	Read this video r1082	READ:VIDEO_READER	NO_CREATE;NO_EDIT;NO_WEB
1083	read_video	spelling	VIDEO	0	video_83.mp4 check karo r1083	READ:VIDEO_READER	NO_CREATE;NO_EDIT;NO_WEB
1084	read_video	short	VIDEO	1	iske andar kya hai batao r1084	READ:VIDEO_READER	NO_CREATE;NO_EDIT;NO_WEB
1085	read_video	long	VIDEO	0	please video ko review karo r1085	READ:VIDEO_READER	NO_CREATE;NO_EDIT;NO_WEB
1086	read_video	reversed	VIDEO	1	ye video dekh ke samjhao r1086	READ:VIDEO_READER	NO_CREATE;NO_EDIT;NO_WEB
1087	read_video	nopunct	VIDEO	0	video ka content extract karo r1087	READ:VIDEO_READER	NO_CREATE;NO_EDIT;NO_WEB
1088	read_video	followup	VIDEO	1	open karke video ka summary batao r1088	READ:VIDEO_READER	NO_CREATE;NO_EDIT;NO_WEB
1089	read_video	hinglish	VIDEO	0	video padho r1089	READ:VIDEO_READER	NO_CREATE;NO_EDIT;NO_WEB
1090	read_video	english	VIDEO	1	Read this video r1090	READ:VIDEO_READER	NO_CREATE;NO_EDIT;NO_WEB
1091	read_video	spelling	VIDEO	0	video_91.mp4 check karo r1091	READ:VIDEO_READER	NO_CREATE;NO_EDIT;NO_WEB
1092	read_video	short	VIDEO	1	iske andar kya hai batao r1092	READ:VIDEO_READER	NO_CREATE;NO_EDIT;NO_WEB
1093	read_video	long	VIDEO	0	please video ko review karo r1093	READ:VIDEO_READER	NO_CREATE;NO_EDIT;NO_WEB
1094	read_video	reversed	VIDEO	1	ye video dekh ke samjhao r1094	READ:VIDEO_READER	NO_CREATE;NO_EDIT;NO_WEB
1095	read_video	nopunct	VIDEO	0	video ka content extract karo r1095	READ:VIDEO_READER	NO_CREATE;NO_EDIT;NO_WEB
1096	read_video	followup	VIDEO	1	open karke video ka summary batao r1096	READ:VIDEO_READER	NO_CREATE;NO_EDIT;NO_WEB
1097	read_video	hinglish	VIDEO	0	video padho r1097	READ:VIDEO_READER	NO_CREATE;NO_EDIT;NO_WEB
1098	read_video	english	VIDEO	1	Read this video r1098	READ:VIDEO_READER	NO_CREATE;NO_EDIT;NO_WEB
1099	read_video	spelling	VIDEO	0	video_99.mp4 check karo r1099	READ:VIDEO_READER	NO_CREATE;NO_EDIT;NO_WEB
1100	read_video	short	VIDEO	1	iske andar kya hai batao r1100	READ:VIDEO_READER	NO_CREATE;NO_EDIT;NO_WEB
1101	read_video	long	VIDEO	0	please video ko review karo r1101	READ:VIDEO_READER	NO_CREATE;NO_EDIT;NO_WEB
1102	read_video	reversed	VIDEO	1	ye video dekh ke samjhao r1102	READ:VIDEO_READER	NO_CREATE;NO_EDIT;NO_WEB
1103	read_video	nopunct	VIDEO	0	video ka content extract karo r1103	READ:VIDEO_READER	NO_CREATE;NO_EDIT;NO_WEB
1104	read_video	followup	VIDEO	1	open karke video ka summary batao r1104	READ:VIDEO_READER	NO_CREATE;NO_EDIT;NO_WEB
1105	read_video	hinglish	VIDEO	0	video padho r1105	READ:VIDEO_READER	NO_CREATE;NO_EDIT;NO_WEB
1106	read_video	english	VIDEO	1	Read this video r1106	READ:VIDEO_READER	NO_CREATE;NO_EDIT;NO_WEB
1107	read_video	spelling	VIDEO	0	video_107.mp4 check karo r1107	READ:VIDEO_READER	NO_CREATE;NO_EDIT;NO_WEB
1108	read_video	short	VIDEO	1	iske andar kya hai batao r1108	READ:VIDEO_READER	NO_CREATE;NO_EDIT;NO_WEB
1109	read_video	long	VIDEO	0	please video ko review karo r1109	READ:VIDEO_READER	NO_CREATE;NO_EDIT;NO_WEB
1110	read_video	reversed	VIDEO	1	ye video dekh ke samjhao r1110	READ:VIDEO_READER	NO_CREATE;NO_EDIT;NO_WEB
1111	read_video	nopunct	VIDEO	0	video ka content extract karo r1111	READ:VIDEO_READER	NO_CREATE;NO_EDIT;NO_WEB
1112	read_video	followup	VIDEO	1	open karke video ka summary batao r1112	READ:VIDEO_READER	NO_CREATE;NO_EDIT;NO_WEB
1113	read_video	hinglish	VIDEO	0	video padho r1113	READ:VIDEO_READER	NO_CREATE;NO_EDIT;NO_WEB
1114	read_video	english	VIDEO	1	Read this video r1114	READ:VIDEO_READER	NO_CREATE;NO_EDIT;NO_WEB
1115	read_video	spelling	VIDEO	0	video_115.mp4 check karo r1115	READ:VIDEO_READER	NO_CREATE;NO_EDIT;NO_WEB
1116	read_video	short	VIDEO	1	iske andar kya hai batao r1116	READ:VIDEO_READER	NO_CREATE;NO_EDIT;NO_WEB
1117	read_video	long	VIDEO	0	please video ko review karo r1117	READ:VIDEO_READER	NO_CREATE;NO_EDIT;NO_WEB
1118	read_video	reversed	VIDEO	1	ye video dekh ke samjhao r1118	READ:VIDEO_READER	NO_CREATE;NO_EDIT;NO_WEB
1119	read_video	nopunct	VIDEO	0	video ka content extract karo r1119	READ:VIDEO_READER	NO_CREATE;NO_EDIT;NO_WEB
1120	read_video	followup	VIDEO	1	open karke video ka summary batao r1120	READ:VIDEO_READER	NO_CREATE;NO_EDIT;NO_WEB
1121	read_video	hinglish	VIDEO	0	video padho r1121	READ:VIDEO_READER	NO_CREATE;NO_EDIT;NO_WEB
1122	read_video	english	VIDEO	1	Read this video r1122	READ:VIDEO_READER	NO_CREATE;NO_EDIT;NO_WEB
1123	read_video	spelling	VIDEO	0	video_123.mp4 check karo r1123	READ:VIDEO_READER	NO_CREATE;NO_EDIT;NO_WEB
1124	read_video	short	VIDEO	1	iske andar kya hai batao r1124	READ:VIDEO_READER	NO_CREATE;NO_EDIT;NO_WEB
1125	read_video	long	VIDEO	0	please video ko review karo r1125	READ:VIDEO_READER	NO_CREATE;NO_EDIT;NO_WEB
1126	read_video	reversed	VIDEO	1	ye video dekh ke samjhao r1126	READ:VIDEO_READER	NO_CREATE;NO_EDIT;NO_WEB
1127	read_video	nopunct	VIDEO	0	video ka content extract karo r1127	READ:VIDEO_READER	NO_CREATE;NO_EDIT;NO_WEB
1128	read_video	followup	VIDEO	1	open karke video ka summary batao r1128	READ:VIDEO_READER	NO_CREATE;NO_EDIT;NO_WEB
1129	read_video	hinglish	VIDEO	0	video padho r1129	READ:VIDEO_READER	NO_CREATE;NO_EDIT;NO_WEB
1130	read_video	english	VIDEO	1	Read this video r1130	READ:VIDEO_READER	NO_CREATE;NO_EDIT;NO_WEB
1131	read_video	spelling	VIDEO	0	video_131.mp4 check karo r1131	READ:VIDEO_READER	NO_CREATE;NO_EDIT;NO_WEB
1132	read_video	short	VIDEO	1	iske andar kya hai batao r1132	READ:VIDEO_READER	NO_CREATE;NO_EDIT;NO_WEB
1133	read_video	long	VIDEO	0	please video ko review karo r1133	READ:VIDEO_READER	NO_CREATE;NO_EDIT;NO_WEB
1134	read_video	reversed	VIDEO	1	ye video dekh ke samjhao r1134	READ:VIDEO_READER	NO_CREATE;NO_EDIT;NO_WEB
1135	read_video	nopunct	VIDEO	0	video ka content extract karo r1135	READ:VIDEO_READER	NO_CREATE;NO_EDIT;NO_WEB
1136	read_video	followup	VIDEO	1	open karke video ka summary batao r1136	READ:VIDEO_READER	NO_CREATE;NO_EDIT;NO_WEB
1137	read_video	hinglish	VIDEO	0	video padho r1137	READ:VIDEO_READER	NO_CREATE;NO_EDIT;NO_WEB
1138	read_video	english	VIDEO	1	Read this video r1138	READ:VIDEO_READER	NO_CREATE;NO_EDIT;NO_WEB
1139	read_video	spelling	VIDEO	0	video_139.mp4 check karo r1139	READ:VIDEO_READER	NO_CREATE;NO_EDIT;NO_WEB
1140	read_video	short	VIDEO	1	iske andar kya hai batao r1140	READ:VIDEO_READER	NO_CREATE;NO_EDIT;NO_WEB
1141	read_video	long	VIDEO	0	please video ko review karo r1141	READ:VIDEO_READER	NO_CREATE;NO_EDIT;NO_WEB
1142	read_video	reversed	VIDEO	1	ye video dekh ke samjhao r1142	READ:VIDEO_READER	NO_CREATE;NO_EDIT;NO_WEB
1143	read_video	nopunct	VIDEO	0	video ka content extract karo r1143	READ:VIDEO_READER	NO_CREATE;NO_EDIT;NO_WEB
1144	read_video	followup	VIDEO	1	open karke video ka summary batao r1144	READ:VIDEO_READER	NO_CREATE;NO_EDIT;NO_WEB
1145	read_video	hinglish	VIDEO	0	video padho r1145	READ:VIDEO_READER	NO_CREATE;NO_EDIT;NO_WEB
1146	read_video	english	VIDEO	1	Read this video r1146	READ:VIDEO_READER	NO_CREATE;NO_EDIT;NO_WEB
1147	read_video	spelling	VIDEO	0	video_147.mp4 check karo r1147	READ:VIDEO_READER	NO_CREATE;NO_EDIT;NO_WEB
1148	read_video	short	VIDEO	1	iske andar kya hai batao r1148	READ:VIDEO_READER	NO_CREATE;NO_EDIT;NO_WEB
1149	read_video	long	VIDEO	0	please video ko review karo r1149	READ:VIDEO_READER	NO_CREATE;NO_EDIT;NO_WEB
1150	read_video	reversed	VIDEO	1	ye video dekh ke samjhao r1150	READ:VIDEO_READER	NO_CREATE;NO_EDIT;NO_WEB
1151	read_video	nopunct	VIDEO	0	video ka content extract karo r1151	READ:VIDEO_READER	NO_CREATE;NO_EDIT;NO_WEB
1152	read_video	followup	VIDEO	1	open karke video ka summary batao r1152	READ:VIDEO_READER	NO_CREATE;NO_EDIT;NO_WEB
1153	read_video	hinglish	VIDEO	0	video padho r1153	READ:VIDEO_READER	NO_CREATE;NO_EDIT;NO_WEB
1154	read_video	english	VIDEO	1	Read this video r1154	READ:VIDEO_READER	NO_CREATE;NO_EDIT;NO_WEB
1155	read_video	spelling	VIDEO	0	video_155.mp4 check karo r1155	READ:VIDEO_READER	NO_CREATE;NO_EDIT;NO_WEB
1156	read_video	short	VIDEO	1	iske andar kya hai batao r1156	READ:VIDEO_READER	NO_CREATE;NO_EDIT;NO_WEB
1157	read_video	long	VIDEO	0	please video ko review karo r1157	READ:VIDEO_READER	NO_CREATE;NO_EDIT;NO_WEB
1158	read_video	reversed	VIDEO	1	ye video dekh ke samjhao r1158	READ:VIDEO_READER	NO_CREATE;NO_EDIT;NO_WEB
1159	read_video	nopunct	VIDEO	0	video ka content extract karo r1159	READ:VIDEO_READER	NO_CREATE;NO_EDIT;NO_WEB
1160	read_video	followup	VIDEO	1	open karke video ka summary batao r1160	READ:VIDEO_READER	NO_CREATE;NO_EDIT;NO_WEB
1161	read_video	hinglish	VIDEO	0	video padho r1161	READ:VIDEO_READER	NO_CREATE;NO_EDIT;NO_WEB
1162	read_video	english	VIDEO	1	Read this video r1162	READ:VIDEO_READER	NO_CREATE;NO_EDIT;NO_WEB
1163	read_video	spelling	VIDEO	0	video_163.mp4 check karo r1163	READ:VIDEO_READER	NO_CREATE;NO_EDIT;NO_WEB
1164	read_video	short	VIDEO	1	iske andar kya hai batao r1164	READ:VIDEO_READER	NO_CREATE;NO_EDIT;NO_WEB
1165	read_video	long	VIDEO	0	please video ko review karo r1165	READ:VIDEO_READER	NO_CREATE;NO_EDIT;NO_WEB
1166	read_video	reversed	VIDEO	1	ye video dekh ke samjhao r1166	READ:VIDEO_READER	NO_CREATE;NO_EDIT;NO_WEB
1167	read_video	nopunct	VIDEO	0	video ka content extract karo r1167	READ:VIDEO_READER	NO_CREATE;NO_EDIT;NO_WEB
1168	read_video	followup	VIDEO	1	open karke video ka summary batao r1168	READ:VIDEO_READER	NO_CREATE;NO_EDIT;NO_WEB
1169	read_video	hinglish	VIDEO	0	video padho r1169	READ:VIDEO_READER	NO_CREATE;NO_EDIT;NO_WEB
1170	read_video	english	VIDEO	1	Read this video r1170	READ:VIDEO_READER	NO_CREATE;NO_EDIT;NO_WEB
1171	read_video	spelling	VIDEO	0	video_171.mp4 check karo r1171	READ:VIDEO_READER	NO_CREATE;NO_EDIT;NO_WEB
1172	read_video	short	VIDEO	1	iske andar kya hai batao r1172	READ:VIDEO_READER	NO_CREATE;NO_EDIT;NO_WEB
1173	read_video	long	VIDEO	0	please video ko review karo r1173	READ:VIDEO_READER	NO_CREATE;NO_EDIT;NO_WEB
1174	read_video	reversed	VIDEO	1	ye video dekh ke samjhao r1174	READ:VIDEO_READER	NO_CREATE;NO_EDIT;NO_WEB
1175	read_video	nopunct	VIDEO	0	video ka content extract karo r1175	READ:VIDEO_READER	NO_CREATE;NO_EDIT;NO_WEB
1176	read_video	followup	VIDEO	1	open karke video ka summary batao r1176	READ:VIDEO_READER	NO_CREATE;NO_EDIT;NO_WEB
1177	read_video	hinglish	VIDEO	0	video padho r1177	READ:VIDEO_READER	NO_CREATE;NO_EDIT;NO_WEB
1178	read_video	english	VIDEO	1	Read this video r1178	READ:VIDEO_READER	NO_CREATE;NO_EDIT;NO_WEB
1179	read_video	spelling	VIDEO	0	video_179.mp4 check karo r1179	READ:VIDEO_READER	NO_CREATE;NO_EDIT;NO_WEB
1180	read_video	short	VIDEO	1	iske andar kya hai batao r1180	READ:VIDEO_READER	NO_CREATE;NO_EDIT;NO_WEB
1181	read_video	long	VIDEO	0	please video ko review karo r1181	READ:VIDEO_READER	NO_CREATE;NO_EDIT;NO_WEB
1182	read_video	reversed	VIDEO	1	ye video dekh ke samjhao r1182	READ:VIDEO_READER	NO_CREATE;NO_EDIT;NO_WEB
1183	read_video	nopunct	VIDEO	0	video ka content extract karo r1183	READ:VIDEO_READER	NO_CREATE;NO_EDIT;NO_WEB
1184	read_video	followup	VIDEO	1	open karke video ka summary batao r1184	READ:VIDEO_READER	NO_CREATE;NO_EDIT;NO_WEB
1185	read_video	hinglish	VIDEO	0	video padho r1185	READ:VIDEO_READER	NO_CREATE;NO_EDIT;NO_WEB
1186	read_video	english	VIDEO	1	Read this video r1186	READ:VIDEO_READER	NO_CREATE;NO_EDIT;NO_WEB
1187	read_video	spelling	VIDEO	0	video_187.mp4 check karo r1187	READ:VIDEO_READER	NO_CREATE;NO_EDIT;NO_WEB
1188	read_video	short	VIDEO	1	iske andar kya hai batao r1188	READ:VIDEO_READER	NO_CREATE;NO_EDIT;NO_WEB
1189	read_video	long	VIDEO	0	please video ko review karo r1189	READ:VIDEO_READER	NO_CREATE;NO_EDIT;NO_WEB
1190	read_video	reversed	VIDEO	1	ye video dekh ke samjhao r1190	READ:VIDEO_READER	NO_CREATE;NO_EDIT;NO_WEB
1191	read_video	nopunct	VIDEO	0	video ka content extract karo r1191	READ:VIDEO_READER	NO_CREATE;NO_EDIT;NO_WEB
1192	read_video	followup	VIDEO	1	open karke video ka summary batao r1192	READ:VIDEO_READER	NO_CREATE;NO_EDIT;NO_WEB
1193	read_video	hinglish	VIDEO	0	video padho r1193	READ:VIDEO_READER	NO_CREATE;NO_EDIT;NO_WEB
1194	read_video	english	VIDEO	1	Read this video r1194	READ:VIDEO_READER	NO_CREATE;NO_EDIT;NO_WEB
1195	read_video	spelling	VIDEO	0	video_195.mp4 check karo r1195	READ:VIDEO_READER	NO_CREATE;NO_EDIT;NO_WEB
1196	read_video	short	VIDEO	1	iske andar kya hai batao r1196	READ:VIDEO_READER	NO_CREATE;NO_EDIT;NO_WEB
1197	read_video	long	VIDEO	0	please video ko review karo r1197	READ:VIDEO_READER	NO_CREATE;NO_EDIT;NO_WEB
1198	read_video	reversed	VIDEO	1	ye video dekh ke samjhao r1198	READ:VIDEO_READER	NO_CREATE;NO_EDIT;NO_WEB
1199	read_video	nopunct	VIDEO	0	video ka content extract karo r1199	READ:VIDEO_READER	NO_CREATE;NO_EDIT;NO_WEB
1200	read_video	followup	VIDEO	1	open karke video ka summary batao r1200	READ:VIDEO_READER	NO_CREATE;NO_EDIT;NO_WEB
1201	read_video	hinglish	VIDEO	0	video padho r1201	READ:VIDEO_READER	NO_CREATE;NO_EDIT;NO_WEB
1202	read_video	english	VIDEO	1	Read this video r1202	READ:VIDEO_READER	NO_CREATE;NO_EDIT;NO_WEB
1203	read_video	spelling	VIDEO	0	video_203.mp4 check karo r1203	READ:VIDEO_READER	NO_CREATE;NO_EDIT;NO_WEB
1204	read_video	short	VIDEO	1	iske andar kya hai batao r1204	READ:VIDEO_READER	NO_CREATE;NO_EDIT;NO_WEB
1205	read_video	long	VIDEO	0	please video ko review karo r1205	READ:VIDEO_READER	NO_CREATE;NO_EDIT;NO_WEB
1206	read_video	reversed	VIDEO	1	ye video dekh ke samjhao r1206	READ:VIDEO_READER	NO_CREATE;NO_EDIT;NO_WEB
1207	read_video	nopunct	VIDEO	0	video ka content extract karo r1207	READ:VIDEO_READER	NO_CREATE;NO_EDIT;NO_WEB
1208	read_video	followup	VIDEO	1	open karke video ka summary batao r1208	READ:VIDEO_READER	NO_CREATE;NO_EDIT;NO_WEB
1209	read_video	hinglish	VIDEO	0	video padho r1209	READ:VIDEO_READER	NO_CREATE;NO_EDIT;NO_WEB
1210	read_video	english	VIDEO	1	Read this video r1210	READ:VIDEO_READER	NO_CREATE;NO_EDIT;NO_WEB
1211	read_video	spelling	VIDEO	0	video_211.mp4 check karo r1211	READ:VIDEO_READER	NO_CREATE;NO_EDIT;NO_WEB
1212	read_video	short	VIDEO	1	iske andar kya hai batao r1212	READ:VIDEO_READER	NO_CREATE;NO_EDIT;NO_WEB
1213	read_video	long	VIDEO	0	please video ko review karo r1213	READ:VIDEO_READER	NO_CREATE;NO_EDIT;NO_WEB
1214	read_video	reversed	VIDEO	1	ye video dekh ke samjhao r1214	READ:VIDEO_READER	NO_CREATE;NO_EDIT;NO_WEB
1215	read_video	nopunct	VIDEO	0	video ka content extract karo r1215	READ:VIDEO_READER	NO_CREATE;NO_EDIT;NO_WEB
1216	read_video	followup	VIDEO	1	open karke video ka summary batao r1216	READ:VIDEO_READER	NO_CREATE;NO_EDIT;NO_WEB
1217	read_video	hinglish	VIDEO	0	video padho r1217	READ:VIDEO_READER	NO_CREATE;NO_EDIT;NO_WEB
1218	read_video	english	VIDEO	1	Read this video r1218	READ:VIDEO_READER	NO_CREATE;NO_EDIT;NO_WEB
1219	read_video	spelling	VIDEO	0	video_219.mp4 check karo r1219	READ:VIDEO_READER	NO_CREATE;NO_EDIT;NO_WEB
1220	read_video	short	VIDEO	1	iske andar kya hai batao r1220	READ:VIDEO_READER	NO_CREATE;NO_EDIT;NO_WEB
1221	read_video	long	VIDEO	0	please video ko review karo r1221	READ:VIDEO_READER	NO_CREATE;NO_EDIT;NO_WEB
1222	read_video	reversed	VIDEO	1	ye video dekh ke samjhao r1222	READ:VIDEO_READER	NO_CREATE;NO_EDIT;NO_WEB
1223	read_video	nopunct	VIDEO	0	video ka content extract karo r1223	READ:VIDEO_READER	NO_CREATE;NO_EDIT;NO_WEB
1224	read_video	followup	VIDEO	1	open karke video ka summary batao r1224	READ:VIDEO_READER	NO_CREATE;NO_EDIT;NO_WEB
1225	read_video	hinglish	VIDEO	0	video padho r1225	READ:VIDEO_READER	NO_CREATE;NO_EDIT;NO_WEB
1226	read_video	english	VIDEO	1	Read this video r1226	READ:VIDEO_READER	NO_CREATE;NO_EDIT;NO_WEB
1227	read_video	spelling	VIDEO	0	video_227.mp4 check karo r1227	READ:VIDEO_READER	NO_CREATE;NO_EDIT;NO_WEB
1228	read_video	short	VIDEO	1	iske andar kya hai batao r1228	READ:VIDEO_READER	NO_CREATE;NO_EDIT;NO_WEB
1229	read_video	long	VIDEO	0	please video ko review karo r1229	READ:VIDEO_READER	NO_CREATE;NO_EDIT;NO_WEB
1230	read_video	reversed	VIDEO	1	ye video dekh ke samjhao r1230	READ:VIDEO_READER	NO_CREATE;NO_EDIT;NO_WEB
1231	read_video	nopunct	VIDEO	0	video ka content extract karo r1231	READ:VIDEO_READER	NO_CREATE;NO_EDIT;NO_WEB
1232	read_video	followup	VIDEO	1	open karke video ka summary batao r1232	READ:VIDEO_READER	NO_CREATE;NO_EDIT;NO_WEB
1233	read_video	hinglish	VIDEO	0	video padho r1233	READ:VIDEO_READER	NO_CREATE;NO_EDIT;NO_WEB
1234	read_video	english	VIDEO	1	Read this video r1234	READ:VIDEO_READER	NO_CREATE;NO_EDIT;NO_WEB
1235	read_video	spelling	VIDEO	0	video_235.mp4 check karo r1235	READ:VIDEO_READER	NO_CREATE;NO_EDIT;NO_WEB
1236	read_video	short	VIDEO	1	iske andar kya hai batao r1236	READ:VIDEO_READER	NO_CREATE;NO_EDIT;NO_WEB
1237	read_video	long	VIDEO	0	please video ko review karo r1237	READ:VIDEO_READER	NO_CREATE;NO_EDIT;NO_WEB
1238	read_video	reversed	VIDEO	1	ye video dekh ke samjhao r1238	READ:VIDEO_READER	NO_CREATE;NO_EDIT;NO_WEB
1239	read_video	nopunct	VIDEO	0	video ka content extract karo r1239	READ:VIDEO_READER	NO_CREATE;NO_EDIT;NO_WEB
1240	read_video	followup	VIDEO	1	open karke video ka summary batao r1240	READ:VIDEO_READER	NO_CREATE;NO_EDIT;NO_WEB
1241	read_video	hinglish	VIDEO	0	video padho r1241	READ:VIDEO_READER	NO_CREATE;NO_EDIT;NO_WEB
1242	read_video	english	VIDEO	1	Read this video r1242	READ:VIDEO_READER	NO_CREATE;NO_EDIT;NO_WEB
1243	read_video	spelling	VIDEO	0	video_243.mp4 check karo r1243	READ:VIDEO_READER	NO_CREATE;NO_EDIT;NO_WEB
1244	read_video	short	VIDEO	1	iske andar kya hai batao r1244	READ:VIDEO_READER	NO_CREATE;NO_EDIT;NO_WEB
1245	read_video	long	VIDEO	0	please video ko review karo r1245	READ:VIDEO_READER	NO_CREATE;NO_EDIT;NO_WEB
1246	read_video	reversed	VIDEO	1	ye video dekh ke samjhao r1246	READ:VIDEO_READER	NO_CREATE;NO_EDIT;NO_WEB
1247	read_video	nopunct	VIDEO	0	video ka content extract karo r1247	READ:VIDEO_READER	NO_CREATE;NO_EDIT;NO_WEB
1248	read_video	followup	VIDEO	1	open karke video ka summary batao r1248	READ:VIDEO_READER	NO_CREATE;NO_EDIT;NO_WEB
1249	read_video	hinglish	VIDEO	0	video padho r1249	READ:VIDEO_READER	NO_CREATE;NO_EDIT;NO_WEB
1250	read_video	english	VIDEO	1	Read this video r1250	READ:VIDEO_READER	NO_CREATE;NO_EDIT;NO_WEB
1251	read_video	spelling	VIDEO	0	video_251.mp4 check karo r1251	READ:VIDEO_READER	NO_CREATE;NO_EDIT;NO_WEB
1252	read_video	short	VIDEO	1	iske andar kya hai batao r1252	READ:VIDEO_READER	NO_CREATE;NO_EDIT;NO_WEB
1253	read_video	long	VIDEO	0	please video ko review karo r1253	READ:VIDEO_READER	NO_CREATE;NO_EDIT;NO_WEB
1254	read_video	reversed	VIDEO	1	ye video dekh ke samjhao r1254	READ:VIDEO_READER	NO_CREATE;NO_EDIT;NO_WEB
1255	read_video	nopunct	VIDEO	0	video ka content extract karo r1255	READ:VIDEO_READER	NO_CREATE;NO_EDIT;NO_WEB
1256	read_video	followup	VIDEO	1	open karke video ka summary batao r1256	READ:VIDEO_READER	NO_CREATE;NO_EDIT;NO_WEB
1257	read_video	hinglish	VIDEO	0	video padho r1257	READ:VIDEO_READER	NO_CREATE;NO_EDIT;NO_WEB
1258	read_video	english	VIDEO	1	Read this video r1258	READ:VIDEO_READER	NO_CREATE;NO_EDIT;NO_WEB
1259	read_video	spelling	VIDEO	0	video_259.mp4 check karo r1259	READ:VIDEO_READER	NO_CREATE;NO_EDIT;NO_WEB
1260	read_video	short	VIDEO	1	iske andar kya hai batao r1260	READ:VIDEO_READER	NO_CREATE;NO_EDIT;NO_WEB
1261	read_video	long	VIDEO	0	please video ko review karo r1261	READ:VIDEO_READER	NO_CREATE;NO_EDIT;NO_WEB
1262	read_video	reversed	VIDEO	1	ye video dekh ke samjhao r1262	READ:VIDEO_READER	NO_CREATE;NO_EDIT;NO_WEB
1263	read_video	nopunct	VIDEO	0	video ka content extract karo r1263	READ:VIDEO_READER	NO_CREATE;NO_EDIT;NO_WEB
1264	read_video	followup	VIDEO	1	open karke video ka summary batao r1264	READ:VIDEO_READER	NO_CREATE;NO_EDIT;NO_WEB
1265	read_video	hinglish	VIDEO	0	video padho r1265	READ:VIDEO_READER	NO_CREATE;NO_EDIT;NO_WEB
1266	read_video	english	VIDEO	1	Read this video r1266	READ:VIDEO_READER	NO_CREATE;NO_EDIT;NO_WEB
1267	read_video	spelling	VIDEO	0	video_267.mp4 check karo r1267	READ:VIDEO_READER	NO_CREATE;NO_EDIT;NO_WEB
1268	read_video	short	VIDEO	1	iske andar kya hai batao r1268	READ:VIDEO_READER	NO_CREATE;NO_EDIT;NO_WEB
1269	read_video	long	VIDEO	0	please video ko review karo r1269	READ:VIDEO_READER	NO_CREATE;NO_EDIT;NO_WEB
1270	read_video	reversed	VIDEO	1	ye video dekh ke samjhao r1270	READ:VIDEO_READER	NO_CREATE;NO_EDIT;NO_WEB
1271	read_video	nopunct	VIDEO	0	video ka content extract karo r1271	READ:VIDEO_READER	NO_CREATE;NO_EDIT;NO_WEB
1272	read_video	followup	VIDEO	1	open karke video ka summary batao r1272	READ:VIDEO_READER	NO_CREATE;NO_EDIT;NO_WEB
1273	read_video	hinglish	VIDEO	0	video padho r1273	READ:VIDEO_READER	NO_CREATE;NO_EDIT;NO_WEB
1274	read_video	english	VIDEO	1	Read this video r1274	READ:VIDEO_READER	NO_CREATE;NO_EDIT;NO_WEB
1275	read_video	spelling	VIDEO	0	video_275.mp4 check karo r1275	READ:VIDEO_READER	NO_CREATE;NO_EDIT;NO_WEB
1276	read_video	short	VIDEO	1	iske andar kya hai batao r1276	READ:VIDEO_READER	NO_CREATE;NO_EDIT;NO_WEB
1277	read_video	long	VIDEO	0	please video ko review karo r1277	READ:VIDEO_READER	NO_CREATE;NO_EDIT;NO_WEB
1278	read_video	reversed	VIDEO	1	ye video dekh ke samjhao r1278	READ:VIDEO_READER	NO_CREATE;NO_EDIT;NO_WEB
1279	read_video	nopunct	VIDEO	0	video ka content extract karo r1279	READ:VIDEO_READER	NO_CREATE;NO_EDIT;NO_WEB
1280	read_video	followup	VIDEO	1	open karke video ka summary batao r1280	READ:VIDEO_READER	NO_CREATE;NO_EDIT;NO_WEB
1281	read_video	hinglish	VIDEO	0	video padho r1281	READ:VIDEO_READER	NO_CREATE;NO_EDIT;NO_WEB
1282	read_video	english	VIDEO	1	Read this video r1282	READ:VIDEO_READER	NO_CREATE;NO_EDIT;NO_WEB
1283	read_video	spelling	VIDEO	0	video_283.mp4 check karo r1283	READ:VIDEO_READER	NO_CREATE;NO_EDIT;NO_WEB
1284	read_video	short	VIDEO	1	iske andar kya hai batao r1284	READ:VIDEO_READER	NO_CREATE;NO_EDIT;NO_WEB
1285	read_video	long	VIDEO	0	please video ko review karo r1285	READ:VIDEO_READER	NO_CREATE;NO_EDIT;NO_WEB
1286	read_video	reversed	VIDEO	1	ye video dekh ke samjhao r1286	READ:VIDEO_READER	NO_CREATE;NO_EDIT;NO_WEB
1287	read_video	nopunct	VIDEO	0	video ka content extract karo r1287	READ:VIDEO_READER	NO_CREATE;NO_EDIT;NO_WEB
1288	read_video	followup	VIDEO	1	open karke video ka summary batao r1288	READ:VIDEO_READER	NO_CREATE;NO_EDIT;NO_WEB
1289	read_video	hinglish	VIDEO	0	video padho r1289	READ:VIDEO_READER	NO_CREATE;NO_EDIT;NO_WEB
1290	read_video	english	VIDEO	1	Read this video r1290	READ:VIDEO_READER	NO_CREATE;NO_EDIT;NO_WEB
1291	read_video	spelling	VIDEO	0	video_291.mp4 check karo r1291	READ:VIDEO_READER	NO_CREATE;NO_EDIT;NO_WEB
1292	read_video	short	VIDEO	1	iske andar kya hai batao r1292	READ:VIDEO_READER	NO_CREATE;NO_EDIT;NO_WEB
1293	read_video	long	VIDEO	0	please video ko review karo r1293	READ:VIDEO_READER	NO_CREATE;NO_EDIT;NO_WEB
1294	read_video	reversed	VIDEO	1	ye video dekh ke samjhao r1294	READ:VIDEO_READER	NO_CREATE;NO_EDIT;NO_WEB
1295	read_video	nopunct	VIDEO	0	video ka content extract karo r1295	READ:VIDEO_READER	NO_CREATE;NO_EDIT;NO_WEB
1296	read_video	followup	VIDEO	1	open karke video ka summary batao r1296	READ:VIDEO_READER	NO_CREATE;NO_EDIT;NO_WEB
1297	read_video	hinglish	VIDEO	0	video padho r1297	READ:VIDEO_READER	NO_CREATE;NO_EDIT;NO_WEB
1298	read_video	english	VIDEO	1	Read this video r1298	READ:VIDEO_READER	NO_CREATE;NO_EDIT;NO_WEB
1299	read_video	spelling	VIDEO	0	video_299.mp4 check karo r1299	READ:VIDEO_READER	NO_CREATE;NO_EDIT;NO_WEB
1300	read_video	short	VIDEO	1	iske andar kya hai batao r1300	READ:VIDEO_READER	NO_CREATE;NO_EDIT;NO_WEB
1301	read_zip	hinglish	ZIP	0	zip padho r1301	READ:PROJECT_ZIP_READER	NO_CREATE;NO_EDIT;NO_WEB
1302	read_zip	english	ZIP	1	Read this zip r1302	READ:PROJECT_ZIP_READER	NO_CREATE;NO_EDIT;NO_WEB
1303	read_zip	spelling	ZIP	0	zip_3.zip check karo r1303	READ:PROJECT_ZIP_READER	NO_CREATE;NO_EDIT;NO_WEB
1304	read_zip	short	ZIP	1	iske andar kya hai batao r1304	READ:PROJECT_ZIP_READER	NO_CREATE;NO_EDIT;NO_WEB
1305	read_zip	long	ZIP	0	please zip ko review karo r1305	READ:PROJECT_ZIP_READER	NO_CREATE;NO_EDIT;NO_WEB
1306	read_zip	reversed	ZIP	1	ye zip dekh ke samjhao r1306	READ:PROJECT_ZIP_READER	NO_CREATE;NO_EDIT;NO_WEB
1307	read_zip	nopunct	ZIP	0	zip ka content extract karo r1307	READ:PROJECT_ZIP_READER	NO_CREATE;NO_EDIT;NO_WEB
1308	read_zip	followup	ZIP	1	open karke zip ka summary batao r1308	READ:PROJECT_ZIP_READER	NO_CREATE;NO_EDIT;NO_WEB
1309	read_zip	hinglish	ZIP	0	zip padho r1309	READ:PROJECT_ZIP_READER	NO_CREATE;NO_EDIT;NO_WEB
1310	read_zip	english	ZIP	1	Read this zip r1310	READ:PROJECT_ZIP_READER	NO_CREATE;NO_EDIT;NO_WEB
1311	read_zip	spelling	ZIP	0	zip_11.zip check karo r1311	READ:PROJECT_ZIP_READER	NO_CREATE;NO_EDIT;NO_WEB
1312	read_zip	short	ZIP	1	iske andar kya hai batao r1312	READ:PROJECT_ZIP_READER	NO_CREATE;NO_EDIT;NO_WEB
1313	read_zip	long	ZIP	0	please zip ko review karo r1313	READ:PROJECT_ZIP_READER	NO_CREATE;NO_EDIT;NO_WEB
1314	read_zip	reversed	ZIP	1	ye zip dekh ke samjhao r1314	READ:PROJECT_ZIP_READER	NO_CREATE;NO_EDIT;NO_WEB
1315	read_zip	nopunct	ZIP	0	zip ka content extract karo r1315	READ:PROJECT_ZIP_READER	NO_CREATE;NO_EDIT;NO_WEB
1316	read_zip	followup	ZIP	1	open karke zip ka summary batao r1316	READ:PROJECT_ZIP_READER	NO_CREATE;NO_EDIT;NO_WEB
1317	read_zip	hinglish	ZIP	0	zip padho r1317	READ:PROJECT_ZIP_READER	NO_CREATE;NO_EDIT;NO_WEB
1318	read_zip	english	ZIP	1	Read this zip r1318	READ:PROJECT_ZIP_READER	NO_CREATE;NO_EDIT;NO_WEB
1319	read_zip	spelling	ZIP	0	zip_19.zip check karo r1319	READ:PROJECT_ZIP_READER	NO_CREATE;NO_EDIT;NO_WEB
1320	read_zip	short	ZIP	1	iske andar kya hai batao r1320	READ:PROJECT_ZIP_READER	NO_CREATE;NO_EDIT;NO_WEB
1321	read_zip	long	ZIP	0	please zip ko review karo r1321	READ:PROJECT_ZIP_READER	NO_CREATE;NO_EDIT;NO_WEB
1322	read_zip	reversed	ZIP	1	ye zip dekh ke samjhao r1322	READ:PROJECT_ZIP_READER	NO_CREATE;NO_EDIT;NO_WEB
1323	read_zip	nopunct	ZIP	0	zip ka content extract karo r1323	READ:PROJECT_ZIP_READER	NO_CREATE;NO_EDIT;NO_WEB
1324	read_zip	followup	ZIP	1	open karke zip ka summary batao r1324	READ:PROJECT_ZIP_READER	NO_CREATE;NO_EDIT;NO_WEB
1325	read_zip	hinglish	ZIP	0	zip padho r1325	READ:PROJECT_ZIP_READER	NO_CREATE;NO_EDIT;NO_WEB
1326	read_zip	english	ZIP	1	Read this zip r1326	READ:PROJECT_ZIP_READER	NO_CREATE;NO_EDIT;NO_WEB
1327	read_zip	spelling	ZIP	0	zip_27.zip check karo r1327	READ:PROJECT_ZIP_READER	NO_CREATE;NO_EDIT;NO_WEB
1328	read_zip	short	ZIP	1	iske andar kya hai batao r1328	READ:PROJECT_ZIP_READER	NO_CREATE;NO_EDIT;NO_WEB
1329	read_zip	long	ZIP	0	please zip ko review karo r1329	READ:PROJECT_ZIP_READER	NO_CREATE;NO_EDIT;NO_WEB
1330	read_zip	reversed	ZIP	1	ye zip dekh ke samjhao r1330	READ:PROJECT_ZIP_READER	NO_CREATE;NO_EDIT;NO_WEB
1331	read_zip	nopunct	ZIP	0	zip ka content extract karo r1331	READ:PROJECT_ZIP_READER	NO_CREATE;NO_EDIT;NO_WEB
1332	read_zip	followup	ZIP	1	open karke zip ka summary batao r1332	READ:PROJECT_ZIP_READER	NO_CREATE;NO_EDIT;NO_WEB
1333	read_zip	hinglish	ZIP	0	zip padho r1333	READ:PROJECT_ZIP_READER	NO_CREATE;NO_EDIT;NO_WEB
1334	read_zip	english	ZIP	1	Read this zip r1334	READ:PROJECT_ZIP_READER	NO_CREATE;NO_EDIT;NO_WEB
1335	read_zip	spelling	ZIP	0	zip_35.zip check karo r1335	READ:PROJECT_ZIP_READER	NO_CREATE;NO_EDIT;NO_WEB
1336	read_zip	short	ZIP	1	iske andar kya hai batao r1336	READ:PROJECT_ZIP_READER	NO_CREATE;NO_EDIT;NO_WEB
1337	read_zip	long	ZIP	0	please zip ko review karo r1337	READ:PROJECT_ZIP_READER	NO_CREATE;NO_EDIT;NO_WEB
1338	read_zip	reversed	ZIP	1	ye zip dekh ke samjhao r1338	READ:PROJECT_ZIP_READER	NO_CREATE;NO_EDIT;NO_WEB
1339	read_zip	nopunct	ZIP	0	zip ka content extract karo r1339	READ:PROJECT_ZIP_READER	NO_CREATE;NO_EDIT;NO_WEB
1340	read_zip	followup	ZIP	1	open karke zip ka summary batao r1340	READ:PROJECT_ZIP_READER	NO_CREATE;NO_EDIT;NO_WEB
1341	read_zip	hinglish	ZIP	0	zip padho r1341	READ:PROJECT_ZIP_READER	NO_CREATE;NO_EDIT;NO_WEB
1342	read_zip	english	ZIP	1	Read this zip r1342	READ:PROJECT_ZIP_READER	NO_CREATE;NO_EDIT;NO_WEB
1343	read_zip	spelling	ZIP	0	zip_43.zip check karo r1343	READ:PROJECT_ZIP_READER	NO_CREATE;NO_EDIT;NO_WEB
1344	read_zip	short	ZIP	1	iske andar kya hai batao r1344	READ:PROJECT_ZIP_READER	NO_CREATE;NO_EDIT;NO_WEB
1345	read_zip	long	ZIP	0	please zip ko review karo r1345	READ:PROJECT_ZIP_READER	NO_CREATE;NO_EDIT;NO_WEB
1346	read_zip	reversed	ZIP	1	ye zip dekh ke samjhao r1346	READ:PROJECT_ZIP_READER	NO_CREATE;NO_EDIT;NO_WEB
1347	read_zip	nopunct	ZIP	0	zip ka content extract karo r1347	READ:PROJECT_ZIP_READER	NO_CREATE;NO_EDIT;NO_WEB
1348	read_zip	followup	ZIP	1	open karke zip ka summary batao r1348	READ:PROJECT_ZIP_READER	NO_CREATE;NO_EDIT;NO_WEB
1349	read_zip	hinglish	ZIP	0	zip padho r1349	READ:PROJECT_ZIP_READER	NO_CREATE;NO_EDIT;NO_WEB
1350	read_zip	english	ZIP	1	Read this zip r1350	READ:PROJECT_ZIP_READER	NO_CREATE;NO_EDIT;NO_WEB
1351	read_zip	spelling	ZIP	0	zip_51.zip check karo r1351	READ:PROJECT_ZIP_READER	NO_CREATE;NO_EDIT;NO_WEB
1352	read_zip	short	ZIP	1	iske andar kya hai batao r1352	READ:PROJECT_ZIP_READER	NO_CREATE;NO_EDIT;NO_WEB
1353	read_zip	long	ZIP	0	please zip ko review karo r1353	READ:PROJECT_ZIP_READER	NO_CREATE;NO_EDIT;NO_WEB
1354	read_zip	reversed	ZIP	1	ye zip dekh ke samjhao r1354	READ:PROJECT_ZIP_READER	NO_CREATE;NO_EDIT;NO_WEB
1355	read_zip	nopunct	ZIP	0	zip ka content extract karo r1355	READ:PROJECT_ZIP_READER	NO_CREATE;NO_EDIT;NO_WEB
1356	read_zip	followup	ZIP	1	open karke zip ka summary batao r1356	READ:PROJECT_ZIP_READER	NO_CREATE;NO_EDIT;NO_WEB
1357	read_zip	hinglish	ZIP	0	zip padho r1357	READ:PROJECT_ZIP_READER	NO_CREATE;NO_EDIT;NO_WEB
1358	read_zip	english	ZIP	1	Read this zip r1358	READ:PROJECT_ZIP_READER	NO_CREATE;NO_EDIT;NO_WEB
1359	read_zip	spelling	ZIP	0	zip_59.zip check karo r1359	READ:PROJECT_ZIP_READER	NO_CREATE;NO_EDIT;NO_WEB
1360	read_zip	short	ZIP	1	iske andar kya hai batao r1360	READ:PROJECT_ZIP_READER	NO_CREATE;NO_EDIT;NO_WEB
1361	read_zip	long	ZIP	0	please zip ko review karo r1361	READ:PROJECT_ZIP_READER	NO_CREATE;NO_EDIT;NO_WEB
1362	read_zip	reversed	ZIP	1	ye zip dekh ke samjhao r1362	READ:PROJECT_ZIP_READER	NO_CREATE;NO_EDIT;NO_WEB
1363	read_zip	nopunct	ZIP	0	zip ka content extract karo r1363	READ:PROJECT_ZIP_READER	NO_CREATE;NO_EDIT;NO_WEB
1364	read_zip	followup	ZIP	1	open karke zip ka summary batao r1364	READ:PROJECT_ZIP_READER	NO_CREATE;NO_EDIT;NO_WEB
1365	read_zip	hinglish	ZIP	0	zip padho r1365	READ:PROJECT_ZIP_READER	NO_CREATE;NO_EDIT;NO_WEB
1366	read_zip	english	ZIP	1	Read this zip r1366	READ:PROJECT_ZIP_READER	NO_CREATE;NO_EDIT;NO_WEB
1367	read_zip	spelling	ZIP	0	zip_67.zip check karo r1367	READ:PROJECT_ZIP_READER	NO_CREATE;NO_EDIT;NO_WEB
1368	read_zip	short	ZIP	1	iske andar kya hai batao r1368	READ:PROJECT_ZIP_READER	NO_CREATE;NO_EDIT;NO_WEB
1369	read_zip	long	ZIP	0	please zip ko review karo r1369	READ:PROJECT_ZIP_READER	NO_CREATE;NO_EDIT;NO_WEB
1370	read_zip	reversed	ZIP	1	ye zip dekh ke samjhao r1370	READ:PROJECT_ZIP_READER	NO_CREATE;NO_EDIT;NO_WEB
1371	read_zip	nopunct	ZIP	0	zip ka content extract karo r1371	READ:PROJECT_ZIP_READER	NO_CREATE;NO_EDIT;NO_WEB
1372	read_zip	followup	ZIP	1	open karke zip ka summary batao r1372	READ:PROJECT_ZIP_READER	NO_CREATE;NO_EDIT;NO_WEB
1373	read_zip	hinglish	ZIP	0	zip padho r1373	READ:PROJECT_ZIP_READER	NO_CREATE;NO_EDIT;NO_WEB
1374	read_zip	english	ZIP	1	Read this zip r1374	READ:PROJECT_ZIP_READER	NO_CREATE;NO_EDIT;NO_WEB
1375	read_zip	spelling	ZIP	0	zip_75.zip check karo r1375	READ:PROJECT_ZIP_READER	NO_CREATE;NO_EDIT;NO_WEB
1376	read_zip	short	ZIP	1	iske andar kya hai batao r1376	READ:PROJECT_ZIP_READER	NO_CREATE;NO_EDIT;NO_WEB
1377	read_zip	long	ZIP	0	please zip ko review karo r1377	READ:PROJECT_ZIP_READER	NO_CREATE;NO_EDIT;NO_WEB
1378	read_zip	reversed	ZIP	1	ye zip dekh ke samjhao r1378	READ:PROJECT_ZIP_READER	NO_CREATE;NO_EDIT;NO_WEB
1379	read_zip	nopunct	ZIP	0	zip ka content extract karo r1379	READ:PROJECT_ZIP_READER	NO_CREATE;NO_EDIT;NO_WEB
1380	read_zip	followup	ZIP	1	open karke zip ka summary batao r1380	READ:PROJECT_ZIP_READER	NO_CREATE;NO_EDIT;NO_WEB
1381	read_zip	hinglish	ZIP	0	zip padho r1381	READ:PROJECT_ZIP_READER	NO_CREATE;NO_EDIT;NO_WEB
1382	read_zip	english	ZIP	1	Read this zip r1382	READ:PROJECT_ZIP_READER	NO_CREATE;NO_EDIT;NO_WEB
1383	read_zip	spelling	ZIP	0	zip_83.zip check karo r1383	READ:PROJECT_ZIP_READER	NO_CREATE;NO_EDIT;NO_WEB
1384	read_zip	short	ZIP	1	iske andar kya hai batao r1384	READ:PROJECT_ZIP_READER	NO_CREATE;NO_EDIT;NO_WEB
1385	read_zip	long	ZIP	0	please zip ko review karo r1385	READ:PROJECT_ZIP_READER	NO_CREATE;NO_EDIT;NO_WEB
1386	read_zip	reversed	ZIP	1	ye zip dekh ke samjhao r1386	READ:PROJECT_ZIP_READER	NO_CREATE;NO_EDIT;NO_WEB
1387	read_zip	nopunct	ZIP	0	zip ka content extract karo r1387	READ:PROJECT_ZIP_READER	NO_CREATE;NO_EDIT;NO_WEB
1388	read_zip	followup	ZIP	1	open karke zip ka summary batao r1388	READ:PROJECT_ZIP_READER	NO_CREATE;NO_EDIT;NO_WEB
1389	read_zip	hinglish	ZIP	0	zip padho r1389	READ:PROJECT_ZIP_READER	NO_CREATE;NO_EDIT;NO_WEB
1390	read_zip	english	ZIP	1	Read this zip r1390	READ:PROJECT_ZIP_READER	NO_CREATE;NO_EDIT;NO_WEB
1391	read_zip	spelling	ZIP	0	zip_91.zip check karo r1391	READ:PROJECT_ZIP_READER	NO_CREATE;NO_EDIT;NO_WEB
1392	read_zip	short	ZIP	1	iske andar kya hai batao r1392	READ:PROJECT_ZIP_READER	NO_CREATE;NO_EDIT;NO_WEB
1393	read_zip	long	ZIP	0	please zip ko review karo r1393	READ:PROJECT_ZIP_READER	NO_CREATE;NO_EDIT;NO_WEB
1394	read_zip	reversed	ZIP	1	ye zip dekh ke samjhao r1394	READ:PROJECT_ZIP_READER	NO_CREATE;NO_EDIT;NO_WEB
1395	read_zip	nopunct	ZIP	0	zip ka content extract karo r1395	READ:PROJECT_ZIP_READER	NO_CREATE;NO_EDIT;NO_WEB
1396	read_zip	followup	ZIP	1	open karke zip ka summary batao r1396	READ:PROJECT_ZIP_READER	NO_CREATE;NO_EDIT;NO_WEB
1397	read_zip	hinglish	ZIP	0	zip padho r1397	READ:PROJECT_ZIP_READER	NO_CREATE;NO_EDIT;NO_WEB
1398	read_zip	english	ZIP	1	Read this zip r1398	READ:PROJECT_ZIP_READER	NO_CREATE;NO_EDIT;NO_WEB
1399	read_zip	spelling	ZIP	0	zip_99.zip check karo r1399	READ:PROJECT_ZIP_READER	NO_CREATE;NO_EDIT;NO_WEB
1400	read_zip	short	ZIP	1	iske andar kya hai batao r1400	READ:PROJECT_ZIP_READER	NO_CREATE;NO_EDIT;NO_WEB
1401	read_zip	long	ZIP	0	please zip ko review karo r1401	READ:PROJECT_ZIP_READER	NO_CREATE;NO_EDIT;NO_WEB
1402	read_zip	reversed	ZIP	1	ye zip dekh ke samjhao r1402	READ:PROJECT_ZIP_READER	NO_CREATE;NO_EDIT;NO_WEB
1403	read_zip	nopunct	ZIP	0	zip ka content extract karo r1403	READ:PROJECT_ZIP_READER	NO_CREATE;NO_EDIT;NO_WEB
1404	read_zip	followup	ZIP	1	open karke zip ka summary batao r1404	READ:PROJECT_ZIP_READER	NO_CREATE;NO_EDIT;NO_WEB
1405	read_zip	hinglish	ZIP	0	zip padho r1405	READ:PROJECT_ZIP_READER	NO_CREATE;NO_EDIT;NO_WEB
1406	read_zip	english	ZIP	1	Read this zip r1406	READ:PROJECT_ZIP_READER	NO_CREATE;NO_EDIT;NO_WEB
1407	read_zip	spelling	ZIP	0	zip_107.zip check karo r1407	READ:PROJECT_ZIP_READER	NO_CREATE;NO_EDIT;NO_WEB
1408	read_zip	short	ZIP	1	iske andar kya hai batao r1408	READ:PROJECT_ZIP_READER	NO_CREATE;NO_EDIT;NO_WEB
1409	read_zip	long	ZIP	0	please zip ko review karo r1409	READ:PROJECT_ZIP_READER	NO_CREATE;NO_EDIT;NO_WEB
1410	read_zip	reversed	ZIP	1	ye zip dekh ke samjhao r1410	READ:PROJECT_ZIP_READER	NO_CREATE;NO_EDIT;NO_WEB
1411	read_zip	nopunct	ZIP	0	zip ka content extract karo r1411	READ:PROJECT_ZIP_READER	NO_CREATE;NO_EDIT;NO_WEB
1412	read_zip	followup	ZIP	1	open karke zip ka summary batao r1412	READ:PROJECT_ZIP_READER	NO_CREATE;NO_EDIT;NO_WEB
1413	read_zip	hinglish	ZIP	0	zip padho r1413	READ:PROJECT_ZIP_READER	NO_CREATE;NO_EDIT;NO_WEB
1414	read_zip	english	ZIP	1	Read this zip r1414	READ:PROJECT_ZIP_READER	NO_CREATE;NO_EDIT;NO_WEB
1415	read_zip	spelling	ZIP	0	zip_115.zip check karo r1415	READ:PROJECT_ZIP_READER	NO_CREATE;NO_EDIT;NO_WEB
1416	read_zip	short	ZIP	1	iske andar kya hai batao r1416	READ:PROJECT_ZIP_READER	NO_CREATE;NO_EDIT;NO_WEB
1417	read_zip	long	ZIP	0	please zip ko review karo r1417	READ:PROJECT_ZIP_READER	NO_CREATE;NO_EDIT;NO_WEB
1418	read_zip	reversed	ZIP	1	ye zip dekh ke samjhao r1418	READ:PROJECT_ZIP_READER	NO_CREATE;NO_EDIT;NO_WEB
1419	read_zip	nopunct	ZIP	0	zip ka content extract karo r1419	READ:PROJECT_ZIP_READER	NO_CREATE;NO_EDIT;NO_WEB
1420	read_zip	followup	ZIP	1	open karke zip ka summary batao r1420	READ:PROJECT_ZIP_READER	NO_CREATE;NO_EDIT;NO_WEB
1421	read_zip	hinglish	ZIP	0	zip padho r1421	READ:PROJECT_ZIP_READER	NO_CREATE;NO_EDIT;NO_WEB
1422	read_zip	english	ZIP	1	Read this zip r1422	READ:PROJECT_ZIP_READER	NO_CREATE;NO_EDIT;NO_WEB
1423	read_zip	spelling	ZIP	0	zip_123.zip check karo r1423	READ:PROJECT_ZIP_READER	NO_CREATE;NO_EDIT;NO_WEB
1424	read_zip	short	ZIP	1	iske andar kya hai batao r1424	READ:PROJECT_ZIP_READER	NO_CREATE;NO_EDIT;NO_WEB
1425	read_zip	long	ZIP	0	please zip ko review karo r1425	READ:PROJECT_ZIP_READER	NO_CREATE;NO_EDIT;NO_WEB
1426	read_zip	reversed	ZIP	1	ye zip dekh ke samjhao r1426	READ:PROJECT_ZIP_READER	NO_CREATE;NO_EDIT;NO_WEB
1427	read_zip	nopunct	ZIP	0	zip ka content extract karo r1427	READ:PROJECT_ZIP_READER	NO_CREATE;NO_EDIT;NO_WEB
1428	read_zip	followup	ZIP	1	open karke zip ka summary batao r1428	READ:PROJECT_ZIP_READER	NO_CREATE;NO_EDIT;NO_WEB
1429	read_zip	hinglish	ZIP	0	zip padho r1429	READ:PROJECT_ZIP_READER	NO_CREATE;NO_EDIT;NO_WEB
1430	read_zip	english	ZIP	1	Read this zip r1430	READ:PROJECT_ZIP_READER	NO_CREATE;NO_EDIT;NO_WEB
1431	read_zip	spelling	ZIP	0	zip_131.zip check karo r1431	READ:PROJECT_ZIP_READER	NO_CREATE;NO_EDIT;NO_WEB
1432	read_zip	short	ZIP	1	iske andar kya hai batao r1432	READ:PROJECT_ZIP_READER	NO_CREATE;NO_EDIT;NO_WEB
1433	read_zip	long	ZIP	0	please zip ko review karo r1433	READ:PROJECT_ZIP_READER	NO_CREATE;NO_EDIT;NO_WEB
1434	read_zip	reversed	ZIP	1	ye zip dekh ke samjhao r1434	READ:PROJECT_ZIP_READER	NO_CREATE;NO_EDIT;NO_WEB
1435	read_zip	nopunct	ZIP	0	zip ka content extract karo r1435	READ:PROJECT_ZIP_READER	NO_CREATE;NO_EDIT;NO_WEB
1436	read_zip	followup	ZIP	1	open karke zip ka summary batao r1436	READ:PROJECT_ZIP_READER	NO_CREATE;NO_EDIT;NO_WEB
1437	read_zip	hinglish	ZIP	0	zip padho r1437	READ:PROJECT_ZIP_READER	NO_CREATE;NO_EDIT;NO_WEB
1438	read_zip	english	ZIP	1	Read this zip r1438	READ:PROJECT_ZIP_READER	NO_CREATE;NO_EDIT;NO_WEB
1439	read_zip	spelling	ZIP	0	zip_139.zip check karo r1439	READ:PROJECT_ZIP_READER	NO_CREATE;NO_EDIT;NO_WEB
1440	read_zip	short	ZIP	1	iske andar kya hai batao r1440	READ:PROJECT_ZIP_READER	NO_CREATE;NO_EDIT;NO_WEB
1441	read_zip	long	ZIP	0	please zip ko review karo r1441	READ:PROJECT_ZIP_READER	NO_CREATE;NO_EDIT;NO_WEB
1442	read_zip	reversed	ZIP	1	ye zip dekh ke samjhao r1442	READ:PROJECT_ZIP_READER	NO_CREATE;NO_EDIT;NO_WEB
1443	read_zip	nopunct	ZIP	0	zip ka content extract karo r1443	READ:PROJECT_ZIP_READER	NO_CREATE;NO_EDIT;NO_WEB
1444	read_zip	followup	ZIP	1	open karke zip ka summary batao r1444	READ:PROJECT_ZIP_READER	NO_CREATE;NO_EDIT;NO_WEB
1445	read_zip	hinglish	ZIP	0	zip padho r1445	READ:PROJECT_ZIP_READER	NO_CREATE;NO_EDIT;NO_WEB
1446	read_zip	english	ZIP	1	Read this zip r1446	READ:PROJECT_ZIP_READER	NO_CREATE;NO_EDIT;NO_WEB
1447	read_zip	spelling	ZIP	0	zip_147.zip check karo r1447	READ:PROJECT_ZIP_READER	NO_CREATE;NO_EDIT;NO_WEB
1448	read_zip	short	ZIP	1	iske andar kya hai batao r1448	READ:PROJECT_ZIP_READER	NO_CREATE;NO_EDIT;NO_WEB
1449	read_zip	long	ZIP	0	please zip ko review karo r1449	READ:PROJECT_ZIP_READER	NO_CREATE;NO_EDIT;NO_WEB
1450	read_zip	reversed	ZIP	1	ye zip dekh ke samjhao r1450	READ:PROJECT_ZIP_READER	NO_CREATE;NO_EDIT;NO_WEB
1451	read_zip	nopunct	ZIP	0	zip ka content extract karo r1451	READ:PROJECT_ZIP_READER	NO_CREATE;NO_EDIT;NO_WEB
1452	read_zip	followup	ZIP	1	open karke zip ka summary batao r1452	READ:PROJECT_ZIP_READER	NO_CREATE;NO_EDIT;NO_WEB
1453	read_zip	hinglish	ZIP	0	zip padho r1453	READ:PROJECT_ZIP_READER	NO_CREATE;NO_EDIT;NO_WEB
1454	read_zip	english	ZIP	1	Read this zip r1454	READ:PROJECT_ZIP_READER	NO_CREATE;NO_EDIT;NO_WEB
1455	read_zip	spelling	ZIP	0	zip_155.zip check karo r1455	READ:PROJECT_ZIP_READER	NO_CREATE;NO_EDIT;NO_WEB
1456	read_zip	short	ZIP	1	iske andar kya hai batao r1456	READ:PROJECT_ZIP_READER	NO_CREATE;NO_EDIT;NO_WEB
1457	read_zip	long	ZIP	0	please zip ko review karo r1457	READ:PROJECT_ZIP_READER	NO_CREATE;NO_EDIT;NO_WEB
1458	read_zip	reversed	ZIP	1	ye zip dekh ke samjhao r1458	READ:PROJECT_ZIP_READER	NO_CREATE;NO_EDIT;NO_WEB
1459	read_zip	nopunct	ZIP	0	zip ka content extract karo r1459	READ:PROJECT_ZIP_READER	NO_CREATE;NO_EDIT;NO_WEB
1460	read_zip	followup	ZIP	1	open karke zip ka summary batao r1460	READ:PROJECT_ZIP_READER	NO_CREATE;NO_EDIT;NO_WEB
1461	read_zip	hinglish	ZIP	0	zip padho r1461	READ:PROJECT_ZIP_READER	NO_CREATE;NO_EDIT;NO_WEB
1462	read_zip	english	ZIP	1	Read this zip r1462	READ:PROJECT_ZIP_READER	NO_CREATE;NO_EDIT;NO_WEB
1463	read_zip	spelling	ZIP	0	zip_163.zip check karo r1463	READ:PROJECT_ZIP_READER	NO_CREATE;NO_EDIT;NO_WEB
1464	read_zip	short	ZIP	1	iske andar kya hai batao r1464	READ:PROJECT_ZIP_READER	NO_CREATE;NO_EDIT;NO_WEB
1465	read_zip	long	ZIP	0	please zip ko review karo r1465	READ:PROJECT_ZIP_READER	NO_CREATE;NO_EDIT;NO_WEB
1466	read_zip	reversed	ZIP	1	ye zip dekh ke samjhao r1466	READ:PROJECT_ZIP_READER	NO_CREATE;NO_EDIT;NO_WEB
1467	read_zip	nopunct	ZIP	0	zip ka content extract karo r1467	READ:PROJECT_ZIP_READER	NO_CREATE;NO_EDIT;NO_WEB
1468	read_zip	followup	ZIP	1	open karke zip ka summary batao r1468	READ:PROJECT_ZIP_READER	NO_CREATE;NO_EDIT;NO_WEB
1469	read_zip	hinglish	ZIP	0	zip padho r1469	READ:PROJECT_ZIP_READER	NO_CREATE;NO_EDIT;NO_WEB
1470	read_zip	english	ZIP	1	Read this zip r1470	READ:PROJECT_ZIP_READER	NO_CREATE;NO_EDIT;NO_WEB
1471	read_zip	spelling	ZIP	0	zip_171.zip check karo r1471	READ:PROJECT_ZIP_READER	NO_CREATE;NO_EDIT;NO_WEB
1472	read_zip	short	ZIP	1	iske andar kya hai batao r1472	READ:PROJECT_ZIP_READER	NO_CREATE;NO_EDIT;NO_WEB
1473	read_zip	long	ZIP	0	please zip ko review karo r1473	READ:PROJECT_ZIP_READER	NO_CREATE;NO_EDIT;NO_WEB
1474	read_zip	reversed	ZIP	1	ye zip dekh ke samjhao r1474	READ:PROJECT_ZIP_READER	NO_CREATE;NO_EDIT;NO_WEB
1475	read_zip	nopunct	ZIP	0	zip ka content extract karo r1475	READ:PROJECT_ZIP_READER	NO_CREATE;NO_EDIT;NO_WEB
1476	read_zip	followup	ZIP	1	open karke zip ka summary batao r1476	READ:PROJECT_ZIP_READER	NO_CREATE;NO_EDIT;NO_WEB
1477	read_zip	hinglish	ZIP	0	zip padho r1477	READ:PROJECT_ZIP_READER	NO_CREATE;NO_EDIT;NO_WEB
1478	read_zip	english	ZIP	1	Read this zip r1478	READ:PROJECT_ZIP_READER	NO_CREATE;NO_EDIT;NO_WEB
1479	read_zip	spelling	ZIP	0	zip_179.zip check karo r1479	READ:PROJECT_ZIP_READER	NO_CREATE;NO_EDIT;NO_WEB
1480	read_zip	short	ZIP	1	iske andar kya hai batao r1480	READ:PROJECT_ZIP_READER	NO_CREATE;NO_EDIT;NO_WEB
1481	read_zip	long	ZIP	0	please zip ko review karo r1481	READ:PROJECT_ZIP_READER	NO_CREATE;NO_EDIT;NO_WEB
1482	read_zip	reversed	ZIP	1	ye zip dekh ke samjhao r1482	READ:PROJECT_ZIP_READER	NO_CREATE;NO_EDIT;NO_WEB
1483	read_zip	nopunct	ZIP	0	zip ka content extract karo r1483	READ:PROJECT_ZIP_READER	NO_CREATE;NO_EDIT;NO_WEB
1484	read_zip	followup	ZIP	1	open karke zip ka summary batao r1484	READ:PROJECT_ZIP_READER	NO_CREATE;NO_EDIT;NO_WEB
1485	read_zip	hinglish	ZIP	0	zip padho r1485	READ:PROJECT_ZIP_READER	NO_CREATE;NO_EDIT;NO_WEB
1486	read_zip	english	ZIP	1	Read this zip r1486	READ:PROJECT_ZIP_READER	NO_CREATE;NO_EDIT;NO_WEB
1487	read_zip	spelling	ZIP	0	zip_187.zip check karo r1487	READ:PROJECT_ZIP_READER	NO_CREATE;NO_EDIT;NO_WEB
1488	read_zip	short	ZIP	1	iske andar kya hai batao r1488	READ:PROJECT_ZIP_READER	NO_CREATE;NO_EDIT;NO_WEB
1489	read_zip	long	ZIP	0	please zip ko review karo r1489	READ:PROJECT_ZIP_READER	NO_CREATE;NO_EDIT;NO_WEB
1490	read_zip	reversed	ZIP	1	ye zip dekh ke samjhao r1490	READ:PROJECT_ZIP_READER	NO_CREATE;NO_EDIT;NO_WEB
1491	read_zip	nopunct	ZIP	0	zip ka content extract karo r1491	READ:PROJECT_ZIP_READER	NO_CREATE;NO_EDIT;NO_WEB
1492	read_zip	followup	ZIP	1	open karke zip ka summary batao r1492	READ:PROJECT_ZIP_READER	NO_CREATE;NO_EDIT;NO_WEB
1493	read_zip	hinglish	ZIP	0	zip padho r1493	READ:PROJECT_ZIP_READER	NO_CREATE;NO_EDIT;NO_WEB
1494	read_zip	english	ZIP	1	Read this zip r1494	READ:PROJECT_ZIP_READER	NO_CREATE;NO_EDIT;NO_WEB
1495	read_zip	spelling	ZIP	0	zip_195.zip check karo r1495	READ:PROJECT_ZIP_READER	NO_CREATE;NO_EDIT;NO_WEB
1496	read_zip	short	ZIP	1	iske andar kya hai batao r1496	READ:PROJECT_ZIP_READER	NO_CREATE;NO_EDIT;NO_WEB
1497	read_zip	long	ZIP	0	please zip ko review karo r1497	READ:PROJECT_ZIP_READER	NO_CREATE;NO_EDIT;NO_WEB
1498	read_zip	reversed	ZIP	1	ye zip dekh ke samjhao r1498	READ:PROJECT_ZIP_READER	NO_CREATE;NO_EDIT;NO_WEB
1499	read_zip	nopunct	ZIP	0	zip ka content extract karo r1499	READ:PROJECT_ZIP_READER	NO_CREATE;NO_EDIT;NO_WEB
1500	read_zip	followup	ZIP	1	open karke zip ka summary batao r1500	READ:PROJECT_ZIP_READER	NO_CREATE;NO_EDIT;NO_WEB
1501	read_zip	hinglish	ZIP	0	zip padho r1501	READ:PROJECT_ZIP_READER	NO_CREATE;NO_EDIT;NO_WEB
1502	read_zip	english	ZIP	1	Read this zip r1502	READ:PROJECT_ZIP_READER	NO_CREATE;NO_EDIT;NO_WEB
1503	read_zip	spelling	ZIP	0	zip_203.zip check karo r1503	READ:PROJECT_ZIP_READER	NO_CREATE;NO_EDIT;NO_WEB
1504	read_zip	short	ZIP	1	iske andar kya hai batao r1504	READ:PROJECT_ZIP_READER	NO_CREATE;NO_EDIT;NO_WEB
1505	read_zip	long	ZIP	0	please zip ko review karo r1505	READ:PROJECT_ZIP_READER	NO_CREATE;NO_EDIT;NO_WEB
1506	read_zip	reversed	ZIP	1	ye zip dekh ke samjhao r1506	READ:PROJECT_ZIP_READER	NO_CREATE;NO_EDIT;NO_WEB
1507	read_zip	nopunct	ZIP	0	zip ka content extract karo r1507	READ:PROJECT_ZIP_READER	NO_CREATE;NO_EDIT;NO_WEB
1508	read_zip	followup	ZIP	1	open karke zip ka summary batao r1508	READ:PROJECT_ZIP_READER	NO_CREATE;NO_EDIT;NO_WEB
1509	read_zip	hinglish	ZIP	0	zip padho r1509	READ:PROJECT_ZIP_READER	NO_CREATE;NO_EDIT;NO_WEB
1510	read_zip	english	ZIP	1	Read this zip r1510	READ:PROJECT_ZIP_READER	NO_CREATE;NO_EDIT;NO_WEB
1511	read_zip	spelling	ZIP	0	zip_211.zip check karo r1511	READ:PROJECT_ZIP_READER	NO_CREATE;NO_EDIT;NO_WEB
1512	read_zip	short	ZIP	1	iske andar kya hai batao r1512	READ:PROJECT_ZIP_READER	NO_CREATE;NO_EDIT;NO_WEB
1513	read_zip	long	ZIP	0	please zip ko review karo r1513	READ:PROJECT_ZIP_READER	NO_CREATE;NO_EDIT;NO_WEB
1514	read_zip	reversed	ZIP	1	ye zip dekh ke samjhao r1514	READ:PROJECT_ZIP_READER	NO_CREATE;NO_EDIT;NO_WEB
1515	read_zip	nopunct	ZIP	0	zip ka content extract karo r1515	READ:PROJECT_ZIP_READER	NO_CREATE;NO_EDIT;NO_WEB
1516	read_zip	followup	ZIP	1	open karke zip ka summary batao r1516	READ:PROJECT_ZIP_READER	NO_CREATE;NO_EDIT;NO_WEB
1517	read_zip	hinglish	ZIP	0	zip padho r1517	READ:PROJECT_ZIP_READER	NO_CREATE;NO_EDIT;NO_WEB
1518	read_zip	english	ZIP	1	Read this zip r1518	READ:PROJECT_ZIP_READER	NO_CREATE;NO_EDIT;NO_WEB
1519	read_zip	spelling	ZIP	0	zip_219.zip check karo r1519	READ:PROJECT_ZIP_READER	NO_CREATE;NO_EDIT;NO_WEB
1520	read_zip	short	ZIP	1	iske andar kya hai batao r1520	READ:PROJECT_ZIP_READER	NO_CREATE;NO_EDIT;NO_WEB
1521	read_zip	long	ZIP	0	please zip ko review karo r1521	READ:PROJECT_ZIP_READER	NO_CREATE;NO_EDIT;NO_WEB
1522	read_zip	reversed	ZIP	1	ye zip dekh ke samjhao r1522	READ:PROJECT_ZIP_READER	NO_CREATE;NO_EDIT;NO_WEB
1523	read_zip	nopunct	ZIP	0	zip ka content extract karo r1523	READ:PROJECT_ZIP_READER	NO_CREATE;NO_EDIT;NO_WEB
1524	read_zip	followup	ZIP	1	open karke zip ka summary batao r1524	READ:PROJECT_ZIP_READER	NO_CREATE;NO_EDIT;NO_WEB
1525	read_zip	hinglish	ZIP	0	zip padho r1525	READ:PROJECT_ZIP_READER	NO_CREATE;NO_EDIT;NO_WEB
1526	read_zip	english	ZIP	1	Read this zip r1526	READ:PROJECT_ZIP_READER	NO_CREATE;NO_EDIT;NO_WEB
1527	read_zip	spelling	ZIP	0	zip_227.zip check karo r1527	READ:PROJECT_ZIP_READER	NO_CREATE;NO_EDIT;NO_WEB
1528	read_zip	short	ZIP	1	iske andar kya hai batao r1528	READ:PROJECT_ZIP_READER	NO_CREATE;NO_EDIT;NO_WEB
1529	read_zip	long	ZIP	0	please zip ko review karo r1529	READ:PROJECT_ZIP_READER	NO_CREATE;NO_EDIT;NO_WEB
1530	read_zip	reversed	ZIP	1	ye zip dekh ke samjhao r1530	READ:PROJECT_ZIP_READER	NO_CREATE;NO_EDIT;NO_WEB
1531	read_zip	nopunct	ZIP	0	zip ka content extract karo r1531	READ:PROJECT_ZIP_READER	NO_CREATE;NO_EDIT;NO_WEB
1532	read_zip	followup	ZIP	1	open karke zip ka summary batao r1532	READ:PROJECT_ZIP_READER	NO_CREATE;NO_EDIT;NO_WEB
1533	read_zip	hinglish	ZIP	0	zip padho r1533	READ:PROJECT_ZIP_READER	NO_CREATE;NO_EDIT;NO_WEB
1534	read_zip	english	ZIP	1	Read this zip r1534	READ:PROJECT_ZIP_READER	NO_CREATE;NO_EDIT;NO_WEB
1535	read_zip	spelling	ZIP	0	zip_235.zip check karo r1535	READ:PROJECT_ZIP_READER	NO_CREATE;NO_EDIT;NO_WEB
1536	read_zip	short	ZIP	1	iske andar kya hai batao r1536	READ:PROJECT_ZIP_READER	NO_CREATE;NO_EDIT;NO_WEB
1537	read_zip	long	ZIP	0	please zip ko review karo r1537	READ:PROJECT_ZIP_READER	NO_CREATE;NO_EDIT;NO_WEB
1538	read_zip	reversed	ZIP	1	ye zip dekh ke samjhao r1538	READ:PROJECT_ZIP_READER	NO_CREATE;NO_EDIT;NO_WEB
1539	read_zip	nopunct	ZIP	0	zip ka content extract karo r1539	READ:PROJECT_ZIP_READER	NO_CREATE;NO_EDIT;NO_WEB
1540	read_zip	followup	ZIP	1	open karke zip ka summary batao r1540	READ:PROJECT_ZIP_READER	NO_CREATE;NO_EDIT;NO_WEB
1541	read_zip	hinglish	ZIP	0	zip padho r1541	READ:PROJECT_ZIP_READER	NO_CREATE;NO_EDIT;NO_WEB
1542	read_zip	english	ZIP	1	Read this zip r1542	READ:PROJECT_ZIP_READER	NO_CREATE;NO_EDIT;NO_WEB
1543	read_zip	spelling	ZIP	0	zip_243.zip check karo r1543	READ:PROJECT_ZIP_READER	NO_CREATE;NO_EDIT;NO_WEB
1544	read_zip	short	ZIP	1	iske andar kya hai batao r1544	READ:PROJECT_ZIP_READER	NO_CREATE;NO_EDIT;NO_WEB
1545	read_zip	long	ZIP	0	please zip ko review karo r1545	READ:PROJECT_ZIP_READER	NO_CREATE;NO_EDIT;NO_WEB
1546	read_zip	reversed	ZIP	1	ye zip dekh ke samjhao r1546	READ:PROJECT_ZIP_READER	NO_CREATE;NO_EDIT;NO_WEB
1547	read_zip	nopunct	ZIP	0	zip ka content extract karo r1547	READ:PROJECT_ZIP_READER	NO_CREATE;NO_EDIT;NO_WEB
1548	read_zip	followup	ZIP	1	open karke zip ka summary batao r1548	READ:PROJECT_ZIP_READER	NO_CREATE;NO_EDIT;NO_WEB
1549	read_zip	hinglish	ZIP	0	zip padho r1549	READ:PROJECT_ZIP_READER	NO_CREATE;NO_EDIT;NO_WEB
1550	read_zip	english	ZIP	1	Read this zip r1550	READ:PROJECT_ZIP_READER	NO_CREATE;NO_EDIT;NO_WEB
1551	read_zip	spelling	ZIP	0	zip_251.zip check karo r1551	READ:PROJECT_ZIP_READER	NO_CREATE;NO_EDIT;NO_WEB
1552	read_zip	short	ZIP	1	iske andar kya hai batao r1552	READ:PROJECT_ZIP_READER	NO_CREATE;NO_EDIT;NO_WEB
1553	read_zip	long	ZIP	0	please zip ko review karo r1553	READ:PROJECT_ZIP_READER	NO_CREATE;NO_EDIT;NO_WEB
1554	read_zip	reversed	ZIP	1	ye zip dekh ke samjhao r1554	READ:PROJECT_ZIP_READER	NO_CREATE;NO_EDIT;NO_WEB
1555	read_zip	nopunct	ZIP	0	zip ka content extract karo r1555	READ:PROJECT_ZIP_READER	NO_CREATE;NO_EDIT;NO_WEB
1556	read_zip	followup	ZIP	1	open karke zip ka summary batao r1556	READ:PROJECT_ZIP_READER	NO_CREATE;NO_EDIT;NO_WEB
1557	read_zip	hinglish	ZIP	0	zip padho r1557	READ:PROJECT_ZIP_READER	NO_CREATE;NO_EDIT;NO_WEB
1558	read_zip	english	ZIP	1	Read this zip r1558	READ:PROJECT_ZIP_READER	NO_CREATE;NO_EDIT;NO_WEB
1559	read_zip	spelling	ZIP	0	zip_259.zip check karo r1559	READ:PROJECT_ZIP_READER	NO_CREATE;NO_EDIT;NO_WEB
1560	read_zip	short	ZIP	1	iske andar kya hai batao r1560	READ:PROJECT_ZIP_READER	NO_CREATE;NO_EDIT;NO_WEB
1561	read_zip	long	ZIP	0	please zip ko review karo r1561	READ:PROJECT_ZIP_READER	NO_CREATE;NO_EDIT;NO_WEB
1562	read_zip	reversed	ZIP	1	ye zip dekh ke samjhao r1562	READ:PROJECT_ZIP_READER	NO_CREATE;NO_EDIT;NO_WEB
1563	read_zip	nopunct	ZIP	0	zip ka content extract karo r1563	READ:PROJECT_ZIP_READER	NO_CREATE;NO_EDIT;NO_WEB
1564	read_zip	followup	ZIP	1	open karke zip ka summary batao r1564	READ:PROJECT_ZIP_READER	NO_CREATE;NO_EDIT;NO_WEB
1565	read_zip	hinglish	ZIP	0	zip padho r1565	READ:PROJECT_ZIP_READER	NO_CREATE;NO_EDIT;NO_WEB
1566	read_zip	english	ZIP	1	Read this zip r1566	READ:PROJECT_ZIP_READER	NO_CREATE;NO_EDIT;NO_WEB
1567	read_zip	spelling	ZIP	0	zip_267.zip check karo r1567	READ:PROJECT_ZIP_READER	NO_CREATE;NO_EDIT;NO_WEB
1568	read_zip	short	ZIP	1	iske andar kya hai batao r1568	READ:PROJECT_ZIP_READER	NO_CREATE;NO_EDIT;NO_WEB
1569	read_zip	long	ZIP	0	please zip ko review karo r1569	READ:PROJECT_ZIP_READER	NO_CREATE;NO_EDIT;NO_WEB
1570	read_zip	reversed	ZIP	1	ye zip dekh ke samjhao r1570	READ:PROJECT_ZIP_READER	NO_CREATE;NO_EDIT;NO_WEB
1571	read_zip	nopunct	ZIP	0	zip ka content extract karo r1571	READ:PROJECT_ZIP_READER	NO_CREATE;NO_EDIT;NO_WEB
1572	read_zip	followup	ZIP	1	open karke zip ka summary batao r1572	READ:PROJECT_ZIP_READER	NO_CREATE;NO_EDIT;NO_WEB
1573	read_zip	hinglish	ZIP	0	zip padho r1573	READ:PROJECT_ZIP_READER	NO_CREATE;NO_EDIT;NO_WEB
1574	read_zip	english	ZIP	1	Read this zip r1574	READ:PROJECT_ZIP_READER	NO_CREATE;NO_EDIT;NO_WEB
1575	read_zip	spelling	ZIP	0	zip_275.zip check karo r1575	READ:PROJECT_ZIP_READER	NO_CREATE;NO_EDIT;NO_WEB
1576	read_zip	short	ZIP	1	iske andar kya hai batao r1576	READ:PROJECT_ZIP_READER	NO_CREATE;NO_EDIT;NO_WEB
1577	read_zip	long	ZIP	0	please zip ko review karo r1577	READ:PROJECT_ZIP_READER	NO_CREATE;NO_EDIT;NO_WEB
1578	read_zip	reversed	ZIP	1	ye zip dekh ke samjhao r1578	READ:PROJECT_ZIP_READER	NO_CREATE;NO_EDIT;NO_WEB
1579	read_zip	nopunct	ZIP	0	zip ka content extract karo r1579	READ:PROJECT_ZIP_READER	NO_CREATE;NO_EDIT;NO_WEB
1580	read_zip	followup	ZIP	1	open karke zip ka summary batao r1580	READ:PROJECT_ZIP_READER	NO_CREATE;NO_EDIT;NO_WEB
1581	read_zip	hinglish	ZIP	0	zip padho r1581	READ:PROJECT_ZIP_READER	NO_CREATE;NO_EDIT;NO_WEB
1582	read_zip	english	ZIP	1	Read this zip r1582	READ:PROJECT_ZIP_READER	NO_CREATE;NO_EDIT;NO_WEB
1583	read_zip	spelling	ZIP	0	zip_283.zip check karo r1583	READ:PROJECT_ZIP_READER	NO_CREATE;NO_EDIT;NO_WEB
1584	read_zip	short	ZIP	1	iske andar kya hai batao r1584	READ:PROJECT_ZIP_READER	NO_CREATE;NO_EDIT;NO_WEB
1585	read_zip	long	ZIP	0	please zip ko review karo r1585	READ:PROJECT_ZIP_READER	NO_CREATE;NO_EDIT;NO_WEB
1586	read_zip	reversed	ZIP	1	ye zip dekh ke samjhao r1586	READ:PROJECT_ZIP_READER	NO_CREATE;NO_EDIT;NO_WEB
1587	read_zip	nopunct	ZIP	0	zip ka content extract karo r1587	READ:PROJECT_ZIP_READER	NO_CREATE;NO_EDIT;NO_WEB
1588	read_zip	followup	ZIP	1	open karke zip ka summary batao r1588	READ:PROJECT_ZIP_READER	NO_CREATE;NO_EDIT;NO_WEB
1589	read_zip	hinglish	ZIP	0	zip padho r1589	READ:PROJECT_ZIP_READER	NO_CREATE;NO_EDIT;NO_WEB
1590	read_zip	english	ZIP	1	Read this zip r1590	READ:PROJECT_ZIP_READER	NO_CREATE;NO_EDIT;NO_WEB
1591	read_zip	spelling	ZIP	0	zip_291.zip check karo r1591	READ:PROJECT_ZIP_READER	NO_CREATE;NO_EDIT;NO_WEB
1592	read_zip	short	ZIP	1	iske andar kya hai batao r1592	READ:PROJECT_ZIP_READER	NO_CREATE;NO_EDIT;NO_WEB
1593	read_zip	long	ZIP	0	please zip ko review karo r1593	READ:PROJECT_ZIP_READER	NO_CREATE;NO_EDIT;NO_WEB
1594	read_zip	reversed	ZIP	1	ye zip dekh ke samjhao r1594	READ:PROJECT_ZIP_READER	NO_CREATE;NO_EDIT;NO_WEB
1595	read_zip	nopunct	ZIP	0	zip ka content extract karo r1595	READ:PROJECT_ZIP_READER	NO_CREATE;NO_EDIT;NO_WEB
1596	read_zip	followup	ZIP	1	open karke zip ka summary batao r1596	READ:PROJECT_ZIP_READER	NO_CREATE;NO_EDIT;NO_WEB
1597	read_zip	hinglish	ZIP	0	zip padho r1597	READ:PROJECT_ZIP_READER	NO_CREATE;NO_EDIT;NO_WEB
1598	read_zip	english	ZIP	1	Read this zip r1598	READ:PROJECT_ZIP_READER	NO_CREATE;NO_EDIT;NO_WEB
1599	read_zip	spelling	ZIP	0	zip_299.zip check karo r1599	READ:PROJECT_ZIP_READER	NO_CREATE;NO_EDIT;NO_WEB
1600	read_zip	short	ZIP	1	iske andar kya hai batao r1600	READ:PROJECT_ZIP_READER	NO_CREATE;NO_EDIT;NO_WEB
1601	read_docx	hinglish	DOCX	0	word file padho r1601	READ:DOCX	NO_CREATE;NO_EDIT;NO_WEB
1602	read_docx	english	DOCX	1	Read this word file r1602	READ:DOCX	NO_CREATE;NO_EDIT;NO_WEB
1603	read_docx	spelling	DOCX	0	docx_3.docx check karo r1603	READ:DOCX	NO_CREATE;NO_EDIT;NO_WEB
1604	read_docx	short	DOCX	1	iske andar kya hai batao r1604	READ:DOCX	NO_CREATE;NO_EDIT;NO_WEB
1605	read_docx	long	DOCX	0	please word file ko review karo r1605	READ:DOCX	NO_CREATE;NO_EDIT;NO_WEB
1606	read_docx	reversed	DOCX	1	ye word file dekh ke samjhao r1606	READ:DOCX	NO_CREATE;NO_EDIT;NO_WEB
1607	read_docx	nopunct	DOCX	0	word file ka content extract karo r1607	READ:DOCX	NO_CREATE;NO_EDIT;NO_WEB
1608	read_docx	followup	DOCX	1	open karke word file ka summary batao r1608	READ:DOCX	NO_CREATE;NO_EDIT;NO_WEB
1609	read_docx	hinglish	DOCX	0	word file padho r1609	READ:DOCX	NO_CREATE;NO_EDIT;NO_WEB
1610	read_docx	english	DOCX	1	Read this word file r1610	READ:DOCX	NO_CREATE;NO_EDIT;NO_WEB
1611	read_docx	spelling	DOCX	0	docx_11.docx check karo r1611	READ:DOCX	NO_CREATE;NO_EDIT;NO_WEB
1612	read_docx	short	DOCX	1	iske andar kya hai batao r1612	READ:DOCX	NO_CREATE;NO_EDIT;NO_WEB
1613	read_docx	long	DOCX	0	please word file ko review karo r1613	READ:DOCX	NO_CREATE;NO_EDIT;NO_WEB
1614	read_docx	reversed	DOCX	1	ye word file dekh ke samjhao r1614	READ:DOCX	NO_CREATE;NO_EDIT;NO_WEB
1615	read_docx	nopunct	DOCX	0	word file ka content extract karo r1615	READ:DOCX	NO_CREATE;NO_EDIT;NO_WEB
1616	read_docx	followup	DOCX	1	open karke word file ka summary batao r1616	READ:DOCX	NO_CREATE;NO_EDIT;NO_WEB
1617	read_docx	hinglish	DOCX	0	word file padho r1617	READ:DOCX	NO_CREATE;NO_EDIT;NO_WEB
1618	read_docx	english	DOCX	1	Read this word file r1618	READ:DOCX	NO_CREATE;NO_EDIT;NO_WEB
1619	read_docx	spelling	DOCX	0	docx_19.docx check karo r1619	READ:DOCX	NO_CREATE;NO_EDIT;NO_WEB
1620	read_docx	short	DOCX	1	iske andar kya hai batao r1620	READ:DOCX	NO_CREATE;NO_EDIT;NO_WEB
1621	read_docx	long	DOCX	0	please word file ko review karo r1621	READ:DOCX	NO_CREATE;NO_EDIT;NO_WEB
1622	read_docx	reversed	DOCX	1	ye word file dekh ke samjhao r1622	READ:DOCX	NO_CREATE;NO_EDIT;NO_WEB
1623	read_docx	nopunct	DOCX	0	word file ka content extract karo r1623	READ:DOCX	NO_CREATE;NO_EDIT;NO_WEB
1624	read_docx	followup	DOCX	1	open karke word file ka summary batao r1624	READ:DOCX	NO_CREATE;NO_EDIT;NO_WEB
1625	read_docx	hinglish	DOCX	0	word file padho r1625	READ:DOCX	NO_CREATE;NO_EDIT;NO_WEB
1626	read_docx	english	DOCX	1	Read this word file r1626	READ:DOCX	NO_CREATE;NO_EDIT;NO_WEB
1627	read_docx	spelling	DOCX	0	docx_27.docx check karo r1627	READ:DOCX	NO_CREATE;NO_EDIT;NO_WEB
1628	read_docx	short	DOCX	1	iske andar kya hai batao r1628	READ:DOCX	NO_CREATE;NO_EDIT;NO_WEB
1629	read_docx	long	DOCX	0	please word file ko review karo r1629	READ:DOCX	NO_CREATE;NO_EDIT;NO_WEB
1630	read_docx	reversed	DOCX	1	ye word file dekh ke samjhao r1630	READ:DOCX	NO_CREATE;NO_EDIT;NO_WEB
1631	read_docx	nopunct	DOCX	0	word file ka content extract karo r1631	READ:DOCX	NO_CREATE;NO_EDIT;NO_WEB
1632	read_docx	followup	DOCX	1	open karke word file ka summary batao r1632	READ:DOCX	NO_CREATE;NO_EDIT;NO_WEB
1633	read_docx	hinglish	DOCX	0	word file padho r1633	READ:DOCX	NO_CREATE;NO_EDIT;NO_WEB
1634	read_docx	english	DOCX	1	Read this word file r1634	READ:DOCX	NO_CREATE;NO_EDIT;NO_WEB
1635	read_docx	spelling	DOCX	0	docx_35.docx check karo r1635	READ:DOCX	NO_CREATE;NO_EDIT;NO_WEB
1636	read_docx	short	DOCX	1	iske andar kya hai batao r1636	READ:DOCX	NO_CREATE;NO_EDIT;NO_WEB
1637	read_docx	long	DOCX	0	please word file ko review karo r1637	READ:DOCX	NO_CREATE;NO_EDIT;NO_WEB
1638	read_docx	reversed	DOCX	1	ye word file dekh ke samjhao r1638	READ:DOCX	NO_CREATE;NO_EDIT;NO_WEB
1639	read_docx	nopunct	DOCX	0	word file ka content extract karo r1639	READ:DOCX	NO_CREATE;NO_EDIT;NO_WEB
1640	read_docx	followup	DOCX	1	open karke word file ka summary batao r1640	READ:DOCX	NO_CREATE;NO_EDIT;NO_WEB
1641	read_docx	hinglish	DOCX	0	word file padho r1641	READ:DOCX	NO_CREATE;NO_EDIT;NO_WEB
1642	read_docx	english	DOCX	1	Read this word file r1642	READ:DOCX	NO_CREATE;NO_EDIT;NO_WEB
1643	read_docx	spelling	DOCX	0	docx_43.docx check karo r1643	READ:DOCX	NO_CREATE;NO_EDIT;NO_WEB
1644	read_docx	short	DOCX	1	iske andar kya hai batao r1644	READ:DOCX	NO_CREATE;NO_EDIT;NO_WEB
1645	read_docx	long	DOCX	0	please word file ko review karo r1645	READ:DOCX	NO_CREATE;NO_EDIT;NO_WEB
1646	read_docx	reversed	DOCX	1	ye word file dekh ke samjhao r1646	READ:DOCX	NO_CREATE;NO_EDIT;NO_WEB
1647	read_docx	nopunct	DOCX	0	word file ka content extract karo r1647	READ:DOCX	NO_CREATE;NO_EDIT;NO_WEB
1648	read_docx	followup	DOCX	1	open karke word file ka summary batao r1648	READ:DOCX	NO_CREATE;NO_EDIT;NO_WEB
1649	read_docx	hinglish	DOCX	0	word file padho r1649	READ:DOCX	NO_CREATE;NO_EDIT;NO_WEB
1650	read_docx	english	DOCX	1	Read this word file r1650	READ:DOCX	NO_CREATE;NO_EDIT;NO_WEB
1651	read_docx	spelling	DOCX	0	docx_51.docx check karo r1651	READ:DOCX	NO_CREATE;NO_EDIT;NO_WEB
1652	read_docx	short	DOCX	1	iske andar kya hai batao r1652	READ:DOCX	NO_CREATE;NO_EDIT;NO_WEB
1653	read_docx	long	DOCX	0	please word file ko review karo r1653	READ:DOCX	NO_CREATE;NO_EDIT;NO_WEB
1654	read_docx	reversed	DOCX	1	ye word file dekh ke samjhao r1654	READ:DOCX	NO_CREATE;NO_EDIT;NO_WEB
1655	read_docx	nopunct	DOCX	0	word file ka content extract karo r1655	READ:DOCX	NO_CREATE;NO_EDIT;NO_WEB
1656	read_docx	followup	DOCX	1	open karke word file ka summary batao r1656	READ:DOCX	NO_CREATE;NO_EDIT;NO_WEB
1657	read_docx	hinglish	DOCX	0	word file padho r1657	READ:DOCX	NO_CREATE;NO_EDIT;NO_WEB
1658	read_docx	english	DOCX	1	Read this word file r1658	READ:DOCX	NO_CREATE;NO_EDIT;NO_WEB
1659	read_docx	spelling	DOCX	0	docx_59.docx check karo r1659	READ:DOCX	NO_CREATE;NO_EDIT;NO_WEB
1660	read_docx	short	DOCX	1	iske andar kya hai batao r1660	READ:DOCX	NO_CREATE;NO_EDIT;NO_WEB
1661	read_docx	long	DOCX	0	please word file ko review karo r1661	READ:DOCX	NO_CREATE;NO_EDIT;NO_WEB
1662	read_docx	reversed	DOCX	1	ye word file dekh ke samjhao r1662	READ:DOCX	NO_CREATE;NO_EDIT;NO_WEB
1663	read_docx	nopunct	DOCX	0	word file ka content extract karo r1663	READ:DOCX	NO_CREATE;NO_EDIT;NO_WEB
1664	read_docx	followup	DOCX	1	open karke word file ka summary batao r1664	READ:DOCX	NO_CREATE;NO_EDIT;NO_WEB
1665	read_docx	hinglish	DOCX	0	word file padho r1665	READ:DOCX	NO_CREATE;NO_EDIT;NO_WEB
1666	read_docx	english	DOCX	1	Read this word file r1666	READ:DOCX	NO_CREATE;NO_EDIT;NO_WEB
1667	read_docx	spelling	DOCX	0	docx_67.docx check karo r1667	READ:DOCX	NO_CREATE;NO_EDIT;NO_WEB
1668	read_docx	short	DOCX	1	iske andar kya hai batao r1668	READ:DOCX	NO_CREATE;NO_EDIT;NO_WEB
1669	read_docx	long	DOCX	0	please word file ko review karo r1669	READ:DOCX	NO_CREATE;NO_EDIT;NO_WEB
1670	read_docx	reversed	DOCX	1	ye word file dekh ke samjhao r1670	READ:DOCX	NO_CREATE;NO_EDIT;NO_WEB
1671	read_docx	nopunct	DOCX	0	word file ka content extract karo r1671	READ:DOCX	NO_CREATE;NO_EDIT;NO_WEB
1672	read_docx	followup	DOCX	1	open karke word file ka summary batao r1672	READ:DOCX	NO_CREATE;NO_EDIT;NO_WEB
1673	read_docx	hinglish	DOCX	0	word file padho r1673	READ:DOCX	NO_CREATE;NO_EDIT;NO_WEB
1674	read_docx	english	DOCX	1	Read this word file r1674	READ:DOCX	NO_CREATE;NO_EDIT;NO_WEB
1675	read_docx	spelling	DOCX	0	docx_75.docx check karo r1675	READ:DOCX	NO_CREATE;NO_EDIT;NO_WEB
1676	read_docx	short	DOCX	1	iske andar kya hai batao r1676	READ:DOCX	NO_CREATE;NO_EDIT;NO_WEB
1677	read_docx	long	DOCX	0	please word file ko review karo r1677	READ:DOCX	NO_CREATE;NO_EDIT;NO_WEB
1678	read_docx	reversed	DOCX	1	ye word file dekh ke samjhao r1678	READ:DOCX	NO_CREATE;NO_EDIT;NO_WEB
1679	read_docx	nopunct	DOCX	0	word file ka content extract karo r1679	READ:DOCX	NO_CREATE;NO_EDIT;NO_WEB
1680	read_docx	followup	DOCX	1	open karke word file ka summary batao r1680	READ:DOCX	NO_CREATE;NO_EDIT;NO_WEB
1681	read_docx	hinglish	DOCX	0	word file padho r1681	READ:DOCX	NO_CREATE;NO_EDIT;NO_WEB
1682	read_docx	english	DOCX	1	Read this word file r1682	READ:DOCX	NO_CREATE;NO_EDIT;NO_WEB
1683	read_docx	spelling	DOCX	0	docx_83.docx check karo r1683	READ:DOCX	NO_CREATE;NO_EDIT;NO_WEB
1684	read_docx	short	DOCX	1	iske andar kya hai batao r1684	READ:DOCX	NO_CREATE;NO_EDIT;NO_WEB
1685	read_docx	long	DOCX	0	please word file ko review karo r1685	READ:DOCX	NO_CREATE;NO_EDIT;NO_WEB
1686	read_docx	reversed	DOCX	1	ye word file dekh ke samjhao r1686	READ:DOCX	NO_CREATE;NO_EDIT;NO_WEB
1687	read_docx	nopunct	DOCX	0	word file ka content extract karo r1687	READ:DOCX	NO_CREATE;NO_EDIT;NO_WEB
1688	read_docx	followup	DOCX	1	open karke word file ka summary batao r1688	READ:DOCX	NO_CREATE;NO_EDIT;NO_WEB
1689	read_docx	hinglish	DOCX	0	word file padho r1689	READ:DOCX	NO_CREATE;NO_EDIT;NO_WEB
1690	read_docx	english	DOCX	1	Read this word file r1690	READ:DOCX	NO_CREATE;NO_EDIT;NO_WEB
1691	read_docx	spelling	DOCX	0	docx_91.docx check karo r1691	READ:DOCX	NO_CREATE;NO_EDIT;NO_WEB
1692	read_docx	short	DOCX	1	iske andar kya hai batao r1692	READ:DOCX	NO_CREATE;NO_EDIT;NO_WEB
1693	read_docx	long	DOCX	0	please word file ko review karo r1693	READ:DOCX	NO_CREATE;NO_EDIT;NO_WEB
1694	read_docx	reversed	DOCX	1	ye word file dekh ke samjhao r1694	READ:DOCX	NO_CREATE;NO_EDIT;NO_WEB
1695	read_docx	nopunct	DOCX	0	word file ka content extract karo r1695	READ:DOCX	NO_CREATE;NO_EDIT;NO_WEB
1696	read_docx	followup	DOCX	1	open karke word file ka summary batao r1696	READ:DOCX	NO_CREATE;NO_EDIT;NO_WEB
1697	read_docx	hinglish	DOCX	0	word file padho r1697	READ:DOCX	NO_CREATE;NO_EDIT;NO_WEB
1698	read_docx	english	DOCX	1	Read this word file r1698	READ:DOCX	NO_CREATE;NO_EDIT;NO_WEB
1699	read_docx	spelling	DOCX	0	docx_99.docx check karo r1699	READ:DOCX	NO_CREATE;NO_EDIT;NO_WEB
1700	read_docx	short	DOCX	1	iske andar kya hai batao r1700	READ:DOCX	NO_CREATE;NO_EDIT;NO_WEB
1701	read_docx	long	DOCX	0	please word file ko review karo r1701	READ:DOCX	NO_CREATE;NO_EDIT;NO_WEB
1702	read_docx	reversed	DOCX	1	ye word file dekh ke samjhao r1702	READ:DOCX	NO_CREATE;NO_EDIT;NO_WEB
1703	read_docx	nopunct	DOCX	0	word file ka content extract karo r1703	READ:DOCX	NO_CREATE;NO_EDIT;NO_WEB
1704	read_docx	followup	DOCX	1	open karke word file ka summary batao r1704	READ:DOCX	NO_CREATE;NO_EDIT;NO_WEB
1705	read_docx	hinglish	DOCX	0	word file padho r1705	READ:DOCX	NO_CREATE;NO_EDIT;NO_WEB
1706	read_docx	english	DOCX	1	Read this word file r1706	READ:DOCX	NO_CREATE;NO_EDIT;NO_WEB
1707	read_docx	spelling	DOCX	0	docx_107.docx check karo r1707	READ:DOCX	NO_CREATE;NO_EDIT;NO_WEB
1708	read_docx	short	DOCX	1	iske andar kya hai batao r1708	READ:DOCX	NO_CREATE;NO_EDIT;NO_WEB
1709	read_docx	long	DOCX	0	please word file ko review karo r1709	READ:DOCX	NO_CREATE;NO_EDIT;NO_WEB
1710	read_docx	reversed	DOCX	1	ye word file dekh ke samjhao r1710	READ:DOCX	NO_CREATE;NO_EDIT;NO_WEB
1711	read_docx	nopunct	DOCX	0	word file ka content extract karo r1711	READ:DOCX	NO_CREATE;NO_EDIT;NO_WEB
1712	read_docx	followup	DOCX	1	open karke word file ka summary batao r1712	READ:DOCX	NO_CREATE;NO_EDIT;NO_WEB
1713	read_docx	hinglish	DOCX	0	word file padho r1713	READ:DOCX	NO_CREATE;NO_EDIT;NO_WEB
1714	read_docx	english	DOCX	1	Read this word file r1714	READ:DOCX	NO_CREATE;NO_EDIT;NO_WEB
1715	read_docx	spelling	DOCX	0	docx_115.docx check karo r1715	READ:DOCX	NO_CREATE;NO_EDIT;NO_WEB
1716	read_docx	short	DOCX	1	iske andar kya hai batao r1716	READ:DOCX	NO_CREATE;NO_EDIT;NO_WEB
1717	read_docx	long	DOCX	0	please word file ko review karo r1717	READ:DOCX	NO_CREATE;NO_EDIT;NO_WEB
1718	read_docx	reversed	DOCX	1	ye word file dekh ke samjhao r1718	READ:DOCX	NO_CREATE;NO_EDIT;NO_WEB
1719	read_docx	nopunct	DOCX	0	word file ka content extract karo r1719	READ:DOCX	NO_CREATE;NO_EDIT;NO_WEB
1720	read_docx	followup	DOCX	1	open karke word file ka summary batao r1720	READ:DOCX	NO_CREATE;NO_EDIT;NO_WEB
1721	read_docx	hinglish	DOCX	0	word file padho r1721	READ:DOCX	NO_CREATE;NO_EDIT;NO_WEB
1722	read_docx	english	DOCX	1	Read this word file r1722	READ:DOCX	NO_CREATE;NO_EDIT;NO_WEB
1723	read_docx	spelling	DOCX	0	docx_123.docx check karo r1723	READ:DOCX	NO_CREATE;NO_EDIT;NO_WEB
1724	read_docx	short	DOCX	1	iske andar kya hai batao r1724	READ:DOCX	NO_CREATE;NO_EDIT;NO_WEB
1725	read_docx	long	DOCX	0	please word file ko review karo r1725	READ:DOCX	NO_CREATE;NO_EDIT;NO_WEB
1726	read_docx	reversed	DOCX	1	ye word file dekh ke samjhao r1726	READ:DOCX	NO_CREATE;NO_EDIT;NO_WEB
1727	read_docx	nopunct	DOCX	0	word file ka content extract karo r1727	READ:DOCX	NO_CREATE;NO_EDIT;NO_WEB
1728	read_docx	followup	DOCX	1	open karke word file ka summary batao r1728	READ:DOCX	NO_CREATE;NO_EDIT;NO_WEB
1729	read_docx	hinglish	DOCX	0	word file padho r1729	READ:DOCX	NO_CREATE;NO_EDIT;NO_WEB
1730	read_docx	english	DOCX	1	Read this word file r1730	READ:DOCX	NO_CREATE;NO_EDIT;NO_WEB
1731	read_docx	spelling	DOCX	0	docx_131.docx check karo r1731	READ:DOCX	NO_CREATE;NO_EDIT;NO_WEB
1732	read_docx	short	DOCX	1	iske andar kya hai batao r1732	READ:DOCX	NO_CREATE;NO_EDIT;NO_WEB
1733	read_docx	long	DOCX	0	please word file ko review karo r1733	READ:DOCX	NO_CREATE;NO_EDIT;NO_WEB
1734	read_docx	reversed	DOCX	1	ye word file dekh ke samjhao r1734	READ:DOCX	NO_CREATE;NO_EDIT;NO_WEB
1735	read_docx	nopunct	DOCX	0	word file ka content extract karo r1735	READ:DOCX	NO_CREATE;NO_EDIT;NO_WEB
1736	read_docx	followup	DOCX	1	open karke word file ka summary batao r1736	READ:DOCX	NO_CREATE;NO_EDIT;NO_WEB
1737	read_docx	hinglish	DOCX	0	word file padho r1737	READ:DOCX	NO_CREATE;NO_EDIT;NO_WEB
1738	read_docx	english	DOCX	1	Read this word file r1738	READ:DOCX	NO_CREATE;NO_EDIT;NO_WEB
1739	read_docx	spelling	DOCX	0	docx_139.docx check karo r1739	READ:DOCX	NO_CREATE;NO_EDIT;NO_WEB
1740	read_docx	short	DOCX	1	iske andar kya hai batao r1740	READ:DOCX	NO_CREATE;NO_EDIT;NO_WEB
1741	read_docx	long	DOCX	0	please word file ko review karo r1741	READ:DOCX	NO_CREATE;NO_EDIT;NO_WEB
1742	read_docx	reversed	DOCX	1	ye word file dekh ke samjhao r1742	READ:DOCX	NO_CREATE;NO_EDIT;NO_WEB
1743	read_docx	nopunct	DOCX	0	word file ka content extract karo r1743	READ:DOCX	NO_CREATE;NO_EDIT;NO_WEB
1744	read_docx	followup	DOCX	1	open karke word file ka summary batao r1744	READ:DOCX	NO_CREATE;NO_EDIT;NO_WEB
1745	read_docx	hinglish	DOCX	0	word file padho r1745	READ:DOCX	NO_CREATE;NO_EDIT;NO_WEB
1746	read_docx	english	DOCX	1	Read this word file r1746	READ:DOCX	NO_CREATE;NO_EDIT;NO_WEB
1747	read_docx	spelling	DOCX	0	docx_147.docx check karo r1747	READ:DOCX	NO_CREATE;NO_EDIT;NO_WEB
1748	read_docx	short	DOCX	1	iske andar kya hai batao r1748	READ:DOCX	NO_CREATE;NO_EDIT;NO_WEB
1749	read_docx	long	DOCX	0	please word file ko review karo r1749	READ:DOCX	NO_CREATE;NO_EDIT;NO_WEB
1750	read_docx	reversed	DOCX	1	ye word file dekh ke samjhao r1750	READ:DOCX	NO_CREATE;NO_EDIT;NO_WEB
1751	read_docx	nopunct	DOCX	0	word file ka content extract karo r1751	READ:DOCX	NO_CREATE;NO_EDIT;NO_WEB
1752	read_docx	followup	DOCX	1	open karke word file ka summary batao r1752	READ:DOCX	NO_CREATE;NO_EDIT;NO_WEB
1753	read_docx	hinglish	DOCX	0	word file padho r1753	READ:DOCX	NO_CREATE;NO_EDIT;NO_WEB
1754	read_docx	english	DOCX	1	Read this word file r1754	READ:DOCX	NO_CREATE;NO_EDIT;NO_WEB
1755	read_docx	spelling	DOCX	0	docx_155.docx check karo r1755	READ:DOCX	NO_CREATE;NO_EDIT;NO_WEB
1756	read_docx	short	DOCX	1	iske andar kya hai batao r1756	READ:DOCX	NO_CREATE;NO_EDIT;NO_WEB
1757	read_docx	long	DOCX	0	please word file ko review karo r1757	READ:DOCX	NO_CREATE;NO_EDIT;NO_WEB
1758	read_docx	reversed	DOCX	1	ye word file dekh ke samjhao r1758	READ:DOCX	NO_CREATE;NO_EDIT;NO_WEB
1759	read_docx	nopunct	DOCX	0	word file ka content extract karo r1759	READ:DOCX	NO_CREATE;NO_EDIT;NO_WEB
1760	read_docx	followup	DOCX	1	open karke word file ka summary batao r1760	READ:DOCX	NO_CREATE;NO_EDIT;NO_WEB
1761	read_docx	hinglish	DOCX	0	word file padho r1761	READ:DOCX	NO_CREATE;NO_EDIT;NO_WEB
1762	read_docx	english	DOCX	1	Read this word file r1762	READ:DOCX	NO_CREATE;NO_EDIT;NO_WEB
1763	read_docx	spelling	DOCX	0	docx_163.docx check karo r1763	READ:DOCX	NO_CREATE;NO_EDIT;NO_WEB
1764	read_docx	short	DOCX	1	iske andar kya hai batao r1764	READ:DOCX	NO_CREATE;NO_EDIT;NO_WEB
1765	read_docx	long	DOCX	0	please word file ko review karo r1765	READ:DOCX	NO_CREATE;NO_EDIT;NO_WEB
1766	read_docx	reversed	DOCX	1	ye word file dekh ke samjhao r1766	READ:DOCX	NO_CREATE;NO_EDIT;NO_WEB
1767	read_docx	nopunct	DOCX	0	word file ka content extract karo r1767	READ:DOCX	NO_CREATE;NO_EDIT;NO_WEB
1768	read_docx	followup	DOCX	1	open karke word file ka summary batao r1768	READ:DOCX	NO_CREATE;NO_EDIT;NO_WEB
1769	read_docx	hinglish	DOCX	0	word file padho r1769	READ:DOCX	NO_CREATE;NO_EDIT;NO_WEB
1770	read_docx	english	DOCX	1	Read this word file r1770	READ:DOCX	NO_CREATE;NO_EDIT;NO_WEB
1771	read_docx	spelling	DOCX	0	docx_171.docx check karo r1771	READ:DOCX	NO_CREATE;NO_EDIT;NO_WEB
1772	read_docx	short	DOCX	1	iske andar kya hai batao r1772	READ:DOCX	NO_CREATE;NO_EDIT;NO_WEB
1773	read_docx	long	DOCX	0	please word file ko review karo r1773	READ:DOCX	NO_CREATE;NO_EDIT;NO_WEB
1774	read_docx	reversed	DOCX	1	ye word file dekh ke samjhao r1774	READ:DOCX	NO_CREATE;NO_EDIT;NO_WEB
1775	read_docx	nopunct	DOCX	0	word file ka content extract karo r1775	READ:DOCX	NO_CREATE;NO_EDIT;NO_WEB
1776	read_docx	followup	DOCX	1	open karke word file ka summary batao r1776	READ:DOCX	NO_CREATE;NO_EDIT;NO_WEB
1777	read_docx	hinglish	DOCX	0	word file padho r1777	READ:DOCX	NO_CREATE;NO_EDIT;NO_WEB
1778	read_docx	english	DOCX	1	Read this word file r1778	READ:DOCX	NO_CREATE;NO_EDIT;NO_WEB
1779	read_docx	spelling	DOCX	0	docx_179.docx check karo r1779	READ:DOCX	NO_CREATE;NO_EDIT;NO_WEB
1780	read_docx	short	DOCX	1	iske andar kya hai batao r1780	READ:DOCX	NO_CREATE;NO_EDIT;NO_WEB
1781	read_docx	long	DOCX	0	please word file ko review karo r1781	READ:DOCX	NO_CREATE;NO_EDIT;NO_WEB
1782	read_docx	reversed	DOCX	1	ye word file dekh ke samjhao r1782	READ:DOCX	NO_CREATE;NO_EDIT;NO_WEB
1783	read_docx	nopunct	DOCX	0	word file ka content extract karo r1783	READ:DOCX	NO_CREATE;NO_EDIT;NO_WEB
1784	read_docx	followup	DOCX	1	open karke word file ka summary batao r1784	READ:DOCX	NO_CREATE;NO_EDIT;NO_WEB
1785	read_docx	hinglish	DOCX	0	word file padho r1785	READ:DOCX	NO_CREATE;NO_EDIT;NO_WEB
1786	read_docx	english	DOCX	1	Read this word file r1786	READ:DOCX	NO_CREATE;NO_EDIT;NO_WEB
1787	read_docx	spelling	DOCX	0	docx_187.docx check karo r1787	READ:DOCX	NO_CREATE;NO_EDIT;NO_WEB
1788	read_docx	short	DOCX	1	iske andar kya hai batao r1788	READ:DOCX	NO_CREATE;NO_EDIT;NO_WEB
1789	read_docx	long	DOCX	0	please word file ko review karo r1789	READ:DOCX	NO_CREATE;NO_EDIT;NO_WEB
1790	read_docx	reversed	DOCX	1	ye word file dekh ke samjhao r1790	READ:DOCX	NO_CREATE;NO_EDIT;NO_WEB
1791	read_docx	nopunct	DOCX	0	word file ka content extract karo r1791	READ:DOCX	NO_CREATE;NO_EDIT;NO_WEB
1792	read_docx	followup	DOCX	1	open karke word file ka summary batao r1792	READ:DOCX	NO_CREATE;NO_EDIT;NO_WEB
1793	read_docx	hinglish	DOCX	0	word file padho r1793	READ:DOCX	NO_CREATE;NO_EDIT;NO_WEB
1794	read_docx	english	DOCX	1	Read this word file r1794	READ:DOCX	NO_CREATE;NO_EDIT;NO_WEB
1795	read_docx	spelling	DOCX	0	docx_195.docx check karo r1795	READ:DOCX	NO_CREATE;NO_EDIT;NO_WEB
1796	read_docx	short	DOCX	1	iske andar kya hai batao r1796	READ:DOCX	NO_CREATE;NO_EDIT;NO_WEB
1797	read_docx	long	DOCX	0	please word file ko review karo r1797	READ:DOCX	NO_CREATE;NO_EDIT;NO_WEB
1798	read_docx	reversed	DOCX	1	ye word file dekh ke samjhao r1798	READ:DOCX	NO_CREATE;NO_EDIT;NO_WEB
1799	read_docx	nopunct	DOCX	0	word file ka content extract karo r1799	READ:DOCX	NO_CREATE;NO_EDIT;NO_WEB
1800	read_docx	followup	DOCX	1	open karke word file ka summary batao r1800	READ:DOCX	NO_CREATE;NO_EDIT;NO_WEB
1801	read_docx	hinglish	DOCX	0	word file padho r1801	READ:DOCX	NO_CREATE;NO_EDIT;NO_WEB
1802	read_docx	english	DOCX	1	Read this word file r1802	READ:DOCX	NO_CREATE;NO_EDIT;NO_WEB
1803	read_docx	spelling	DOCX	0	docx_203.docx check karo r1803	READ:DOCX	NO_CREATE;NO_EDIT;NO_WEB
1804	read_docx	short	DOCX	1	iske andar kya hai batao r1804	READ:DOCX	NO_CREATE;NO_EDIT;NO_WEB
1805	read_docx	long	DOCX	0	please word file ko review karo r1805	READ:DOCX	NO_CREATE;NO_EDIT;NO_WEB
1806	read_docx	reversed	DOCX	1	ye word file dekh ke samjhao r1806	READ:DOCX	NO_CREATE;NO_EDIT;NO_WEB
1807	read_docx	nopunct	DOCX	0	word file ka content extract karo r1807	READ:DOCX	NO_CREATE;NO_EDIT;NO_WEB
1808	read_docx	followup	DOCX	1	open karke word file ka summary batao r1808	READ:DOCX	NO_CREATE;NO_EDIT;NO_WEB
1809	read_docx	hinglish	DOCX	0	word file padho r1809	READ:DOCX	NO_CREATE;NO_EDIT;NO_WEB
1810	read_docx	english	DOCX	1	Read this word file r1810	READ:DOCX	NO_CREATE;NO_EDIT;NO_WEB
1811	read_docx	spelling	DOCX	0	docx_211.docx check karo r1811	READ:DOCX	NO_CREATE;NO_EDIT;NO_WEB
1812	read_docx	short	DOCX	1	iske andar kya hai batao r1812	READ:DOCX	NO_CREATE;NO_EDIT;NO_WEB
1813	read_docx	long	DOCX	0	please word file ko review karo r1813	READ:DOCX	NO_CREATE;NO_EDIT;NO_WEB
1814	read_docx	reversed	DOCX	1	ye word file dekh ke samjhao r1814	READ:DOCX	NO_CREATE;NO_EDIT;NO_WEB
1815	read_docx	nopunct	DOCX	0	word file ka content extract karo r1815	READ:DOCX	NO_CREATE;NO_EDIT;NO_WEB
1816	read_docx	followup	DOCX	1	open karke word file ka summary batao r1816	READ:DOCX	NO_CREATE;NO_EDIT;NO_WEB
1817	read_docx	hinglish	DOCX	0	word file padho r1817	READ:DOCX	NO_CREATE;NO_EDIT;NO_WEB
1818	read_docx	english	DOCX	1	Read this word file r1818	READ:DOCX	NO_CREATE;NO_EDIT;NO_WEB
1819	read_docx	spelling	DOCX	0	docx_219.docx check karo r1819	READ:DOCX	NO_CREATE;NO_EDIT;NO_WEB
1820	read_docx	short	DOCX	1	iske andar kya hai batao r1820	READ:DOCX	NO_CREATE;NO_EDIT;NO_WEB
1821	read_docx	long	DOCX	0	please word file ko review karo r1821	READ:DOCX	NO_CREATE;NO_EDIT;NO_WEB
1822	read_docx	reversed	DOCX	1	ye word file dekh ke samjhao r1822	READ:DOCX	NO_CREATE;NO_EDIT;NO_WEB
1823	read_docx	nopunct	DOCX	0	word file ka content extract karo r1823	READ:DOCX	NO_CREATE;NO_EDIT;NO_WEB
1824	read_docx	followup	DOCX	1	open karke word file ka summary batao r1824	READ:DOCX	NO_CREATE;NO_EDIT;NO_WEB
1825	read_docx	hinglish	DOCX	0	word file padho r1825	READ:DOCX	NO_CREATE;NO_EDIT;NO_WEB
1826	read_docx	english	DOCX	1	Read this word file r1826	READ:DOCX	NO_CREATE;NO_EDIT;NO_WEB
1827	read_docx	spelling	DOCX	0	docx_227.docx check karo r1827	READ:DOCX	NO_CREATE;NO_EDIT;NO_WEB
1828	read_docx	short	DOCX	1	iske andar kya hai batao r1828	READ:DOCX	NO_CREATE;NO_EDIT;NO_WEB
1829	read_docx	long	DOCX	0	please word file ko review karo r1829	READ:DOCX	NO_CREATE;NO_EDIT;NO_WEB
1830	read_docx	reversed	DOCX	1	ye word file dekh ke samjhao r1830	READ:DOCX	NO_CREATE;NO_EDIT;NO_WEB
1831	read_docx	nopunct	DOCX	0	word file ka content extract karo r1831	READ:DOCX	NO_CREATE;NO_EDIT;NO_WEB
1832	read_docx	followup	DOCX	1	open karke word file ka summary batao r1832	READ:DOCX	NO_CREATE;NO_EDIT;NO_WEB
1833	read_docx	hinglish	DOCX	0	word file padho r1833	READ:DOCX	NO_CREATE;NO_EDIT;NO_WEB
1834	read_docx	english	DOCX	1	Read this word file r1834	READ:DOCX	NO_CREATE;NO_EDIT;NO_WEB
1835	read_docx	spelling	DOCX	0	docx_235.docx check karo r1835	READ:DOCX	NO_CREATE;NO_EDIT;NO_WEB
1836	read_docx	short	DOCX	1	iske andar kya hai batao r1836	READ:DOCX	NO_CREATE;NO_EDIT;NO_WEB
1837	read_docx	long	DOCX	0	please word file ko review karo r1837	READ:DOCX	NO_CREATE;NO_EDIT;NO_WEB
1838	read_docx	reversed	DOCX	1	ye word file dekh ke samjhao r1838	READ:DOCX	NO_CREATE;NO_EDIT;NO_WEB
1839	read_docx	nopunct	DOCX	0	word file ka content extract karo r1839	READ:DOCX	NO_CREATE;NO_EDIT;NO_WEB
1840	read_docx	followup	DOCX	1	open karke word file ka summary batao r1840	READ:DOCX	NO_CREATE;NO_EDIT;NO_WEB
1841	read_docx	hinglish	DOCX	0	word file padho r1841	READ:DOCX	NO_CREATE;NO_EDIT;NO_WEB
1842	read_docx	english	DOCX	1	Read this word file r1842	READ:DOCX	NO_CREATE;NO_EDIT;NO_WEB
1843	read_docx	spelling	DOCX	0	docx_243.docx check karo r1843	READ:DOCX	NO_CREATE;NO_EDIT;NO_WEB
1844	read_docx	short	DOCX	1	iske andar kya hai batao r1844	READ:DOCX	NO_CREATE;NO_EDIT;NO_WEB
1845	read_docx	long	DOCX	0	please word file ko review karo r1845	READ:DOCX	NO_CREATE;NO_EDIT;NO_WEB
1846	read_docx	reversed	DOCX	1	ye word file dekh ke samjhao r1846	READ:DOCX	NO_CREATE;NO_EDIT;NO_WEB
1847	read_docx	nopunct	DOCX	0	word file ka content extract karo r1847	READ:DOCX	NO_CREATE;NO_EDIT;NO_WEB
1848	read_docx	followup	DOCX	1	open karke word file ka summary batao r1848	READ:DOCX	NO_CREATE;NO_EDIT;NO_WEB
1849	read_docx	hinglish	DOCX	0	word file padho r1849	READ:DOCX	NO_CREATE;NO_EDIT;NO_WEB
1850	read_docx	english	DOCX	1	Read this word file r1850	READ:DOCX	NO_CREATE;NO_EDIT;NO_WEB
1851	read_docx	spelling	DOCX	0	docx_251.docx check karo r1851	READ:DOCX	NO_CREATE;NO_EDIT;NO_WEB
1852	read_docx	short	DOCX	1	iske andar kya hai batao r1852	READ:DOCX	NO_CREATE;NO_EDIT;NO_WEB
1853	read_docx	long	DOCX	0	please word file ko review karo r1853	READ:DOCX	NO_CREATE;NO_EDIT;NO_WEB
1854	read_docx	reversed	DOCX	1	ye word file dekh ke samjhao r1854	READ:DOCX	NO_CREATE;NO_EDIT;NO_WEB
1855	read_docx	nopunct	DOCX	0	word file ka content extract karo r1855	READ:DOCX	NO_CREATE;NO_EDIT;NO_WEB
1856	read_docx	followup	DOCX	1	open karke word file ka summary batao r1856	READ:DOCX	NO_CREATE;NO_EDIT;NO_WEB
1857	read_docx	hinglish	DOCX	0	word file padho r1857	READ:DOCX	NO_CREATE;NO_EDIT;NO_WEB
1858	read_docx	english	DOCX	1	Read this word file r1858	READ:DOCX	NO_CREATE;NO_EDIT;NO_WEB
1859	read_docx	spelling	DOCX	0	docx_259.docx check karo r1859	READ:DOCX	NO_CREATE;NO_EDIT;NO_WEB
1860	read_docx	short	DOCX	1	iske andar kya hai batao r1860	READ:DOCX	NO_CREATE;NO_EDIT;NO_WEB
1861	read_docx	long	DOCX	0	please word file ko review karo r1861	READ:DOCX	NO_CREATE;NO_EDIT;NO_WEB
1862	read_docx	reversed	DOCX	1	ye word file dekh ke samjhao r1862	READ:DOCX	NO_CREATE;NO_EDIT;NO_WEB
1863	read_docx	nopunct	DOCX	0	word file ka content extract karo r1863	READ:DOCX	NO_CREATE;NO_EDIT;NO_WEB
1864	read_docx	followup	DOCX	1	open karke word file ka summary batao r1864	READ:DOCX	NO_CREATE;NO_EDIT;NO_WEB
1865	read_docx	hinglish	DOCX	0	word file padho r1865	READ:DOCX	NO_CREATE;NO_EDIT;NO_WEB
1866	read_docx	english	DOCX	1	Read this word file r1866	READ:DOCX	NO_CREATE;NO_EDIT;NO_WEB
1867	read_docx	spelling	DOCX	0	docx_267.docx check karo r1867	READ:DOCX	NO_CREATE;NO_EDIT;NO_WEB
1868	read_docx	short	DOCX	1	iske andar kya hai batao r1868	READ:DOCX	NO_CREATE;NO_EDIT;NO_WEB
1869	read_docx	long	DOCX	0	please word file ko review karo r1869	READ:DOCX	NO_CREATE;NO_EDIT;NO_WEB
1870	read_docx	reversed	DOCX	1	ye word file dekh ke samjhao r1870	READ:DOCX	NO_CREATE;NO_EDIT;NO_WEB
1871	read_docx	nopunct	DOCX	0	word file ka content extract karo r1871	READ:DOCX	NO_CREATE;NO_EDIT;NO_WEB
1872	read_docx	followup	DOCX	1	open karke word file ka summary batao r1872	READ:DOCX	NO_CREATE;NO_EDIT;NO_WEB
1873	read_docx	hinglish	DOCX	0	word file padho r1873	READ:DOCX	NO_CREATE;NO_EDIT;NO_WEB
1874	read_docx	english	DOCX	1	Read this word file r1874	READ:DOCX	NO_CREATE;NO_EDIT;NO_WEB
1875	read_docx	spelling	DOCX	0	docx_275.docx check karo r1875	READ:DOCX	NO_CREATE;NO_EDIT;NO_WEB
1876	read_docx	short	DOCX	1	iske andar kya hai batao r1876	READ:DOCX	NO_CREATE;NO_EDIT;NO_WEB
1877	read_docx	long	DOCX	0	please word file ko review karo r1877	READ:DOCX	NO_CREATE;NO_EDIT;NO_WEB
1878	read_docx	reversed	DOCX	1	ye word file dekh ke samjhao r1878	READ:DOCX	NO_CREATE;NO_EDIT;NO_WEB
1879	read_docx	nopunct	DOCX	0	word file ka content extract karo r1879	READ:DOCX	NO_CREATE;NO_EDIT;NO_WEB
1880	read_docx	followup	DOCX	1	open karke word file ka summary batao r1880	READ:DOCX	NO_CREATE;NO_EDIT;NO_WEB
1881	read_docx	hinglish	DOCX	0	word file padho r1881	READ:DOCX	NO_CREATE;NO_EDIT;NO_WEB
1882	read_docx	english	DOCX	1	Read this word file r1882	READ:DOCX	NO_CREATE;NO_EDIT;NO_WEB
1883	read_docx	spelling	DOCX	0	docx_283.docx check karo r1883	READ:DOCX	NO_CREATE;NO_EDIT;NO_WEB
1884	read_docx	short	DOCX	1	iske andar kya hai batao r1884	READ:DOCX	NO_CREATE;NO_EDIT;NO_WEB
1885	read_docx	long	DOCX	0	please word file ko review karo r1885	READ:DOCX	NO_CREATE;NO_EDIT;NO_WEB
1886	read_docx	reversed	DOCX	1	ye word file dekh ke samjhao r1886	READ:DOCX	NO_CREATE;NO_EDIT;NO_WEB
1887	read_docx	nopunct	DOCX	0	word file ka content extract karo r1887	READ:DOCX	NO_CREATE;NO_EDIT;NO_WEB
1888	read_docx	followup	DOCX	1	open karke word file ka summary batao r1888	READ:DOCX	NO_CREATE;NO_EDIT;NO_WEB
1889	read_docx	hinglish	DOCX	0	word file padho r1889	READ:DOCX	NO_CREATE;NO_EDIT;NO_WEB
1890	read_docx	english	DOCX	1	Read this word file r1890	READ:DOCX	NO_CREATE;NO_EDIT;NO_WEB
1891	read_docx	spelling	DOCX	0	docx_291.docx check karo r1891	READ:DOCX	NO_CREATE;NO_EDIT;NO_WEB
1892	read_docx	short	DOCX	1	iske andar kya hai batao r1892	READ:DOCX	NO_CREATE;NO_EDIT;NO_WEB
1893	read_docx	long	DOCX	0	please word file ko review karo r1893	READ:DOCX	NO_CREATE;NO_EDIT;NO_WEB
1894	read_docx	reversed	DOCX	1	ye word file dekh ke samjhao r1894	READ:DOCX	NO_CREATE;NO_EDIT;NO_WEB
1895	read_docx	nopunct	DOCX	0	word file ka content extract karo r1895	READ:DOCX	NO_CREATE;NO_EDIT;NO_WEB
1896	read_docx	followup	DOCX	1	open karke word file ka summary batao r1896	READ:DOCX	NO_CREATE;NO_EDIT;NO_WEB
1897	read_docx	hinglish	DOCX	0	word file padho r1897	READ:DOCX	NO_CREATE;NO_EDIT;NO_WEB
1898	read_docx	english	DOCX	1	Read this word file r1898	READ:DOCX	NO_CREATE;NO_EDIT;NO_WEB
1899	read_docx	spelling	DOCX	0	docx_299.docx check karo r1899	READ:DOCX	NO_CREATE;NO_EDIT;NO_WEB
1900	read_docx	short	DOCX	1	iske andar kya hai batao r1900	READ:DOCX	NO_CREATE;NO_EDIT;NO_WEB
1901	read_xlsx	hinglish	XLSX	0	excel sheet padho r1901	READ:XLSX	NO_CREATE;NO_EDIT;NO_WEB
1902	read_xlsx	english	XLSX	1	Read this excel sheet r1902	READ:XLSX	NO_CREATE;NO_EDIT;NO_WEB
1903	read_xlsx	spelling	XLSX	0	xlsx_3.xlsx check karo r1903	READ:XLSX	NO_CREATE;NO_EDIT;NO_WEB
1904	read_xlsx	short	XLSX	1	iske andar kya hai batao r1904	READ:XLSX	NO_CREATE;NO_EDIT;NO_WEB
1905	read_xlsx	long	XLSX	0	please excel sheet ko review karo r1905	READ:XLSX	NO_CREATE;NO_EDIT;NO_WEB
1906	read_xlsx	reversed	XLSX	1	ye excel sheet dekh ke samjhao r1906	READ:XLSX	NO_CREATE;NO_EDIT;NO_WEB
1907	read_xlsx	nopunct	XLSX	0	excel sheet ka content extract karo r1907	READ:XLSX	NO_CREATE;NO_EDIT;NO_WEB
1908	read_xlsx	followup	XLSX	1	open karke excel sheet ka summary batao r1908	READ:XLSX	NO_CREATE;NO_EDIT;NO_WEB
1909	read_xlsx	hinglish	XLSX	0	excel sheet padho r1909	READ:XLSX	NO_CREATE;NO_EDIT;NO_WEB
1910	read_xlsx	english	XLSX	1	Read this excel sheet r1910	READ:XLSX	NO_CREATE;NO_EDIT;NO_WEB
1911	read_xlsx	spelling	XLSX	0	xlsx_11.xlsx check karo r1911	READ:XLSX	NO_CREATE;NO_EDIT;NO_WEB
1912	read_xlsx	short	XLSX	1	iske andar kya hai batao r1912	READ:XLSX	NO_CREATE;NO_EDIT;NO_WEB
1913	read_xlsx	long	XLSX	0	please excel sheet ko review karo r1913	READ:XLSX	NO_CREATE;NO_EDIT;NO_WEB
1914	read_xlsx	reversed	XLSX	1	ye excel sheet dekh ke samjhao r1914	READ:XLSX	NO_CREATE;NO_EDIT;NO_WEB
1915	read_xlsx	nopunct	XLSX	0	excel sheet ka content extract karo r1915	READ:XLSX	NO_CREATE;NO_EDIT;NO_WEB
1916	read_xlsx	followup	XLSX	1	open karke excel sheet ka summary batao r1916	READ:XLSX	NO_CREATE;NO_EDIT;NO_WEB
1917	read_xlsx	hinglish	XLSX	0	excel sheet padho r1917	READ:XLSX	NO_CREATE;NO_EDIT;NO_WEB
1918	read_xlsx	english	XLSX	1	Read this excel sheet r1918	READ:XLSX	NO_CREATE;NO_EDIT;NO_WEB
1919	read_xlsx	spelling	XLSX	0	xlsx_19.xlsx check karo r1919	READ:XLSX	NO_CREATE;NO_EDIT;NO_WEB
1920	read_xlsx	short	XLSX	1	iske andar kya hai batao r1920	READ:XLSX	NO_CREATE;NO_EDIT;NO_WEB
1921	read_xlsx	long	XLSX	0	please excel sheet ko review karo r1921	READ:XLSX	NO_CREATE;NO_EDIT;NO_WEB
1922	read_xlsx	reversed	XLSX	1	ye excel sheet dekh ke samjhao r1922	READ:XLSX	NO_CREATE;NO_EDIT;NO_WEB
1923	read_xlsx	nopunct	XLSX	0	excel sheet ka content extract karo r1923	READ:XLSX	NO_CREATE;NO_EDIT;NO_WEB
1924	read_xlsx	followup	XLSX	1	open karke excel sheet ka summary batao r1924	READ:XLSX	NO_CREATE;NO_EDIT;NO_WEB
1925	read_xlsx	hinglish	XLSX	0	excel sheet padho r1925	READ:XLSX	NO_CREATE;NO_EDIT;NO_WEB
1926	read_xlsx	english	XLSX	1	Read this excel sheet r1926	READ:XLSX	NO_CREATE;NO_EDIT;NO_WEB
1927	read_xlsx	spelling	XLSX	0	xlsx_27.xlsx check karo r1927	READ:XLSX	NO_CREATE;NO_EDIT;NO_WEB
1928	read_xlsx	short	XLSX	1	iske andar kya hai batao r1928	READ:XLSX	NO_CREATE;NO_EDIT;NO_WEB
1929	read_xlsx	long	XLSX	0	please excel sheet ko review karo r1929	READ:XLSX	NO_CREATE;NO_EDIT;NO_WEB
1930	read_xlsx	reversed	XLSX	1	ye excel sheet dekh ke samjhao r1930	READ:XLSX	NO_CREATE;NO_EDIT;NO_WEB
1931	read_xlsx	nopunct	XLSX	0	excel sheet ka content extract karo r1931	READ:XLSX	NO_CREATE;NO_EDIT;NO_WEB
1932	read_xlsx	followup	XLSX	1	open karke excel sheet ka summary batao r1932	READ:XLSX	NO_CREATE;NO_EDIT;NO_WEB
1933	read_xlsx	hinglish	XLSX	0	excel sheet padho r1933	READ:XLSX	NO_CREATE;NO_EDIT;NO_WEB
1934	read_xlsx	english	XLSX	1	Read this excel sheet r1934	READ:XLSX	NO_CREATE;NO_EDIT;NO_WEB
1935	read_xlsx	spelling	XLSX	0	xlsx_35.xlsx check karo r1935	READ:XLSX	NO_CREATE;NO_EDIT;NO_WEB
1936	read_xlsx	short	XLSX	1	iske andar kya hai batao r1936	READ:XLSX	NO_CREATE;NO_EDIT;NO_WEB
1937	read_xlsx	long	XLSX	0	please excel sheet ko review karo r1937	READ:XLSX	NO_CREATE;NO_EDIT;NO_WEB
1938	read_xlsx	reversed	XLSX	1	ye excel sheet dekh ke samjhao r1938	READ:XLSX	NO_CREATE;NO_EDIT;NO_WEB
1939	read_xlsx	nopunct	XLSX	0	excel sheet ka content extract karo r1939	READ:XLSX	NO_CREATE;NO_EDIT;NO_WEB
1940	read_xlsx	followup	XLSX	1	open karke excel sheet ka summary batao r1940	READ:XLSX	NO_CREATE;NO_EDIT;NO_WEB
1941	read_xlsx	hinglish	XLSX	0	excel sheet padho r1941	READ:XLSX	NO_CREATE;NO_EDIT;NO_WEB
1942	read_xlsx	english	XLSX	1	Read this excel sheet r1942	READ:XLSX	NO_CREATE;NO_EDIT;NO_WEB
1943	read_xlsx	spelling	XLSX	0	xlsx_43.xlsx check karo r1943	READ:XLSX	NO_CREATE;NO_EDIT;NO_WEB
1944	read_xlsx	short	XLSX	1	iske andar kya hai batao r1944	READ:XLSX	NO_CREATE;NO_EDIT;NO_WEB
1945	read_xlsx	long	XLSX	0	please excel sheet ko review karo r1945	READ:XLSX	NO_CREATE;NO_EDIT;NO_WEB
1946	read_xlsx	reversed	XLSX	1	ye excel sheet dekh ke samjhao r1946	READ:XLSX	NO_CREATE;NO_EDIT;NO_WEB
1947	read_xlsx	nopunct	XLSX	0	excel sheet ka content extract karo r1947	READ:XLSX	NO_CREATE;NO_EDIT;NO_WEB
1948	read_xlsx	followup	XLSX	1	open karke excel sheet ka summary batao r1948	READ:XLSX	NO_CREATE;NO_EDIT;NO_WEB
1949	read_xlsx	hinglish	XLSX	0	excel sheet padho r1949	READ:XLSX	NO_CREATE;NO_EDIT;NO_WEB
1950	read_xlsx	english	XLSX	1	Read this excel sheet r1950	READ:XLSX	NO_CREATE;NO_EDIT;NO_WEB
1951	read_xlsx	spelling	XLSX	0	xlsx_51.xlsx check karo r1951	READ:XLSX	NO_CREATE;NO_EDIT;NO_WEB
1952	read_xlsx	short	XLSX	1	iske andar kya hai batao r1952	READ:XLSX	NO_CREATE;NO_EDIT;NO_WEB
1953	read_xlsx	long	XLSX	0	please excel sheet ko review karo r1953	READ:XLSX	NO_CREATE;NO_EDIT;NO_WEB
1954	read_xlsx	reversed	XLSX	1	ye excel sheet dekh ke samjhao r1954	READ:XLSX	NO_CREATE;NO_EDIT;NO_WEB
1955	read_xlsx	nopunct	XLSX	0	excel sheet ka content extract karo r1955	READ:XLSX	NO_CREATE;NO_EDIT;NO_WEB
1956	read_xlsx	followup	XLSX	1	open karke excel sheet ka summary batao r1956	READ:XLSX	NO_CREATE;NO_EDIT;NO_WEB
1957	read_xlsx	hinglish	XLSX	0	excel sheet padho r1957	READ:XLSX	NO_CREATE;NO_EDIT;NO_WEB
1958	read_xlsx	english	XLSX	1	Read this excel sheet r1958	READ:XLSX	NO_CREATE;NO_EDIT;NO_WEB
1959	read_xlsx	spelling	XLSX	0	xlsx_59.xlsx check karo r1959	READ:XLSX	NO_CREATE;NO_EDIT;NO_WEB
1960	read_xlsx	short	XLSX	1	iske andar kya hai batao r1960	READ:XLSX	NO_CREATE;NO_EDIT;NO_WEB
1961	read_xlsx	long	XLSX	0	please excel sheet ko review karo r1961	READ:XLSX	NO_CREATE;NO_EDIT;NO_WEB
1962	read_xlsx	reversed	XLSX	1	ye excel sheet dekh ke samjhao r1962	READ:XLSX	NO_CREATE;NO_EDIT;NO_WEB
1963	read_xlsx	nopunct	XLSX	0	excel sheet ka content extract karo r1963	READ:XLSX	NO_CREATE;NO_EDIT;NO_WEB
1964	read_xlsx	followup	XLSX	1	open karke excel sheet ka summary batao r1964	READ:XLSX	NO_CREATE;NO_EDIT;NO_WEB
1965	read_xlsx	hinglish	XLSX	0	excel sheet padho r1965	READ:XLSX	NO_CREATE;NO_EDIT;NO_WEB
1966	read_xlsx	english	XLSX	1	Read this excel sheet r1966	READ:XLSX	NO_CREATE;NO_EDIT;NO_WEB
1967	read_xlsx	spelling	XLSX	0	xlsx_67.xlsx check karo r1967	READ:XLSX	NO_CREATE;NO_EDIT;NO_WEB
1968	read_xlsx	short	XLSX	1	iske andar kya hai batao r1968	READ:XLSX	NO_CREATE;NO_EDIT;NO_WEB
1969	read_xlsx	long	XLSX	0	please excel sheet ko review karo r1969	READ:XLSX	NO_CREATE;NO_EDIT;NO_WEB
1970	read_xlsx	reversed	XLSX	1	ye excel sheet dekh ke samjhao r1970	READ:XLSX	NO_CREATE;NO_EDIT;NO_WEB
1971	read_xlsx	nopunct	XLSX	0	excel sheet ka content extract karo r1971	READ:XLSX	NO_CREATE;NO_EDIT;NO_WEB
1972	read_xlsx	followup	XLSX	1	open karke excel sheet ka summary batao r1972	READ:XLSX	NO_CREATE;NO_EDIT;NO_WEB
1973	read_xlsx	hinglish	XLSX	0	excel sheet padho r1973	READ:XLSX	NO_CREATE;NO_EDIT;NO_WEB
1974	read_xlsx	english	XLSX	1	Read this excel sheet r1974	READ:XLSX	NO_CREATE;NO_EDIT;NO_WEB
1975	read_xlsx	spelling	XLSX	0	xlsx_75.xlsx check karo r1975	READ:XLSX	NO_CREATE;NO_EDIT;NO_WEB
1976	read_xlsx	short	XLSX	1	iske andar kya hai batao r1976	READ:XLSX	NO_CREATE;NO_EDIT;NO_WEB
1977	read_xlsx	long	XLSX	0	please excel sheet ko review karo r1977	READ:XLSX	NO_CREATE;NO_EDIT;NO_WEB
1978	read_xlsx	reversed	XLSX	1	ye excel sheet dekh ke samjhao r1978	READ:XLSX	NO_CREATE;NO_EDIT;NO_WEB
1979	read_xlsx	nopunct	XLSX	0	excel sheet ka content extract karo r1979	READ:XLSX	NO_CREATE;NO_EDIT;NO_WEB
1980	read_xlsx	followup	XLSX	1	open karke excel sheet ka summary batao r1980	READ:XLSX	NO_CREATE;NO_EDIT;NO_WEB
1981	read_xlsx	hinglish	XLSX	0	excel sheet padho r1981	READ:XLSX	NO_CREATE;NO_EDIT;NO_WEB
1982	read_xlsx	english	XLSX	1	Read this excel sheet r1982	READ:XLSX	NO_CREATE;NO_EDIT;NO_WEB
1983	read_xlsx	spelling	XLSX	0	xlsx_83.xlsx check karo r1983	READ:XLSX	NO_CREATE;NO_EDIT;NO_WEB
1984	read_xlsx	short	XLSX	1	iske andar kya hai batao r1984	READ:XLSX	NO_CREATE;NO_EDIT;NO_WEB
1985	read_xlsx	long	XLSX	0	please excel sheet ko review karo r1985	READ:XLSX	NO_CREATE;NO_EDIT;NO_WEB
1986	read_xlsx	reversed	XLSX	1	ye excel sheet dekh ke samjhao r1986	READ:XLSX	NO_CREATE;NO_EDIT;NO_WEB
1987	read_xlsx	nopunct	XLSX	0	excel sheet ka content extract karo r1987	READ:XLSX	NO_CREATE;NO_EDIT;NO_WEB
1988	read_xlsx	followup	XLSX	1	open karke excel sheet ka summary batao r1988	READ:XLSX	NO_CREATE;NO_EDIT;NO_WEB
1989	read_xlsx	hinglish	XLSX	0	excel sheet padho r1989	READ:XLSX	NO_CREATE;NO_EDIT;NO_WEB
1990	read_xlsx	english	XLSX	1	Read this excel sheet r1990	READ:XLSX	NO_CREATE;NO_EDIT;NO_WEB
1991	read_xlsx	spelling	XLSX	0	xlsx_91.xlsx check karo r1991	READ:XLSX	NO_CREATE;NO_EDIT;NO_WEB
1992	read_xlsx	short	XLSX	1	iske andar kya hai batao r1992	READ:XLSX	NO_CREATE;NO_EDIT;NO_WEB
1993	read_xlsx	long	XLSX	0	please excel sheet ko review karo r1993	READ:XLSX	NO_CREATE;NO_EDIT;NO_WEB
1994	read_xlsx	reversed	XLSX	1	ye excel sheet dekh ke samjhao r1994	READ:XLSX	NO_CREATE;NO_EDIT;NO_WEB
1995	read_xlsx	nopunct	XLSX	0	excel sheet ka content extract karo r1995	READ:XLSX	NO_CREATE;NO_EDIT;NO_WEB
1996	read_xlsx	followup	XLSX	1	open karke excel sheet ka summary batao r1996	READ:XLSX	NO_CREATE;NO_EDIT;NO_WEB
1997	read_xlsx	hinglish	XLSX	0	excel sheet padho r1997	READ:XLSX	NO_CREATE;NO_EDIT;NO_WEB
1998	read_xlsx	english	XLSX	1	Read this excel sheet r1998	READ:XLSX	NO_CREATE;NO_EDIT;NO_WEB
1999	read_xlsx	spelling	XLSX	0	xlsx_99.xlsx check karo r1999	READ:XLSX	NO_CREATE;NO_EDIT;NO_WEB
2000	read_xlsx	short	XLSX	1	iske andar kya hai batao r2000	READ:XLSX	NO_CREATE;NO_EDIT;NO_WEB
2001	read_xlsx	long	XLSX	0	please excel sheet ko review karo r2001	READ:XLSX	NO_CREATE;NO_EDIT;NO_WEB
2002	read_xlsx	reversed	XLSX	1	ye excel sheet dekh ke samjhao r2002	READ:XLSX	NO_CREATE;NO_EDIT;NO_WEB
2003	read_xlsx	nopunct	XLSX	0	excel sheet ka content extract karo r2003	READ:XLSX	NO_CREATE;NO_EDIT;NO_WEB
2004	read_xlsx	followup	XLSX	1	open karke excel sheet ka summary batao r2004	READ:XLSX	NO_CREATE;NO_EDIT;NO_WEB
2005	read_xlsx	hinglish	XLSX	0	excel sheet padho r2005	READ:XLSX	NO_CREATE;NO_EDIT;NO_WEB
2006	read_xlsx	english	XLSX	1	Read this excel sheet r2006	READ:XLSX	NO_CREATE;NO_EDIT;NO_WEB
2007	read_xlsx	spelling	XLSX	0	xlsx_107.xlsx check karo r2007	READ:XLSX	NO_CREATE;NO_EDIT;NO_WEB
2008	read_xlsx	short	XLSX	1	iske andar kya hai batao r2008	READ:XLSX	NO_CREATE;NO_EDIT;NO_WEB
2009	read_xlsx	long	XLSX	0	please excel sheet ko review karo r2009	READ:XLSX	NO_CREATE;NO_EDIT;NO_WEB
2010	read_xlsx	reversed	XLSX	1	ye excel sheet dekh ke samjhao r2010	READ:XLSX	NO_CREATE;NO_EDIT;NO_WEB
2011	read_xlsx	nopunct	XLSX	0	excel sheet ka content extract karo r2011	READ:XLSX	NO_CREATE;NO_EDIT;NO_WEB
2012	read_xlsx	followup	XLSX	1	open karke excel sheet ka summary batao r2012	READ:XLSX	NO_CREATE;NO_EDIT;NO_WEB
2013	read_xlsx	hinglish	XLSX	0	excel sheet padho r2013	READ:XLSX	NO_CREATE;NO_EDIT;NO_WEB
2014	read_xlsx	english	XLSX	1	Read this excel sheet r2014	READ:XLSX	NO_CREATE;NO_EDIT;NO_WEB
2015	read_xlsx	spelling	XLSX	0	xlsx_115.xlsx check karo r2015	READ:XLSX	NO_CREATE;NO_EDIT;NO_WEB
2016	read_xlsx	short	XLSX	1	iske andar kya hai batao r2016	READ:XLSX	NO_CREATE;NO_EDIT;NO_WEB
2017	read_xlsx	long	XLSX	0	please excel sheet ko review karo r2017	READ:XLSX	NO_CREATE;NO_EDIT;NO_WEB
2018	read_xlsx	reversed	XLSX	1	ye excel sheet dekh ke samjhao r2018	READ:XLSX	NO_CREATE;NO_EDIT;NO_WEB
2019	read_xlsx	nopunct	XLSX	0	excel sheet ka content extract karo r2019	READ:XLSX	NO_CREATE;NO_EDIT;NO_WEB
2020	read_xlsx	followup	XLSX	1	open karke excel sheet ka summary batao r2020	READ:XLSX	NO_CREATE;NO_EDIT;NO_WEB
2021	read_xlsx	hinglish	XLSX	0	excel sheet padho r2021	READ:XLSX	NO_CREATE;NO_EDIT;NO_WEB
2022	read_xlsx	english	XLSX	1	Read this excel sheet r2022	READ:XLSX	NO_CREATE;NO_EDIT;NO_WEB
2023	read_xlsx	spelling	XLSX	0	xlsx_123.xlsx check karo r2023	READ:XLSX	NO_CREATE;NO_EDIT;NO_WEB
2024	read_xlsx	short	XLSX	1	iske andar kya hai batao r2024	READ:XLSX	NO_CREATE;NO_EDIT;NO_WEB
2025	read_xlsx	long	XLSX	0	please excel sheet ko review karo r2025	READ:XLSX	NO_CREATE;NO_EDIT;NO_WEB
2026	read_xlsx	reversed	XLSX	1	ye excel sheet dekh ke samjhao r2026	READ:XLSX	NO_CREATE;NO_EDIT;NO_WEB
2027	read_xlsx	nopunct	XLSX	0	excel sheet ka content extract karo r2027	READ:XLSX	NO_CREATE;NO_EDIT;NO_WEB
2028	read_xlsx	followup	XLSX	1	open karke excel sheet ka summary batao r2028	READ:XLSX	NO_CREATE;NO_EDIT;NO_WEB
2029	read_xlsx	hinglish	XLSX	0	excel sheet padho r2029	READ:XLSX	NO_CREATE;NO_EDIT;NO_WEB
2030	read_xlsx	english	XLSX	1	Read this excel sheet r2030	READ:XLSX	NO_CREATE;NO_EDIT;NO_WEB
2031	read_xlsx	spelling	XLSX	0	xlsx_131.xlsx check karo r2031	READ:XLSX	NO_CREATE;NO_EDIT;NO_WEB
2032	read_xlsx	short	XLSX	1	iske andar kya hai batao r2032	READ:XLSX	NO_CREATE;NO_EDIT;NO_WEB
2033	read_xlsx	long	XLSX	0	please excel sheet ko review karo r2033	READ:XLSX	NO_CREATE;NO_EDIT;NO_WEB
2034	read_xlsx	reversed	XLSX	1	ye excel sheet dekh ke samjhao r2034	READ:XLSX	NO_CREATE;NO_EDIT;NO_WEB
2035	read_xlsx	nopunct	XLSX	0	excel sheet ka content extract karo r2035	READ:XLSX	NO_CREATE;NO_EDIT;NO_WEB
2036	read_xlsx	followup	XLSX	1	open karke excel sheet ka summary batao r2036	READ:XLSX	NO_CREATE;NO_EDIT;NO_WEB
2037	read_xlsx	hinglish	XLSX	0	excel sheet padho r2037	READ:XLSX	NO_CREATE;NO_EDIT;NO_WEB
2038	read_xlsx	english	XLSX	1	Read this excel sheet r2038	READ:XLSX	NO_CREATE;NO_EDIT;NO_WEB
2039	read_xlsx	spelling	XLSX	0	xlsx_139.xlsx check karo r2039	READ:XLSX	NO_CREATE;NO_EDIT;NO_WEB
2040	read_xlsx	short	XLSX	1	iske andar kya hai batao r2040	READ:XLSX	NO_CREATE;NO_EDIT;NO_WEB
2041	read_xlsx	long	XLSX	0	please excel sheet ko review karo r2041	READ:XLSX	NO_CREATE;NO_EDIT;NO_WEB
2042	read_xlsx	reversed	XLSX	1	ye excel sheet dekh ke samjhao r2042	READ:XLSX	NO_CREATE;NO_EDIT;NO_WEB
2043	read_xlsx	nopunct	XLSX	0	excel sheet ka content extract karo r2043	READ:XLSX	NO_CREATE;NO_EDIT;NO_WEB
2044	read_xlsx	followup	XLSX	1	open karke excel sheet ka summary batao r2044	READ:XLSX	NO_CREATE;NO_EDIT;NO_WEB
2045	read_xlsx	hinglish	XLSX	0	excel sheet padho r2045	READ:XLSX	NO_CREATE;NO_EDIT;NO_WEB
2046	read_xlsx	english	XLSX	1	Read this excel sheet r2046	READ:XLSX	NO_CREATE;NO_EDIT;NO_WEB
2047	read_xlsx	spelling	XLSX	0	xlsx_147.xlsx check karo r2047	READ:XLSX	NO_CREATE;NO_EDIT;NO_WEB
2048	read_xlsx	short	XLSX	1	iske andar kya hai batao r2048	READ:XLSX	NO_CREATE;NO_EDIT;NO_WEB
2049	read_xlsx	long	XLSX	0	please excel sheet ko review karo r2049	READ:XLSX	NO_CREATE;NO_EDIT;NO_WEB
2050	read_xlsx	reversed	XLSX	1	ye excel sheet dekh ke samjhao r2050	READ:XLSX	NO_CREATE;NO_EDIT;NO_WEB
2051	read_xlsx	nopunct	XLSX	0	excel sheet ka content extract karo r2051	READ:XLSX	NO_CREATE;NO_EDIT;NO_WEB
2052	read_xlsx	followup	XLSX	1	open karke excel sheet ka summary batao r2052	READ:XLSX	NO_CREATE;NO_EDIT;NO_WEB
2053	read_xlsx	hinglish	XLSX	0	excel sheet padho r2053	READ:XLSX	NO_CREATE;NO_EDIT;NO_WEB
2054	read_xlsx	english	XLSX	1	Read this excel sheet r2054	READ:XLSX	NO_CREATE;NO_EDIT;NO_WEB
2055	read_xlsx	spelling	XLSX	0	xlsx_155.xlsx check karo r2055	READ:XLSX	NO_CREATE;NO_EDIT;NO_WEB
2056	read_xlsx	short	XLSX	1	iske andar kya hai batao r2056	READ:XLSX	NO_CREATE;NO_EDIT;NO_WEB
2057	read_xlsx	long	XLSX	0	please excel sheet ko review karo r2057	READ:XLSX	NO_CREATE;NO_EDIT;NO_WEB
2058	read_xlsx	reversed	XLSX	1	ye excel sheet dekh ke samjhao r2058	READ:XLSX	NO_CREATE;NO_EDIT;NO_WEB
2059	read_xlsx	nopunct	XLSX	0	excel sheet ka content extract karo r2059	READ:XLSX	NO_CREATE;NO_EDIT;NO_WEB
2060	read_xlsx	followup	XLSX	1	open karke excel sheet ka summary batao r2060	READ:XLSX	NO_CREATE;NO_EDIT;NO_WEB
2061	read_xlsx	hinglish	XLSX	0	excel sheet padho r2061	READ:XLSX	NO_CREATE;NO_EDIT;NO_WEB
2062	read_xlsx	english	XLSX	1	Read this excel sheet r2062	READ:XLSX	NO_CREATE;NO_EDIT;NO_WEB
2063	read_xlsx	spelling	XLSX	0	xlsx_163.xlsx check karo r2063	READ:XLSX	NO_CREATE;NO_EDIT;NO_WEB
2064	read_xlsx	short	XLSX	1	iske andar kya hai batao r2064	READ:XLSX	NO_CREATE;NO_EDIT;NO_WEB
2065	read_xlsx	long	XLSX	0	please excel sheet ko review karo r2065	READ:XLSX	NO_CREATE;NO_EDIT;NO_WEB
2066	read_xlsx	reversed	XLSX	1	ye excel sheet dekh ke samjhao r2066	READ:XLSX	NO_CREATE;NO_EDIT;NO_WEB
2067	read_xlsx	nopunct	XLSX	0	excel sheet ka content extract karo r2067	READ:XLSX	NO_CREATE;NO_EDIT;NO_WEB
2068	read_xlsx	followup	XLSX	1	open karke excel sheet ka summary batao r2068	READ:XLSX	NO_CREATE;NO_EDIT;NO_WEB
2069	read_xlsx	hinglish	XLSX	0	excel sheet padho r2069	READ:XLSX	NO_CREATE;NO_EDIT;NO_WEB
2070	read_xlsx	english	XLSX	1	Read this excel sheet r2070	READ:XLSX	NO_CREATE;NO_EDIT;NO_WEB
2071	read_xlsx	spelling	XLSX	0	xlsx_171.xlsx check karo r2071	READ:XLSX	NO_CREATE;NO_EDIT;NO_WEB
2072	read_xlsx	short	XLSX	1	iske andar kya hai batao r2072	READ:XLSX	NO_CREATE;NO_EDIT;NO_WEB
2073	read_xlsx	long	XLSX	0	please excel sheet ko review karo r2073	READ:XLSX	NO_CREATE;NO_EDIT;NO_WEB
2074	read_xlsx	reversed	XLSX	1	ye excel sheet dekh ke samjhao r2074	READ:XLSX	NO_CREATE;NO_EDIT;NO_WEB
2075	read_xlsx	nopunct	XLSX	0	excel sheet ka content extract karo r2075	READ:XLSX	NO_CREATE;NO_EDIT;NO_WEB
2076	read_xlsx	followup	XLSX	1	open karke excel sheet ka summary batao r2076	READ:XLSX	NO_CREATE;NO_EDIT;NO_WEB
2077	read_xlsx	hinglish	XLSX	0	excel sheet padho r2077	READ:XLSX	NO_CREATE;NO_EDIT;NO_WEB
2078	read_xlsx	english	XLSX	1	Read this excel sheet r2078	READ:XLSX	NO_CREATE;NO_EDIT;NO_WEB
2079	read_xlsx	spelling	XLSX	0	xlsx_179.xlsx check karo r2079	READ:XLSX	NO_CREATE;NO_EDIT;NO_WEB
2080	read_xlsx	short	XLSX	1	iske andar kya hai batao r2080	READ:XLSX	NO_CREATE;NO_EDIT;NO_WEB
2081	read_xlsx	long	XLSX	0	please excel sheet ko review karo r2081	READ:XLSX	NO_CREATE;NO_EDIT;NO_WEB
2082	read_xlsx	reversed	XLSX	1	ye excel sheet dekh ke samjhao r2082	READ:XLSX	NO_CREATE;NO_EDIT;NO_WEB
2083	read_xlsx	nopunct	XLSX	0	excel sheet ka content extract karo r2083	READ:XLSX	NO_CREATE;NO_EDIT;NO_WEB
2084	read_xlsx	followup	XLSX	1	open karke excel sheet ka summary batao r2084	READ:XLSX	NO_CREATE;NO_EDIT;NO_WEB
2085	read_xlsx	hinglish	XLSX	0	excel sheet padho r2085	READ:XLSX	NO_CREATE;NO_EDIT;NO_WEB
2086	read_xlsx	english	XLSX	1	Read this excel sheet r2086	READ:XLSX	NO_CREATE;NO_EDIT;NO_WEB
2087	read_xlsx	spelling	XLSX	0	xlsx_187.xlsx check karo r2087	READ:XLSX	NO_CREATE;NO_EDIT;NO_WEB
2088	read_xlsx	short	XLSX	1	iske andar kya hai batao r2088	READ:XLSX	NO_CREATE;NO_EDIT;NO_WEB
2089	read_xlsx	long	XLSX	0	please excel sheet ko review karo r2089	READ:XLSX	NO_CREATE;NO_EDIT;NO_WEB
2090	read_xlsx	reversed	XLSX	1	ye excel sheet dekh ke samjhao r2090	READ:XLSX	NO_CREATE;NO_EDIT;NO_WEB
2091	read_xlsx	nopunct	XLSX	0	excel sheet ka content extract karo r2091	READ:XLSX	NO_CREATE;NO_EDIT;NO_WEB
2092	read_xlsx	followup	XLSX	1	open karke excel sheet ka summary batao r2092	READ:XLSX	NO_CREATE;NO_EDIT;NO_WEB
2093	read_xlsx	hinglish	XLSX	0	excel sheet padho r2093	READ:XLSX	NO_CREATE;NO_EDIT;NO_WEB
2094	read_xlsx	english	XLSX	1	Read this excel sheet r2094	READ:XLSX	NO_CREATE;NO_EDIT;NO_WEB
2095	read_xlsx	spelling	XLSX	0	xlsx_195.xlsx check karo r2095	READ:XLSX	NO_CREATE;NO_EDIT;NO_WEB
2096	read_xlsx	short	XLSX	1	iske andar kya hai batao r2096	READ:XLSX	NO_CREATE;NO_EDIT;NO_WEB
2097	read_xlsx	long	XLSX	0	please excel sheet ko review karo r2097	READ:XLSX	NO_CREATE;NO_EDIT;NO_WEB
2098	read_xlsx	reversed	XLSX	1	ye excel sheet dekh ke samjhao r2098	READ:XLSX	NO_CREATE;NO_EDIT;NO_WEB
2099	read_xlsx	nopunct	XLSX	0	excel sheet ka content extract karo r2099	READ:XLSX	NO_CREATE;NO_EDIT;NO_WEB
2100	read_xlsx	followup	XLSX	1	open karke excel sheet ka summary batao r2100	READ:XLSX	NO_CREATE;NO_EDIT;NO_WEB
2101	read_xlsx	hinglish	XLSX	0	excel sheet padho r2101	READ:XLSX	NO_CREATE;NO_EDIT;NO_WEB
2102	read_xlsx	english	XLSX	1	Read this excel sheet r2102	READ:XLSX	NO_CREATE;NO_EDIT;NO_WEB
2103	read_xlsx	spelling	XLSX	0	xlsx_203.xlsx check karo r2103	READ:XLSX	NO_CREATE;NO_EDIT;NO_WEB
2104	read_xlsx	short	XLSX	1	iske andar kya hai batao r2104	READ:XLSX	NO_CREATE;NO_EDIT;NO_WEB
2105	read_xlsx	long	XLSX	0	please excel sheet ko review karo r2105	READ:XLSX	NO_CREATE;NO_EDIT;NO_WEB
2106	read_xlsx	reversed	XLSX	1	ye excel sheet dekh ke samjhao r2106	READ:XLSX	NO_CREATE;NO_EDIT;NO_WEB
2107	read_xlsx	nopunct	XLSX	0	excel sheet ka content extract karo r2107	READ:XLSX	NO_CREATE;NO_EDIT;NO_WEB
2108	read_xlsx	followup	XLSX	1	open karke excel sheet ka summary batao r2108	READ:XLSX	NO_CREATE;NO_EDIT;NO_WEB
2109	read_xlsx	hinglish	XLSX	0	excel sheet padho r2109	READ:XLSX	NO_CREATE;NO_EDIT;NO_WEB
2110	read_xlsx	english	XLSX	1	Read this excel sheet r2110	READ:XLSX	NO_CREATE;NO_EDIT;NO_WEB
2111	read_xlsx	spelling	XLSX	0	xlsx_211.xlsx check karo r2111	READ:XLSX	NO_CREATE;NO_EDIT;NO_WEB
2112	read_xlsx	short	XLSX	1	iske andar kya hai batao r2112	READ:XLSX	NO_CREATE;NO_EDIT;NO_WEB
2113	read_xlsx	long	XLSX	0	please excel sheet ko review karo r2113	READ:XLSX	NO_CREATE;NO_EDIT;NO_WEB
2114	read_xlsx	reversed	XLSX	1	ye excel sheet dekh ke samjhao r2114	READ:XLSX	NO_CREATE;NO_EDIT;NO_WEB
2115	read_xlsx	nopunct	XLSX	0	excel sheet ka content extract karo r2115	READ:XLSX	NO_CREATE;NO_EDIT;NO_WEB
2116	read_xlsx	followup	XLSX	1	open karke excel sheet ka summary batao r2116	READ:XLSX	NO_CREATE;NO_EDIT;NO_WEB
2117	read_xlsx	hinglish	XLSX	0	excel sheet padho r2117	READ:XLSX	NO_CREATE;NO_EDIT;NO_WEB
2118	read_xlsx	english	XLSX	1	Read this excel sheet r2118	READ:XLSX	NO_CREATE;NO_EDIT;NO_WEB
2119	read_xlsx	spelling	XLSX	0	xlsx_219.xlsx check karo r2119	READ:XLSX	NO_CREATE;NO_EDIT;NO_WEB
2120	read_xlsx	short	XLSX	1	iske andar kya hai batao r2120	READ:XLSX	NO_CREATE;NO_EDIT;NO_WEB
2121	read_xlsx	long	XLSX	0	please excel sheet ko review karo r2121	READ:XLSX	NO_CREATE;NO_EDIT;NO_WEB
2122	read_xlsx	reversed	XLSX	1	ye excel sheet dekh ke samjhao r2122	READ:XLSX	NO_CREATE;NO_EDIT;NO_WEB
2123	read_xlsx	nopunct	XLSX	0	excel sheet ka content extract karo r2123	READ:XLSX	NO_CREATE;NO_EDIT;NO_WEB
2124	read_xlsx	followup	XLSX	1	open karke excel sheet ka summary batao r2124	READ:XLSX	NO_CREATE;NO_EDIT;NO_WEB
2125	read_xlsx	hinglish	XLSX	0	excel sheet padho r2125	READ:XLSX	NO_CREATE;NO_EDIT;NO_WEB
2126	read_xlsx	english	XLSX	1	Read this excel sheet r2126	READ:XLSX	NO_CREATE;NO_EDIT;NO_WEB
2127	read_xlsx	spelling	XLSX	0	xlsx_227.xlsx check karo r2127	READ:XLSX	NO_CREATE;NO_EDIT;NO_WEB
2128	read_xlsx	short	XLSX	1	iske andar kya hai batao r2128	READ:XLSX	NO_CREATE;NO_EDIT;NO_WEB
2129	read_xlsx	long	XLSX	0	please excel sheet ko review karo r2129	READ:XLSX	NO_CREATE;NO_EDIT;NO_WEB
2130	read_xlsx	reversed	XLSX	1	ye excel sheet dekh ke samjhao r2130	READ:XLSX	NO_CREATE;NO_EDIT;NO_WEB
2131	read_xlsx	nopunct	XLSX	0	excel sheet ka content extract karo r2131	READ:XLSX	NO_CREATE;NO_EDIT;NO_WEB
2132	read_xlsx	followup	XLSX	1	open karke excel sheet ka summary batao r2132	READ:XLSX	NO_CREATE;NO_EDIT;NO_WEB
2133	read_xlsx	hinglish	XLSX	0	excel sheet padho r2133	READ:XLSX	NO_CREATE;NO_EDIT;NO_WEB
2134	read_xlsx	english	XLSX	1	Read this excel sheet r2134	READ:XLSX	NO_CREATE;NO_EDIT;NO_WEB
2135	read_xlsx	spelling	XLSX	0	xlsx_235.xlsx check karo r2135	READ:XLSX	NO_CREATE;NO_EDIT;NO_WEB
2136	read_xlsx	short	XLSX	1	iske andar kya hai batao r2136	READ:XLSX	NO_CREATE;NO_EDIT;NO_WEB
2137	read_xlsx	long	XLSX	0	please excel sheet ko review karo r2137	READ:XLSX	NO_CREATE;NO_EDIT;NO_WEB
2138	read_xlsx	reversed	XLSX	1	ye excel sheet dekh ke samjhao r2138	READ:XLSX	NO_CREATE;NO_EDIT;NO_WEB
2139	read_xlsx	nopunct	XLSX	0	excel sheet ka content extract karo r2139	READ:XLSX	NO_CREATE;NO_EDIT;NO_WEB
2140	read_xlsx	followup	XLSX	1	open karke excel sheet ka summary batao r2140	READ:XLSX	NO_CREATE;NO_EDIT;NO_WEB
2141	read_xlsx	hinglish	XLSX	0	excel sheet padho r2141	READ:XLSX	NO_CREATE;NO_EDIT;NO_WEB
2142	read_xlsx	english	XLSX	1	Read this excel sheet r2142	READ:XLSX	NO_CREATE;NO_EDIT;NO_WEB
2143	read_xlsx	spelling	XLSX	0	xlsx_243.xlsx check karo r2143	READ:XLSX	NO_CREATE;NO_EDIT;NO_WEB
2144	read_xlsx	short	XLSX	1	iske andar kya hai batao r2144	READ:XLSX	NO_CREATE;NO_EDIT;NO_WEB
2145	read_xlsx	long	XLSX	0	please excel sheet ko review karo r2145	READ:XLSX	NO_CREATE;NO_EDIT;NO_WEB
2146	read_xlsx	reversed	XLSX	1	ye excel sheet dekh ke samjhao r2146	READ:XLSX	NO_CREATE;NO_EDIT;NO_WEB
2147	read_xlsx	nopunct	XLSX	0	excel sheet ka content extract karo r2147	READ:XLSX	NO_CREATE;NO_EDIT;NO_WEB
2148	read_xlsx	followup	XLSX	1	open karke excel sheet ka summary batao r2148	READ:XLSX	NO_CREATE;NO_EDIT;NO_WEB
2149	read_xlsx	hinglish	XLSX	0	excel sheet padho r2149	READ:XLSX	NO_CREATE;NO_EDIT;NO_WEB
2150	read_xlsx	english	XLSX	1	Read this excel sheet r2150	READ:XLSX	NO_CREATE;NO_EDIT;NO_WEB
2151	read_xlsx	spelling	XLSX	0	xlsx_251.xlsx check karo r2151	READ:XLSX	NO_CREATE;NO_EDIT;NO_WEB
2152	read_xlsx	short	XLSX	1	iske andar kya hai batao r2152	READ:XLSX	NO_CREATE;NO_EDIT;NO_WEB
2153	read_xlsx	long	XLSX	0	please excel sheet ko review karo r2153	READ:XLSX	NO_CREATE;NO_EDIT;NO_WEB
2154	read_xlsx	reversed	XLSX	1	ye excel sheet dekh ke samjhao r2154	READ:XLSX	NO_CREATE;NO_EDIT;NO_WEB
2155	read_xlsx	nopunct	XLSX	0	excel sheet ka content extract karo r2155	READ:XLSX	NO_CREATE;NO_EDIT;NO_WEB
2156	read_xlsx	followup	XLSX	1	open karke excel sheet ka summary batao r2156	READ:XLSX	NO_CREATE;NO_EDIT;NO_WEB
2157	read_xlsx	hinglish	XLSX	0	excel sheet padho r2157	READ:XLSX	NO_CREATE;NO_EDIT;NO_WEB
2158	read_xlsx	english	XLSX	1	Read this excel sheet r2158	READ:XLSX	NO_CREATE;NO_EDIT;NO_WEB
2159	read_xlsx	spelling	XLSX	0	xlsx_259.xlsx check karo r2159	READ:XLSX	NO_CREATE;NO_EDIT;NO_WEB
2160	read_xlsx	short	XLSX	1	iske andar kya hai batao r2160	READ:XLSX	NO_CREATE;NO_EDIT;NO_WEB
2161	read_xlsx	long	XLSX	0	please excel sheet ko review karo r2161	READ:XLSX	NO_CREATE;NO_EDIT;NO_WEB
2162	read_xlsx	reversed	XLSX	1	ye excel sheet dekh ke samjhao r2162	READ:XLSX	NO_CREATE;NO_EDIT;NO_WEB
2163	read_xlsx	nopunct	XLSX	0	excel sheet ka content extract karo r2163	READ:XLSX	NO_CREATE;NO_EDIT;NO_WEB
2164	read_xlsx	followup	XLSX	1	open karke excel sheet ka summary batao r2164	READ:XLSX	NO_CREATE;NO_EDIT;NO_WEB
2165	read_xlsx	hinglish	XLSX	0	excel sheet padho r2165	READ:XLSX	NO_CREATE;NO_EDIT;NO_WEB
2166	read_xlsx	english	XLSX	1	Read this excel sheet r2166	READ:XLSX	NO_CREATE;NO_EDIT;NO_WEB
2167	read_xlsx	spelling	XLSX	0	xlsx_267.xlsx check karo r2167	READ:XLSX	NO_CREATE;NO_EDIT;NO_WEB
2168	read_xlsx	short	XLSX	1	iske andar kya hai batao r2168	READ:XLSX	NO_CREATE;NO_EDIT;NO_WEB
2169	read_xlsx	long	XLSX	0	please excel sheet ko review karo r2169	READ:XLSX	NO_CREATE;NO_EDIT;NO_WEB
2170	read_xlsx	reversed	XLSX	1	ye excel sheet dekh ke samjhao r2170	READ:XLSX	NO_CREATE;NO_EDIT;NO_WEB
2171	read_xlsx	nopunct	XLSX	0	excel sheet ka content extract karo r2171	READ:XLSX	NO_CREATE;NO_EDIT;NO_WEB
2172	read_xlsx	followup	XLSX	1	open karke excel sheet ka summary batao r2172	READ:XLSX	NO_CREATE;NO_EDIT;NO_WEB
2173	read_xlsx	hinglish	XLSX	0	excel sheet padho r2173	READ:XLSX	NO_CREATE;NO_EDIT;NO_WEB
2174	read_xlsx	english	XLSX	1	Read this excel sheet r2174	READ:XLSX	NO_CREATE;NO_EDIT;NO_WEB
2175	read_xlsx	spelling	XLSX	0	xlsx_275.xlsx check karo r2175	READ:XLSX	NO_CREATE;NO_EDIT;NO_WEB
2176	read_xlsx	short	XLSX	1	iske andar kya hai batao r2176	READ:XLSX	NO_CREATE;NO_EDIT;NO_WEB
2177	read_xlsx	long	XLSX	0	please excel sheet ko review karo r2177	READ:XLSX	NO_CREATE;NO_EDIT;NO_WEB
2178	read_xlsx	reversed	XLSX	1	ye excel sheet dekh ke samjhao r2178	READ:XLSX	NO_CREATE;NO_EDIT;NO_WEB
2179	read_xlsx	nopunct	XLSX	0	excel sheet ka content extract karo r2179	READ:XLSX	NO_CREATE;NO_EDIT;NO_WEB
2180	read_xlsx	followup	XLSX	1	open karke excel sheet ka summary batao r2180	READ:XLSX	NO_CREATE;NO_EDIT;NO_WEB
2181	read_xlsx	hinglish	XLSX	0	excel sheet padho r2181	READ:XLSX	NO_CREATE;NO_EDIT;NO_WEB
2182	read_xlsx	english	XLSX	1	Read this excel sheet r2182	READ:XLSX	NO_CREATE;NO_EDIT;NO_WEB
2183	read_xlsx	spelling	XLSX	0	xlsx_283.xlsx check karo r2183	READ:XLSX	NO_CREATE;NO_EDIT;NO_WEB
2184	read_xlsx	short	XLSX	1	iske andar kya hai batao r2184	READ:XLSX	NO_CREATE;NO_EDIT;NO_WEB
2185	read_xlsx	long	XLSX	0	please excel sheet ko review karo r2185	READ:XLSX	NO_CREATE;NO_EDIT;NO_WEB
2186	read_xlsx	reversed	XLSX	1	ye excel sheet dekh ke samjhao r2186	READ:XLSX	NO_CREATE;NO_EDIT;NO_WEB
2187	read_xlsx	nopunct	XLSX	0	excel sheet ka content extract karo r2187	READ:XLSX	NO_CREATE;NO_EDIT;NO_WEB
2188	read_xlsx	followup	XLSX	1	open karke excel sheet ka summary batao r2188	READ:XLSX	NO_CREATE;NO_EDIT;NO_WEB
2189	read_xlsx	hinglish	XLSX	0	excel sheet padho r2189	READ:XLSX	NO_CREATE;NO_EDIT;NO_WEB
2190	read_xlsx	english	XLSX	1	Read this excel sheet r2190	READ:XLSX	NO_CREATE;NO_EDIT;NO_WEB
2191	read_xlsx	spelling	XLSX	0	xlsx_291.xlsx check karo r2191	READ:XLSX	NO_CREATE;NO_EDIT;NO_WEB
2192	read_xlsx	short	XLSX	1	iske andar kya hai batao r2192	READ:XLSX	NO_CREATE;NO_EDIT;NO_WEB
2193	read_xlsx	long	XLSX	0	please excel sheet ko review karo r2193	READ:XLSX	NO_CREATE;NO_EDIT;NO_WEB
2194	read_xlsx	reversed	XLSX	1	ye excel sheet dekh ke samjhao r2194	READ:XLSX	NO_CREATE;NO_EDIT;NO_WEB
2195	read_xlsx	nopunct	XLSX	0	excel sheet ka content extract karo r2195	READ:XLSX	NO_CREATE;NO_EDIT;NO_WEB
2196	read_xlsx	followup	XLSX	1	open karke excel sheet ka summary batao r2196	READ:XLSX	NO_CREATE;NO_EDIT;NO_WEB
2197	read_xlsx	hinglish	XLSX	0	excel sheet padho r2197	READ:XLSX	NO_CREATE;NO_EDIT;NO_WEB
2198	read_xlsx	english	XLSX	1	Read this excel sheet r2198	READ:XLSX	NO_CREATE;NO_EDIT;NO_WEB
2199	read_xlsx	spelling	XLSX	0	xlsx_299.xlsx check karo r2199	READ:XLSX	NO_CREATE;NO_EDIT;NO_WEB
2200	read_xlsx	short	XLSX	1	iske andar kya hai batao r2200	READ:XLSX	NO_CREATE;NO_EDIT;NO_WEB
2201	read_pptx	hinglish	PPTX	0	slides padho r2201	READ:PPTX	NO_CREATE;NO_EDIT;NO_WEB
2202	read_pptx	english	PPTX	1	Read this slides r2202	READ:PPTX	NO_CREATE;NO_EDIT;NO_WEB
2203	read_pptx	spelling	PPTX	0	pptx_3.pptx check karo r2203	READ:PPTX	NO_CREATE;NO_EDIT;NO_WEB
2204	read_pptx	short	PPTX	1	iske andar kya hai batao r2204	READ:PPTX	NO_CREATE;NO_EDIT;NO_WEB
2205	read_pptx	long	PPTX	0	please slides ko review karo r2205	READ:PPTX	NO_CREATE;NO_EDIT;NO_WEB
2206	read_pptx	reversed	PPTX	1	ye slides dekh ke samjhao r2206	READ:PPTX	NO_CREATE;NO_EDIT;NO_WEB
2207	read_pptx	nopunct	PPTX	0	slides ka content extract karo r2207	READ:PPTX	NO_CREATE;NO_EDIT;NO_WEB
2208	read_pptx	followup	PPTX	1	open karke slides ka summary batao r2208	READ:PPTX	NO_CREATE;NO_EDIT;NO_WEB
2209	read_pptx	hinglish	PPTX	0	slides padho r2209	READ:PPTX	NO_CREATE;NO_EDIT;NO_WEB
2210	read_pptx	english	PPTX	1	Read this slides r2210	READ:PPTX	NO_CREATE;NO_EDIT;NO_WEB
2211	read_pptx	spelling	PPTX	0	pptx_11.pptx check karo r2211	READ:PPTX	NO_CREATE;NO_EDIT;NO_WEB
2212	read_pptx	short	PPTX	1	iske andar kya hai batao r2212	READ:PPTX	NO_CREATE;NO_EDIT;NO_WEB
2213	read_pptx	long	PPTX	0	please slides ko review karo r2213	READ:PPTX	NO_CREATE;NO_EDIT;NO_WEB
2214	read_pptx	reversed	PPTX	1	ye slides dekh ke samjhao r2214	READ:PPTX	NO_CREATE;NO_EDIT;NO_WEB
2215	read_pptx	nopunct	PPTX	0	slides ka content extract karo r2215	READ:PPTX	NO_CREATE;NO_EDIT;NO_WEB
2216	read_pptx	followup	PPTX	1	open karke slides ka summary batao r2216	READ:PPTX	NO_CREATE;NO_EDIT;NO_WEB
2217	read_pptx	hinglish	PPTX	0	slides padho r2217	READ:PPTX	NO_CREATE;NO_EDIT;NO_WEB
2218	read_pptx	english	PPTX	1	Read this slides r2218	READ:PPTX	NO_CREATE;NO_EDIT;NO_WEB
2219	read_pptx	spelling	PPTX	0	pptx_19.pptx check karo r2219	READ:PPTX	NO_CREATE;NO_EDIT;NO_WEB
2220	read_pptx	short	PPTX	1	iske andar kya hai batao r2220	READ:PPTX	NO_CREATE;NO_EDIT;NO_WEB
2221	read_pptx	long	PPTX	0	please slides ko review karo r2221	READ:PPTX	NO_CREATE;NO_EDIT;NO_WEB
2222	read_pptx	reversed	PPTX	1	ye slides dekh ke samjhao r2222	READ:PPTX	NO_CREATE;NO_EDIT;NO_WEB
2223	read_pptx	nopunct	PPTX	0	slides ka content extract karo r2223	READ:PPTX	NO_CREATE;NO_EDIT;NO_WEB
2224	read_pptx	followup	PPTX	1	open karke slides ka summary batao r2224	READ:PPTX	NO_CREATE;NO_EDIT;NO_WEB
2225	read_pptx	hinglish	PPTX	0	slides padho r2225	READ:PPTX	NO_CREATE;NO_EDIT;NO_WEB
2226	read_pptx	english	PPTX	1	Read this slides r2226	READ:PPTX	NO_CREATE;NO_EDIT;NO_WEB
2227	read_pptx	spelling	PPTX	0	pptx_27.pptx check karo r2227	READ:PPTX	NO_CREATE;NO_EDIT;NO_WEB
2228	read_pptx	short	PPTX	1	iske andar kya hai batao r2228	READ:PPTX	NO_CREATE;NO_EDIT;NO_WEB
2229	read_pptx	long	PPTX	0	please slides ko review karo r2229	READ:PPTX	NO_CREATE;NO_EDIT;NO_WEB
2230	read_pptx	reversed	PPTX	1	ye slides dekh ke samjhao r2230	READ:PPTX	NO_CREATE;NO_EDIT;NO_WEB
2231	read_pptx	nopunct	PPTX	0	slides ka content extract karo r2231	READ:PPTX	NO_CREATE;NO_EDIT;NO_WEB
2232	read_pptx	followup	PPTX	1	open karke slides ka summary batao r2232	READ:PPTX	NO_CREATE;NO_EDIT;NO_WEB
2233	read_pptx	hinglish	PPTX	0	slides padho r2233	READ:PPTX	NO_CREATE;NO_EDIT;NO_WEB
2234	read_pptx	english	PPTX	1	Read this slides r2234	READ:PPTX	NO_CREATE;NO_EDIT;NO_WEB
2235	read_pptx	spelling	PPTX	0	pptx_35.pptx check karo r2235	READ:PPTX	NO_CREATE;NO_EDIT;NO_WEB
2236	read_pptx	short	PPTX	1	iske andar kya hai batao r2236	READ:PPTX	NO_CREATE;NO_EDIT;NO_WEB
2237	read_pptx	long	PPTX	0	please slides ko review karo r2237	READ:PPTX	NO_CREATE;NO_EDIT;NO_WEB
2238	read_pptx	reversed	PPTX	1	ye slides dekh ke samjhao r2238	READ:PPTX	NO_CREATE;NO_EDIT;NO_WEB
2239	read_pptx	nopunct	PPTX	0	slides ka content extract karo r2239	READ:PPTX	NO_CREATE;NO_EDIT;NO_WEB
2240	read_pptx	followup	PPTX	1	open karke slides ka summary batao r2240	READ:PPTX	NO_CREATE;NO_EDIT;NO_WEB
2241	read_pptx	hinglish	PPTX	0	slides padho r2241	READ:PPTX	NO_CREATE;NO_EDIT;NO_WEB
2242	read_pptx	english	PPTX	1	Read this slides r2242	READ:PPTX	NO_CREATE;NO_EDIT;NO_WEB
2243	read_pptx	spelling	PPTX	0	pptx_43.pptx check karo r2243	READ:PPTX	NO_CREATE;NO_EDIT;NO_WEB
2244	read_pptx	short	PPTX	1	iske andar kya hai batao r2244	READ:PPTX	NO_CREATE;NO_EDIT;NO_WEB
2245	read_pptx	long	PPTX	0	please slides ko review karo r2245	READ:PPTX	NO_CREATE;NO_EDIT;NO_WEB
2246	read_pptx	reversed	PPTX	1	ye slides dekh ke samjhao r2246	READ:PPTX	NO_CREATE;NO_EDIT;NO_WEB
2247	read_pptx	nopunct	PPTX	0	slides ka content extract karo r2247	READ:PPTX	NO_CREATE;NO_EDIT;NO_WEB
2248	read_pptx	followup	PPTX	1	open karke slides ka summary batao r2248	READ:PPTX	NO_CREATE;NO_EDIT;NO_WEB
2249	read_pptx	hinglish	PPTX	0	slides padho r2249	READ:PPTX	NO_CREATE;NO_EDIT;NO_WEB
2250	read_pptx	english	PPTX	1	Read this slides r2250	READ:PPTX	NO_CREATE;NO_EDIT;NO_WEB
2251	read_pptx	spelling	PPTX	0	pptx_51.pptx check karo r2251	READ:PPTX	NO_CREATE;NO_EDIT;NO_WEB
2252	read_pptx	short	PPTX	1	iske andar kya hai batao r2252	READ:PPTX	NO_CREATE;NO_EDIT;NO_WEB
2253	read_pptx	long	PPTX	0	please slides ko review karo r2253	READ:PPTX	NO_CREATE;NO_EDIT;NO_WEB
2254	read_pptx	reversed	PPTX	1	ye slides dekh ke samjhao r2254	READ:PPTX	NO_CREATE;NO_EDIT;NO_WEB
2255	read_pptx	nopunct	PPTX	0	slides ka content extract karo r2255	READ:PPTX	NO_CREATE;NO_EDIT;NO_WEB
2256	read_pptx	followup	PPTX	1	open karke slides ka summary batao r2256	READ:PPTX	NO_CREATE;NO_EDIT;NO_WEB
2257	read_pptx	hinglish	PPTX	0	slides padho r2257	READ:PPTX	NO_CREATE;NO_EDIT;NO_WEB
2258	read_pptx	english	PPTX	1	Read this slides r2258	READ:PPTX	NO_CREATE;NO_EDIT;NO_WEB
2259	read_pptx	spelling	PPTX	0	pptx_59.pptx check karo r2259	READ:PPTX	NO_CREATE;NO_EDIT;NO_WEB
2260	read_pptx	short	PPTX	1	iske andar kya hai batao r2260	READ:PPTX	NO_CREATE;NO_EDIT;NO_WEB
2261	read_pptx	long	PPTX	0	please slides ko review karo r2261	READ:PPTX	NO_CREATE;NO_EDIT;NO_WEB
2262	read_pptx	reversed	PPTX	1	ye slides dekh ke samjhao r2262	READ:PPTX	NO_CREATE;NO_EDIT;NO_WEB
2263	read_pptx	nopunct	PPTX	0	slides ka content extract karo r2263	READ:PPTX	NO_CREATE;NO_EDIT;NO_WEB
2264	read_pptx	followup	PPTX	1	open karke slides ka summary batao r2264	READ:PPTX	NO_CREATE;NO_EDIT;NO_WEB
2265	read_pptx	hinglish	PPTX	0	slides padho r2265	READ:PPTX	NO_CREATE;NO_EDIT;NO_WEB
2266	read_pptx	english	PPTX	1	Read this slides r2266	READ:PPTX	NO_CREATE;NO_EDIT;NO_WEB
2267	read_pptx	spelling	PPTX	0	pptx_67.pptx check karo r2267	READ:PPTX	NO_CREATE;NO_EDIT;NO_WEB
2268	read_pptx	short	PPTX	1	iske andar kya hai batao r2268	READ:PPTX	NO_CREATE;NO_EDIT;NO_WEB
2269	read_pptx	long	PPTX	0	please slides ko review karo r2269	READ:PPTX	NO_CREATE;NO_EDIT;NO_WEB
2270	read_pptx	reversed	PPTX	1	ye slides dekh ke samjhao r2270	READ:PPTX	NO_CREATE;NO_EDIT;NO_WEB
2271	read_pptx	nopunct	PPTX	0	slides ka content extract karo r2271	READ:PPTX	NO_CREATE;NO_EDIT;NO_WEB
2272	read_pptx	followup	PPTX	1	open karke slides ka summary batao r2272	READ:PPTX	NO_CREATE;NO_EDIT;NO_WEB
2273	read_pptx	hinglish	PPTX	0	slides padho r2273	READ:PPTX	NO_CREATE;NO_EDIT;NO_WEB
2274	read_pptx	english	PPTX	1	Read this slides r2274	READ:PPTX	NO_CREATE;NO_EDIT;NO_WEB
2275	read_pptx	spelling	PPTX	0	pptx_75.pptx check karo r2275	READ:PPTX	NO_CREATE;NO_EDIT;NO_WEB
2276	read_pptx	short	PPTX	1	iske andar kya hai batao r2276	READ:PPTX	NO_CREATE;NO_EDIT;NO_WEB
2277	read_pptx	long	PPTX	0	please slides ko review karo r2277	READ:PPTX	NO_CREATE;NO_EDIT;NO_WEB
2278	read_pptx	reversed	PPTX	1	ye slides dekh ke samjhao r2278	READ:PPTX	NO_CREATE;NO_EDIT;NO_WEB
2279	read_pptx	nopunct	PPTX	0	slides ka content extract karo r2279	READ:PPTX	NO_CREATE;NO_EDIT;NO_WEB
2280	read_pptx	followup	PPTX	1	open karke slides ka summary batao r2280	READ:PPTX	NO_CREATE;NO_EDIT;NO_WEB
2281	read_pptx	hinglish	PPTX	0	slides padho r2281	READ:PPTX	NO_CREATE;NO_EDIT;NO_WEB
2282	read_pptx	english	PPTX	1	Read this slides r2282	READ:PPTX	NO_CREATE;NO_EDIT;NO_WEB
2283	read_pptx	spelling	PPTX	0	pptx_83.pptx check karo r2283	READ:PPTX	NO_CREATE;NO_EDIT;NO_WEB
2284	read_pptx	short	PPTX	1	iske andar kya hai batao r2284	READ:PPTX	NO_CREATE;NO_EDIT;NO_WEB
2285	read_pptx	long	PPTX	0	please slides ko review karo r2285	READ:PPTX	NO_CREATE;NO_EDIT;NO_WEB
2286	read_pptx	reversed	PPTX	1	ye slides dekh ke samjhao r2286	READ:PPTX	NO_CREATE;NO_EDIT;NO_WEB
2287	read_pptx	nopunct	PPTX	0	slides ka content extract karo r2287	READ:PPTX	NO_CREATE;NO_EDIT;NO_WEB
2288	read_pptx	followup	PPTX	1	open karke slides ka summary batao r2288	READ:PPTX	NO_CREATE;NO_EDIT;NO_WEB
2289	read_pptx	hinglish	PPTX	0	slides padho r2289	READ:PPTX	NO_CREATE;NO_EDIT;NO_WEB
2290	read_pptx	english	PPTX	1	Read this slides r2290	READ:PPTX	NO_CREATE;NO_EDIT;NO_WEB
2291	read_pptx	spelling	PPTX	0	pptx_91.pptx check karo r2291	READ:PPTX	NO_CREATE;NO_EDIT;NO_WEB
2292	read_pptx	short	PPTX	1	iske andar kya hai batao r2292	READ:PPTX	NO_CREATE;NO_EDIT;NO_WEB
2293	read_pptx	long	PPTX	0	please slides ko review karo r2293	READ:PPTX	NO_CREATE;NO_EDIT;NO_WEB
2294	read_pptx	reversed	PPTX	1	ye slides dekh ke samjhao r2294	READ:PPTX	NO_CREATE;NO_EDIT;NO_WEB
2295	read_pptx	nopunct	PPTX	0	slides ka content extract karo r2295	READ:PPTX	NO_CREATE;NO_EDIT;NO_WEB
2296	read_pptx	followup	PPTX	1	open karke slides ka summary batao r2296	READ:PPTX	NO_CREATE;NO_EDIT;NO_WEB
2297	read_pptx	hinglish	PPTX	0	slides padho r2297	READ:PPTX	NO_CREATE;NO_EDIT;NO_WEB
2298	read_pptx	english	PPTX	1	Read this slides r2298	READ:PPTX	NO_CREATE;NO_EDIT;NO_WEB
2299	read_pptx	spelling	PPTX	0	pptx_99.pptx check karo r2299	READ:PPTX	NO_CREATE;NO_EDIT;NO_WEB
2300	read_pptx	short	PPTX	1	iske andar kya hai batao r2300	READ:PPTX	NO_CREATE;NO_EDIT;NO_WEB
2301	read_pptx	long	PPTX	0	please slides ko review karo r2301	READ:PPTX	NO_CREATE;NO_EDIT;NO_WEB
2302	read_pptx	reversed	PPTX	1	ye slides dekh ke samjhao r2302	READ:PPTX	NO_CREATE;NO_EDIT;NO_WEB
2303	read_pptx	nopunct	PPTX	0	slides ka content extract karo r2303	READ:PPTX	NO_CREATE;NO_EDIT;NO_WEB
2304	read_pptx	followup	PPTX	1	open karke slides ka summary batao r2304	READ:PPTX	NO_CREATE;NO_EDIT;NO_WEB
2305	read_pptx	hinglish	PPTX	0	slides padho r2305	READ:PPTX	NO_CREATE;NO_EDIT;NO_WEB
2306	read_pptx	english	PPTX	1	Read this slides r2306	READ:PPTX	NO_CREATE;NO_EDIT;NO_WEB
2307	read_pptx	spelling	PPTX	0	pptx_107.pptx check karo r2307	READ:PPTX	NO_CREATE;NO_EDIT;NO_WEB
2308	read_pptx	short	PPTX	1	iske andar kya hai batao r2308	READ:PPTX	NO_CREATE;NO_EDIT;NO_WEB
2309	read_pptx	long	PPTX	0	please slides ko review karo r2309	READ:PPTX	NO_CREATE;NO_EDIT;NO_WEB
2310	read_pptx	reversed	PPTX	1	ye slides dekh ke samjhao r2310	READ:PPTX	NO_CREATE;NO_EDIT;NO_WEB
2311	read_pptx	nopunct	PPTX	0	slides ka content extract karo r2311	READ:PPTX	NO_CREATE;NO_EDIT;NO_WEB
2312	read_pptx	followup	PPTX	1	open karke slides ka summary batao r2312	READ:PPTX	NO_CREATE;NO_EDIT;NO_WEB
2313	read_pptx	hinglish	PPTX	0	slides padho r2313	READ:PPTX	NO_CREATE;NO_EDIT;NO_WEB
2314	read_pptx	english	PPTX	1	Read this slides r2314	READ:PPTX	NO_CREATE;NO_EDIT;NO_WEB
2315	read_pptx	spelling	PPTX	0	pptx_115.pptx check karo r2315	READ:PPTX	NO_CREATE;NO_EDIT;NO_WEB
2316	read_pptx	short	PPTX	1	iske andar kya hai batao r2316	READ:PPTX	NO_CREATE;NO_EDIT;NO_WEB
2317	read_pptx	long	PPTX	0	please slides ko review karo r2317	READ:PPTX	NO_CREATE;NO_EDIT;NO_WEB
2318	read_pptx	reversed	PPTX	1	ye slides dekh ke samjhao r2318	READ:PPTX	NO_CREATE;NO_EDIT;NO_WEB
2319	read_pptx	nopunct	PPTX	0	slides ka content extract karo r2319	READ:PPTX	NO_CREATE;NO_EDIT;NO_WEB
2320	read_pptx	followup	PPTX	1	open karke slides ka summary batao r2320	READ:PPTX	NO_CREATE;NO_EDIT;NO_WEB
2321	read_pptx	hinglish	PPTX	0	slides padho r2321	READ:PPTX	NO_CREATE;NO_EDIT;NO_WEB
2322	read_pptx	english	PPTX	1	Read this slides r2322	READ:PPTX	NO_CREATE;NO_EDIT;NO_WEB
2323	read_pptx	spelling	PPTX	0	pptx_123.pptx check karo r2323	READ:PPTX	NO_CREATE;NO_EDIT;NO_WEB
2324	read_pptx	short	PPTX	1	iske andar kya hai batao r2324	READ:PPTX	NO_CREATE;NO_EDIT;NO_WEB
2325	read_pptx	long	PPTX	0	please slides ko review karo r2325	READ:PPTX	NO_CREATE;NO_EDIT;NO_WEB
2326	read_pptx	reversed	PPTX	1	ye slides dekh ke samjhao r2326	READ:PPTX	NO_CREATE;NO_EDIT;NO_WEB
2327	read_pptx	nopunct	PPTX	0	slides ka content extract karo r2327	READ:PPTX	NO_CREATE;NO_EDIT;NO_WEB
2328	read_pptx	followup	PPTX	1	open karke slides ka summary batao r2328	READ:PPTX	NO_CREATE;NO_EDIT;NO_WEB
2329	read_pptx	hinglish	PPTX	0	slides padho r2329	READ:PPTX	NO_CREATE;NO_EDIT;NO_WEB
2330	read_pptx	english	PPTX	1	Read this slides r2330	READ:PPTX	NO_CREATE;NO_EDIT;NO_WEB
2331	read_pptx	spelling	PPTX	0	pptx_131.pptx check karo r2331	READ:PPTX	NO_CREATE;NO_EDIT;NO_WEB
2332	read_pptx	short	PPTX	1	iske andar kya hai batao r2332	READ:PPTX	NO_CREATE;NO_EDIT;NO_WEB
2333	read_pptx	long	PPTX	0	please slides ko review karo r2333	READ:PPTX	NO_CREATE;NO_EDIT;NO_WEB
2334	read_pptx	reversed	PPTX	1	ye slides dekh ke samjhao r2334	READ:PPTX	NO_CREATE;NO_EDIT;NO_WEB
2335	read_pptx	nopunct	PPTX	0	slides ka content extract karo r2335	READ:PPTX	NO_CREATE;NO_EDIT;NO_WEB
2336	read_pptx	followup	PPTX	1	open karke slides ka summary batao r2336	READ:PPTX	NO_CREATE;NO_EDIT;NO_WEB
2337	read_pptx	hinglish	PPTX	0	slides padho r2337	READ:PPTX	NO_CREATE;NO_EDIT;NO_WEB
2338	read_pptx	english	PPTX	1	Read this slides r2338	READ:PPTX	NO_CREATE;NO_EDIT;NO_WEB
2339	read_pptx	spelling	PPTX	0	pptx_139.pptx check karo r2339	READ:PPTX	NO_CREATE;NO_EDIT;NO_WEB
2340	read_pptx	short	PPTX	1	iske andar kya hai batao r2340	READ:PPTX	NO_CREATE;NO_EDIT;NO_WEB
2341	read_pptx	long	PPTX	0	please slides ko review karo r2341	READ:PPTX	NO_CREATE;NO_EDIT;NO_WEB
2342	read_pptx	reversed	PPTX	1	ye slides dekh ke samjhao r2342	READ:PPTX	NO_CREATE;NO_EDIT;NO_WEB
2343	read_pptx	nopunct	PPTX	0	slides ka content extract karo r2343	READ:PPTX	NO_CREATE;NO_EDIT;NO_WEB
2344	read_pptx	followup	PPTX	1	open karke slides ka summary batao r2344	READ:PPTX	NO_CREATE;NO_EDIT;NO_WEB
2345	read_pptx	hinglish	PPTX	0	slides padho r2345	READ:PPTX	NO_CREATE;NO_EDIT;NO_WEB
2346	read_pptx	english	PPTX	1	Read this slides r2346	READ:PPTX	NO_CREATE;NO_EDIT;NO_WEB
2347	read_pptx	spelling	PPTX	0	pptx_147.pptx check karo r2347	READ:PPTX	NO_CREATE;NO_EDIT;NO_WEB
2348	read_pptx	short	PPTX	1	iske andar kya hai batao r2348	READ:PPTX	NO_CREATE;NO_EDIT;NO_WEB
2349	read_pptx	long	PPTX	0	please slides ko review karo r2349	READ:PPTX	NO_CREATE;NO_EDIT;NO_WEB
2350	read_pptx	reversed	PPTX	1	ye slides dekh ke samjhao r2350	READ:PPTX	NO_CREATE;NO_EDIT;NO_WEB
2351	read_pptx	nopunct	PPTX	0	slides ka content extract karo r2351	READ:PPTX	NO_CREATE;NO_EDIT;NO_WEB
2352	read_pptx	followup	PPTX	1	open karke slides ka summary batao r2352	READ:PPTX	NO_CREATE;NO_EDIT;NO_WEB
2353	read_pptx	hinglish	PPTX	0	slides padho r2353	READ:PPTX	NO_CREATE;NO_EDIT;NO_WEB
2354	read_pptx	english	PPTX	1	Read this slides r2354	READ:PPTX	NO_CREATE;NO_EDIT;NO_WEB
2355	read_pptx	spelling	PPTX	0	pptx_155.pptx check karo r2355	READ:PPTX	NO_CREATE;NO_EDIT;NO_WEB
2356	read_pptx	short	PPTX	1	iske andar kya hai batao r2356	READ:PPTX	NO_CREATE;NO_EDIT;NO_WEB
2357	read_pptx	long	PPTX	0	please slides ko review karo r2357	READ:PPTX	NO_CREATE;NO_EDIT;NO_WEB
2358	read_pptx	reversed	PPTX	1	ye slides dekh ke samjhao r2358	READ:PPTX	NO_CREATE;NO_EDIT;NO_WEB
2359	read_pptx	nopunct	PPTX	0	slides ka content extract karo r2359	READ:PPTX	NO_CREATE;NO_EDIT;NO_WEB
2360	read_pptx	followup	PPTX	1	open karke slides ka summary batao r2360	READ:PPTX	NO_CREATE;NO_EDIT;NO_WEB
2361	read_pptx	hinglish	PPTX	0	slides padho r2361	READ:PPTX	NO_CREATE;NO_EDIT;NO_WEB
2362	read_pptx	english	PPTX	1	Read this slides r2362	READ:PPTX	NO_CREATE;NO_EDIT;NO_WEB
2363	read_pptx	spelling	PPTX	0	pptx_163.pptx check karo r2363	READ:PPTX	NO_CREATE;NO_EDIT;NO_WEB
2364	read_pptx	short	PPTX	1	iske andar kya hai batao r2364	READ:PPTX	NO_CREATE;NO_EDIT;NO_WEB
2365	read_pptx	long	PPTX	0	please slides ko review karo r2365	READ:PPTX	NO_CREATE;NO_EDIT;NO_WEB
2366	read_pptx	reversed	PPTX	1	ye slides dekh ke samjhao r2366	READ:PPTX	NO_CREATE;NO_EDIT;NO_WEB
2367	read_pptx	nopunct	PPTX	0	slides ka content extract karo r2367	READ:PPTX	NO_CREATE;NO_EDIT;NO_WEB
2368	read_pptx	followup	PPTX	1	open karke slides ka summary batao r2368	READ:PPTX	NO_CREATE;NO_EDIT;NO_WEB
2369	read_pptx	hinglish	PPTX	0	slides padho r2369	READ:PPTX	NO_CREATE;NO_EDIT;NO_WEB
2370	read_pptx	english	PPTX	1	Read this slides r2370	READ:PPTX	NO_CREATE;NO_EDIT;NO_WEB
2371	read_pptx	spelling	PPTX	0	pptx_171.pptx check karo r2371	READ:PPTX	NO_CREATE;NO_EDIT;NO_WEB
2372	read_pptx	short	PPTX	1	iske andar kya hai batao r2372	READ:PPTX	NO_CREATE;NO_EDIT;NO_WEB
2373	read_pptx	long	PPTX	0	please slides ko review karo r2373	READ:PPTX	NO_CREATE;NO_EDIT;NO_WEB
2374	read_pptx	reversed	PPTX	1	ye slides dekh ke samjhao r2374	READ:PPTX	NO_CREATE;NO_EDIT;NO_WEB
2375	read_pptx	nopunct	PPTX	0	slides ka content extract karo r2375	READ:PPTX	NO_CREATE;NO_EDIT;NO_WEB
2376	read_pptx	followup	PPTX	1	open karke slides ka summary batao r2376	READ:PPTX	NO_CREATE;NO_EDIT;NO_WEB
2377	read_pptx	hinglish	PPTX	0	slides padho r2377	READ:PPTX	NO_CREATE;NO_EDIT;NO_WEB
2378	read_pptx	english	PPTX	1	Read this slides r2378	READ:PPTX	NO_CREATE;NO_EDIT;NO_WEB
2379	read_pptx	spelling	PPTX	0	pptx_179.pptx check karo r2379	READ:PPTX	NO_CREATE;NO_EDIT;NO_WEB
2380	read_pptx	short	PPTX	1	iske andar kya hai batao r2380	READ:PPTX	NO_CREATE;NO_EDIT;NO_WEB
2381	read_pptx	long	PPTX	0	please slides ko review karo r2381	READ:PPTX	NO_CREATE;NO_EDIT;NO_WEB
2382	read_pptx	reversed	PPTX	1	ye slides dekh ke samjhao r2382	READ:PPTX	NO_CREATE;NO_EDIT;NO_WEB
2383	read_pptx	nopunct	PPTX	0	slides ka content extract karo r2383	READ:PPTX	NO_CREATE;NO_EDIT;NO_WEB
2384	read_pptx	followup	PPTX	1	open karke slides ka summary batao r2384	READ:PPTX	NO_CREATE;NO_EDIT;NO_WEB
2385	read_pptx	hinglish	PPTX	0	slides padho r2385	READ:PPTX	NO_CREATE;NO_EDIT;NO_WEB
2386	read_pptx	english	PPTX	1	Read this slides r2386	READ:PPTX	NO_CREATE;NO_EDIT;NO_WEB
2387	read_pptx	spelling	PPTX	0	pptx_187.pptx check karo r2387	READ:PPTX	NO_CREATE;NO_EDIT;NO_WEB
2388	read_pptx	short	PPTX	1	iske andar kya hai batao r2388	READ:PPTX	NO_CREATE;NO_EDIT;NO_WEB
2389	read_pptx	long	PPTX	0	please slides ko review karo r2389	READ:PPTX	NO_CREATE;NO_EDIT;NO_WEB
2390	read_pptx	reversed	PPTX	1	ye slides dekh ke samjhao r2390	READ:PPTX	NO_CREATE;NO_EDIT;NO_WEB
2391	read_pptx	nopunct	PPTX	0	slides ka content extract karo r2391	READ:PPTX	NO_CREATE;NO_EDIT;NO_WEB
2392	read_pptx	followup	PPTX	1	open karke slides ka summary batao r2392	READ:PPTX	NO_CREATE;NO_EDIT;NO_WEB
2393	read_pptx	hinglish	PPTX	0	slides padho r2393	READ:PPTX	NO_CREATE;NO_EDIT;NO_WEB
2394	read_pptx	english	PPTX	1	Read this slides r2394	READ:PPTX	NO_CREATE;NO_EDIT;NO_WEB
2395	read_pptx	spelling	PPTX	0	pptx_195.pptx check karo r2395	READ:PPTX	NO_CREATE;NO_EDIT;NO_WEB
2396	read_pptx	short	PPTX	1	iske andar kya hai batao r2396	READ:PPTX	NO_CREATE;NO_EDIT;NO_WEB
2397	read_pptx	long	PPTX	0	please slides ko review karo r2397	READ:PPTX	NO_CREATE;NO_EDIT;NO_WEB
2398	read_pptx	reversed	PPTX	1	ye slides dekh ke samjhao r2398	READ:PPTX	NO_CREATE;NO_EDIT;NO_WEB
2399	read_pptx	nopunct	PPTX	0	slides ka content extract karo r2399	READ:PPTX	NO_CREATE;NO_EDIT;NO_WEB
2400	read_pptx	followup	PPTX	1	open karke slides ka summary batao r2400	READ:PPTX	NO_CREATE;NO_EDIT;NO_WEB
2401	read_pptx	hinglish	PPTX	0	slides padho r2401	READ:PPTX	NO_CREATE;NO_EDIT;NO_WEB
2402	read_pptx	english	PPTX	1	Read this slides r2402	READ:PPTX	NO_CREATE;NO_EDIT;NO_WEB
2403	read_pptx	spelling	PPTX	0	pptx_203.pptx check karo r2403	READ:PPTX	NO_CREATE;NO_EDIT;NO_WEB
2404	read_pptx	short	PPTX	1	iske andar kya hai batao r2404	READ:PPTX	NO_CREATE;NO_EDIT;NO_WEB
2405	read_pptx	long	PPTX	0	please slides ko review karo r2405	READ:PPTX	NO_CREATE;NO_EDIT;NO_WEB
2406	read_pptx	reversed	PPTX	1	ye slides dekh ke samjhao r2406	READ:PPTX	NO_CREATE;NO_EDIT;NO_WEB
2407	read_pptx	nopunct	PPTX	0	slides ka content extract karo r2407	READ:PPTX	NO_CREATE;NO_EDIT;NO_WEB
2408	read_pptx	followup	PPTX	1	open karke slides ka summary batao r2408	READ:PPTX	NO_CREATE;NO_EDIT;NO_WEB
2409	read_pptx	hinglish	PPTX	0	slides padho r2409	READ:PPTX	NO_CREATE;NO_EDIT;NO_WEB
2410	read_pptx	english	PPTX	1	Read this slides r2410	READ:PPTX	NO_CREATE;NO_EDIT;NO_WEB
2411	read_pptx	spelling	PPTX	0	pptx_211.pptx check karo r2411	READ:PPTX	NO_CREATE;NO_EDIT;NO_WEB
2412	read_pptx	short	PPTX	1	iske andar kya hai batao r2412	READ:PPTX	NO_CREATE;NO_EDIT;NO_WEB
2413	read_pptx	long	PPTX	0	please slides ko review karo r2413	READ:PPTX	NO_CREATE;NO_EDIT;NO_WEB
2414	read_pptx	reversed	PPTX	1	ye slides dekh ke samjhao r2414	READ:PPTX	NO_CREATE;NO_EDIT;NO_WEB
2415	read_pptx	nopunct	PPTX	0	slides ka content extract karo r2415	READ:PPTX	NO_CREATE;NO_EDIT;NO_WEB
2416	read_pptx	followup	PPTX	1	open karke slides ka summary batao r2416	READ:PPTX	NO_CREATE;NO_EDIT;NO_WEB
2417	read_pptx	hinglish	PPTX	0	slides padho r2417	READ:PPTX	NO_CREATE;NO_EDIT;NO_WEB
2418	read_pptx	english	PPTX	1	Read this slides r2418	READ:PPTX	NO_CREATE;NO_EDIT;NO_WEB
2419	read_pptx	spelling	PPTX	0	pptx_219.pptx check karo r2419	READ:PPTX	NO_CREATE;NO_EDIT;NO_WEB
2420	read_pptx	short	PPTX	1	iske andar kya hai batao r2420	READ:PPTX	NO_CREATE;NO_EDIT;NO_WEB
2421	read_pptx	long	PPTX	0	please slides ko review karo r2421	READ:PPTX	NO_CREATE;NO_EDIT;NO_WEB
2422	read_pptx	reversed	PPTX	1	ye slides dekh ke samjhao r2422	READ:PPTX	NO_CREATE;NO_EDIT;NO_WEB
2423	read_pptx	nopunct	PPTX	0	slides ka content extract karo r2423	READ:PPTX	NO_CREATE;NO_EDIT;NO_WEB
2424	read_pptx	followup	PPTX	1	open karke slides ka summary batao r2424	READ:PPTX	NO_CREATE;NO_EDIT;NO_WEB
2425	read_pptx	hinglish	PPTX	0	slides padho r2425	READ:PPTX	NO_CREATE;NO_EDIT;NO_WEB
2426	read_pptx	english	PPTX	1	Read this slides r2426	READ:PPTX	NO_CREATE;NO_EDIT;NO_WEB
2427	read_pptx	spelling	PPTX	0	pptx_227.pptx check karo r2427	READ:PPTX	NO_CREATE;NO_EDIT;NO_WEB
2428	read_pptx	short	PPTX	1	iske andar kya hai batao r2428	READ:PPTX	NO_CREATE;NO_EDIT;NO_WEB
2429	read_pptx	long	PPTX	0	please slides ko review karo r2429	READ:PPTX	NO_CREATE;NO_EDIT;NO_WEB
2430	read_pptx	reversed	PPTX	1	ye slides dekh ke samjhao r2430	READ:PPTX	NO_CREATE;NO_EDIT;NO_WEB
2431	read_pptx	nopunct	PPTX	0	slides ka content extract karo r2431	READ:PPTX	NO_CREATE;NO_EDIT;NO_WEB
2432	read_pptx	followup	PPTX	1	open karke slides ka summary batao r2432	READ:PPTX	NO_CREATE;NO_EDIT;NO_WEB
2433	read_pptx	hinglish	PPTX	0	slides padho r2433	READ:PPTX	NO_CREATE;NO_EDIT;NO_WEB
2434	read_pptx	english	PPTX	1	Read this slides r2434	READ:PPTX	NO_CREATE;NO_EDIT;NO_WEB
2435	read_pptx	spelling	PPTX	0	pptx_235.pptx check karo r2435	READ:PPTX	NO_CREATE;NO_EDIT;NO_WEB
2436	read_pptx	short	PPTX	1	iske andar kya hai batao r2436	READ:PPTX	NO_CREATE;NO_EDIT;NO_WEB
2437	read_pptx	long	PPTX	0	please slides ko review karo r2437	READ:PPTX	NO_CREATE;NO_EDIT;NO_WEB
2438	read_pptx	reversed	PPTX	1	ye slides dekh ke samjhao r2438	READ:PPTX	NO_CREATE;NO_EDIT;NO_WEB
2439	read_pptx	nopunct	PPTX	0	slides ka content extract karo r2439	READ:PPTX	NO_CREATE;NO_EDIT;NO_WEB
2440	read_pptx	followup	PPTX	1	open karke slides ka summary batao r2440	READ:PPTX	NO_CREATE;NO_EDIT;NO_WEB
2441	read_pptx	hinglish	PPTX	0	slides padho r2441	READ:PPTX	NO_CREATE;NO_EDIT;NO_WEB
2442	read_pptx	english	PPTX	1	Read this slides r2442	READ:PPTX	NO_CREATE;NO_EDIT;NO_WEB
2443	read_pptx	spelling	PPTX	0	pptx_243.pptx check karo r2443	READ:PPTX	NO_CREATE;NO_EDIT;NO_WEB
2444	read_pptx	short	PPTX	1	iske andar kya hai batao r2444	READ:PPTX	NO_CREATE;NO_EDIT;NO_WEB
2445	read_pptx	long	PPTX	0	please slides ko review karo r2445	READ:PPTX	NO_CREATE;NO_EDIT;NO_WEB
2446	read_pptx	reversed	PPTX	1	ye slides dekh ke samjhao r2446	READ:PPTX	NO_CREATE;NO_EDIT;NO_WEB
2447	read_pptx	nopunct	PPTX	0	slides ka content extract karo r2447	READ:PPTX	NO_CREATE;NO_EDIT;NO_WEB
2448	read_pptx	followup	PPTX	1	open karke slides ka summary batao r2448	READ:PPTX	NO_CREATE;NO_EDIT;NO_WEB
2449	read_pptx	hinglish	PPTX	0	slides padho r2449	READ:PPTX	NO_CREATE;NO_EDIT;NO_WEB
2450	read_pptx	english	PPTX	1	Read this slides r2450	READ:PPTX	NO_CREATE;NO_EDIT;NO_WEB
2451	read_pptx	spelling	PPTX	0	pptx_251.pptx check karo r2451	READ:PPTX	NO_CREATE;NO_EDIT;NO_WEB
2452	read_pptx	short	PPTX	1	iske andar kya hai batao r2452	READ:PPTX	NO_CREATE;NO_EDIT;NO_WEB
2453	read_pptx	long	PPTX	0	please slides ko review karo r2453	READ:PPTX	NO_CREATE;NO_EDIT;NO_WEB
2454	read_pptx	reversed	PPTX	1	ye slides dekh ke samjhao r2454	READ:PPTX	NO_CREATE;NO_EDIT;NO_WEB
2455	read_pptx	nopunct	PPTX	0	slides ka content extract karo r2455	READ:PPTX	NO_CREATE;NO_EDIT;NO_WEB
2456	read_pptx	followup	PPTX	1	open karke slides ka summary batao r2456	READ:PPTX	NO_CREATE;NO_EDIT;NO_WEB
2457	read_pptx	hinglish	PPTX	0	slides padho r2457	READ:PPTX	NO_CREATE;NO_EDIT;NO_WEB
2458	read_pptx	english	PPTX	1	Read this slides r2458	READ:PPTX	NO_CREATE;NO_EDIT;NO_WEB
2459	read_pptx	spelling	PPTX	0	pptx_259.pptx check karo r2459	READ:PPTX	NO_CREATE;NO_EDIT;NO_WEB
2460	read_pptx	short	PPTX	1	iske andar kya hai batao r2460	READ:PPTX	NO_CREATE;NO_EDIT;NO_WEB
2461	read_pptx	long	PPTX	0	please slides ko review karo r2461	READ:PPTX	NO_CREATE;NO_EDIT;NO_WEB
2462	read_pptx	reversed	PPTX	1	ye slides dekh ke samjhao r2462	READ:PPTX	NO_CREATE;NO_EDIT;NO_WEB
2463	read_pptx	nopunct	PPTX	0	slides ka content extract karo r2463	READ:PPTX	NO_CREATE;NO_EDIT;NO_WEB
2464	read_pptx	followup	PPTX	1	open karke slides ka summary batao r2464	READ:PPTX	NO_CREATE;NO_EDIT;NO_WEB
2465	read_pptx	hinglish	PPTX	0	slides padho r2465	READ:PPTX	NO_CREATE;NO_EDIT;NO_WEB
2466	read_pptx	english	PPTX	1	Read this slides r2466	READ:PPTX	NO_CREATE;NO_EDIT;NO_WEB
2467	read_pptx	spelling	PPTX	0	pptx_267.pptx check karo r2467	READ:PPTX	NO_CREATE;NO_EDIT;NO_WEB
2468	read_pptx	short	PPTX	1	iske andar kya hai batao r2468	READ:PPTX	NO_CREATE;NO_EDIT;NO_WEB
2469	read_pptx	long	PPTX	0	please slides ko review karo r2469	READ:PPTX	NO_CREATE;NO_EDIT;NO_WEB
2470	read_pptx	reversed	PPTX	1	ye slides dekh ke samjhao r2470	READ:PPTX	NO_CREATE;NO_EDIT;NO_WEB
2471	read_pptx	nopunct	PPTX	0	slides ka content extract karo r2471	READ:PPTX	NO_CREATE;NO_EDIT;NO_WEB
2472	read_pptx	followup	PPTX	1	open karke slides ka summary batao r2472	READ:PPTX	NO_CREATE;NO_EDIT;NO_WEB
2473	read_pptx	hinglish	PPTX	0	slides padho r2473	READ:PPTX	NO_CREATE;NO_EDIT;NO_WEB
2474	read_pptx	english	PPTX	1	Read this slides r2474	READ:PPTX	NO_CREATE;NO_EDIT;NO_WEB
2475	read_pptx	spelling	PPTX	0	pptx_275.pptx check karo r2475	READ:PPTX	NO_CREATE;NO_EDIT;NO_WEB
2476	read_pptx	short	PPTX	1	iske andar kya hai batao r2476	READ:PPTX	NO_CREATE;NO_EDIT;NO_WEB
2477	read_pptx	long	PPTX	0	please slides ko review karo r2477	READ:PPTX	NO_CREATE;NO_EDIT;NO_WEB
2478	read_pptx	reversed	PPTX	1	ye slides dekh ke samjhao r2478	READ:PPTX	NO_CREATE;NO_EDIT;NO_WEB
2479	read_pptx	nopunct	PPTX	0	slides ka content extract karo r2479	READ:PPTX	NO_CREATE;NO_EDIT;NO_WEB
2480	read_pptx	followup	PPTX	1	open karke slides ka summary batao r2480	READ:PPTX	NO_CREATE;NO_EDIT;NO_WEB
2481	read_pptx	hinglish	PPTX	0	slides padho r2481	READ:PPTX	NO_CREATE;NO_EDIT;NO_WEB
2482	read_pptx	english	PPTX	1	Read this slides r2482	READ:PPTX	NO_CREATE;NO_EDIT;NO_WEB
2483	read_pptx	spelling	PPTX	0	pptx_283.pptx check karo r2483	READ:PPTX	NO_CREATE;NO_EDIT;NO_WEB
2484	read_pptx	short	PPTX	1	iske andar kya hai batao r2484	READ:PPTX	NO_CREATE;NO_EDIT;NO_WEB
2485	read_pptx	long	PPTX	0	please slides ko review karo r2485	READ:PPTX	NO_CREATE;NO_EDIT;NO_WEB
2486	read_pptx	reversed	PPTX	1	ye slides dekh ke samjhao r2486	READ:PPTX	NO_CREATE;NO_EDIT;NO_WEB
2487	read_pptx	nopunct	PPTX	0	slides ka content extract karo r2487	READ:PPTX	NO_CREATE;NO_EDIT;NO_WEB
2488	read_pptx	followup	PPTX	1	open karke slides ka summary batao r2488	READ:PPTX	NO_CREATE;NO_EDIT;NO_WEB
2489	read_pptx	hinglish	PPTX	0	slides padho r2489	READ:PPTX	NO_CREATE;NO_EDIT;NO_WEB
2490	read_pptx	english	PPTX	1	Read this slides r2490	READ:PPTX	NO_CREATE;NO_EDIT;NO_WEB
2491	read_pptx	spelling	PPTX	0	pptx_291.pptx check karo r2491	READ:PPTX	NO_CREATE;NO_EDIT;NO_WEB
2492	read_pptx	short	PPTX	1	iske andar kya hai batao r2492	READ:PPTX	NO_CREATE;NO_EDIT;NO_WEB
2493	read_pptx	long	PPTX	0	please slides ko review karo r2493	READ:PPTX	NO_CREATE;NO_EDIT;NO_WEB
2494	read_pptx	reversed	PPTX	1	ye slides dekh ke samjhao r2494	READ:PPTX	NO_CREATE;NO_EDIT;NO_WEB
2495	read_pptx	nopunct	PPTX	0	slides ka content extract karo r2495	READ:PPTX	NO_CREATE;NO_EDIT;NO_WEB
2496	read_pptx	followup	PPTX	1	open karke slides ka summary batao r2496	READ:PPTX	NO_CREATE;NO_EDIT;NO_WEB
2497	read_pptx	hinglish	PPTX	0	slides padho r2497	READ:PPTX	NO_CREATE;NO_EDIT;NO_WEB
2498	read_pptx	english	PPTX	1	Read this slides r2498	READ:PPTX	NO_CREATE;NO_EDIT;NO_WEB
2499	read_pptx	spelling	PPTX	0	pptx_299.pptx check karo r2499	READ:PPTX	NO_CREATE;NO_EDIT;NO_WEB
2500	read_pptx	short	PPTX	1	iske andar kya hai batao r2500	READ:PPTX	NO_CREATE;NO_EDIT;NO_WEB
2501	create_pdf	hinglish	-	0	AI basics par pdf banao r2501	CREATE:PDF_CREATOR	NO_FALSE_READY;NO_EDIT;NO_OVERWRITE
2502	create_pdf	english	-	0	Create a pdf about solar energy r2502	CREATE:PDF_CREATOR	NO_FALSE_READY;NO_EDIT;NO_OVERWRITE
2503	create_pdf	spelling	-	0	water cycle pr pdff bnao r2503	CREATE:PDF_CREATOR	NO_FALSE_READY;NO_EDIT;NO_OVERWRITE
2504	create_pdf	short	-	0	pdf Indian history banao r2504	CREATE:PDF_CREATOR	NO_FALSE_READY;NO_EDIT;NO_OVERWRITE
2505	create_pdf	long	-	0	Bhai mujhe healthy diet ke baare mein ek simple pdf bana do please r2505	CREATE:PDF_CREATOR	NO_FALSE_READY;NO_EDIT;NO_OVERWRITE
2506	create_pdf	reversed	-	0	Pdf space travel par banao r2506	CREATE:PDF_CREATOR	NO_FALSE_READY;NO_EDIT;NO_OVERWRITE
2507	create_pdf	nopunct	-	0	football ke upar ek pdf tayar karo r2507	CREATE:PDF_CREATOR	NO_FALSE_READY;NO_EDIT;NO_OVERWRITE
2508	create_pdf	followup	-	1	mujhe cricket ka pdf chahiye r2508	CREATE:PDF_CREATOR	NO_FALSE_READY;NO_EDIT;NO_OVERWRITE
2509	create_pdf	hinglish	-	0	yoga par pdf banao r2509	CREATE:PDF_CREATOR	NO_FALSE_READY;NO_EDIT;NO_OVERWRITE
2510	create_pdf	english	-	0	Create a pdf about photosynthesis r2510	CREATE:PDF_CREATOR	NO_FALSE_READY;NO_EDIT;NO_OVERWRITE
2511	create_pdf	spelling	-	0	electric cars pr pdff bnao r2511	CREATE:PDF_CREATOR	NO_FALSE_READY;NO_EDIT;NO_OVERWRITE
2512	create_pdf	short	-	0	pdf startup funding banao r2512	CREATE:PDF_CREATOR	NO_FALSE_READY;NO_EDIT;NO_OVERWRITE
2513	create_pdf	long	-	0	Bhai mujhe ocean life ke baare mein ek simple pdf bana do please r2513	CREATE:PDF_CREATOR	NO_FALSE_READY;NO_EDIT;NO_OVERWRITE
2514	create_pdf	reversed	-	0	Pdf chess par banao r2514	CREATE:PDF_CREATOR	NO_FALSE_READY;NO_EDIT;NO_OVERWRITE
2515	create_pdf	nopunct	-	0	monsoon ke upar ek pdf tayar karo r2515	CREATE:PDF_CREATOR	NO_FALSE_READY;NO_EDIT;NO_OVERWRITE
2516	create_pdf	followup	-	1	mujhe Python basics ka pdf chahiye r2516	CREATE:PDF_CREATOR	NO_FALSE_READY;NO_EDIT;NO_OVERWRITE
2517	create_pdf	hinglish	-	0	Android apps par pdf banao r2517	CREATE:PDF_CREATOR	NO_FALSE_READY;NO_EDIT;NO_OVERWRITE
2518	create_pdf	english	-	0	Create a pdf about cloud computing r2518	CREATE:PDF_CREATOR	NO_FALSE_READY;NO_EDIT;NO_OVERWRITE
2519	create_pdf	spelling	-	0	data science pr pdff bnao r2519	CREATE:PDF_CREATOR	NO_FALSE_READY;NO_EDIT;NO_OVERWRITE
2520	create_pdf	short	-	0	pdf machine learning banao r2520	CREATE:PDF_CREATOR	NO_FALSE_READY;NO_EDIT;NO_OVERWRITE
2521	create_pdf	long	-	0	Bhai mujhe digital safety ke baare mein ek simple pdf bana do please r2521	CREATE:PDF_CREATOR	NO_FALSE_READY;NO_EDIT;NO_OVERWRITE
2522	create_pdf	reversed	-	0	Pdf renewable power par banao r2522	CREATE:PDF_CREATOR	NO_FALSE_READY;NO_EDIT;NO_OVERWRITE
2523	create_pdf	nopunct	-	0	internet history ke upar ek pdf tayar karo r2523	CREATE:PDF_CREATOR	NO_FALSE_READY;NO_EDIT;NO_OVERWRITE
2524	create_pdf	followup	-	1	mujhe database design ka pdf chahiye r2524	CREATE:PDF_CREATOR	NO_FALSE_READY;NO_EDIT;NO_OVERWRITE
2525	create_pdf	hinglish	-	0	home budgeting par pdf banao r2525	CREATE:PDF_CREATOR	NO_FALSE_READY;NO_EDIT;NO_OVERWRITE
2526	create_pdf	english	-	0	Create a pdf about study planning r2526	CREATE:PDF_CREATOR	NO_FALSE_READY;NO_EDIT;NO_OVERWRITE
2527	create_pdf	spelling	-	0	road travel pr pdff bnao r2527	CREATE:PDF_CREATOR	NO_FALSE_READY;NO_EDIT;NO_OVERWRITE
2528	create_pdf	short	-	0	pdf smart homes banao r2528	CREATE:PDF_CREATOR	NO_FALSE_READY;NO_EDIT;NO_OVERWRITE
2529	create_pdf	long	-	0	Bhai mujhe music history ke baare mein ek simple pdf bana do please r2529	CREATE:PDF_CREATOR	NO_FALSE_READY;NO_EDIT;NO_OVERWRITE
2530	create_pdf	reversed	-	0	Pdf gardening par banao r2530	CREATE:PDF_CREATOR	NO_FALSE_READY;NO_EDIT;NO_OVERWRITE
2531	create_pdf	nopunct	-	0	personal finance ke upar ek pdf tayar karo r2531	CREATE:PDF_CREATOR	NO_FALSE_READY;NO_EDIT;NO_OVERWRITE
2532	create_pdf	followup	-	1	mujhe web development ka pdf chahiye r2532	CREATE:PDF_CREATOR	NO_FALSE_READY;NO_EDIT;NO_OVERWRITE
2533	create_pdf	hinglish	-	0	robotics par pdf banao r2533	CREATE:PDF_CREATOR	NO_FALSE_READY;NO_EDIT;NO_OVERWRITE
2534	create_pdf	english	-	0	Create a pdf about climate change r2534	CREATE:PDF_CREATOR	NO_FALSE_READY;NO_EDIT;NO_OVERWRITE
2535	create_pdf	spelling	-	0	nutrition pr pdff bnao r2535	CREATE:PDF_CREATOR	NO_FALSE_READY;NO_EDIT;NO_OVERWRITE
2536	create_pdf	short	-	0	pdf geometry banao r2536	CREATE:PDF_CREATOR	NO_FALSE_READY;NO_EDIT;NO_OVERWRITE
2537	create_pdf	long	-	0	Bhai mujhe probability ke baare mein ek simple pdf bana do please r2537	CREATE:PDF_CREATOR	NO_FALSE_READY;NO_EDIT;NO_OVERWRITE
2538	create_pdf	reversed	-	0	Pdf public speaking par banao r2538	CREATE:PDF_CREATOR	NO_FALSE_READY;NO_EDIT;NO_OVERWRITE
2539	create_pdf	nopunct	-	0	photography ke upar ek pdf tayar karo r2539	CREATE:PDF_CREATOR	NO_FALSE_READY;NO_EDIT;NO_OVERWRITE
2540	create_pdf	followup	-	1	mujhe time management ka pdf chahiye r2540	CREATE:PDF_CREATOR	NO_FALSE_READY;NO_EDIT;NO_OVERWRITE
2541	create_pdf	hinglish	-	0	cyber security par pdf banao r2541	CREATE:PDF_CREATOR	NO_FALSE_READY;NO_EDIT;NO_OVERWRITE
2542	create_pdf	english	-	0	Create a pdf about mobile testing r2542	CREATE:PDF_CREATOR	NO_FALSE_READY;NO_EDIT;NO_OVERWRITE
2543	create_pdf	spelling	-	0	Git basics pr pdff bnao r2543	CREATE:PDF_CREATOR	NO_FALSE_READY;NO_EDIT;NO_OVERWRITE
2544	create_pdf	short	-	0	pdf API design banao r2544	CREATE:PDF_CREATOR	NO_FALSE_READY;NO_EDIT;NO_OVERWRITE
2545	create_pdf	long	-	0	Bhai mujhe SQL queries ke baare mein ek simple pdf bana do please r2545	CREATE:PDF_CREATOR	NO_FALSE_READY;NO_EDIT;NO_OVERWRITE
2546	create_pdf	reversed	-	0	Pdf Kotlin coroutines par banao r2546	CREATE:PDF_CREATOR	NO_FALSE_READY;NO_EDIT;NO_OVERWRITE
2547	create_pdf	nopunct	-	0	Excel formulas ke upar ek pdf tayar karo r2547	CREATE:PDF_CREATOR	NO_FALSE_READY;NO_EDIT;NO_OVERWRITE
2548	create_pdf	followup	-	1	mujhe presentation skills ka pdf chahiye r2548	CREATE:PDF_CREATOR	NO_FALSE_READY;NO_EDIT;NO_OVERWRITE
2549	create_pdf	hinglish	-	0	business ideas par pdf banao r2549	CREATE:PDF_CREATOR	NO_FALSE_READY;NO_EDIT;NO_OVERWRITE
2550	create_pdf	english	-	0	Create a pdf about product planning r2550	CREATE:PDF_CREATOR	NO_FALSE_READY;NO_EDIT;NO_OVERWRITE
2551	create_pdf	spelling	-	0	AI basics pr pdff bnao r2551	CREATE:PDF_CREATOR	NO_FALSE_READY;NO_EDIT;NO_OVERWRITE
2552	create_pdf	short	-	0	pdf solar energy banao r2552	CREATE:PDF_CREATOR	NO_FALSE_READY;NO_EDIT;NO_OVERWRITE
2553	create_pdf	long	-	0	Bhai mujhe water cycle ke baare mein ek simple pdf bana do please r2553	CREATE:PDF_CREATOR	NO_FALSE_READY;NO_EDIT;NO_OVERWRITE
2554	create_pdf	reversed	-	0	Pdf Indian history par banao r2554	CREATE:PDF_CREATOR	NO_FALSE_READY;NO_EDIT;NO_OVERWRITE
2555	create_pdf	nopunct	-	0	healthy diet ke upar ek pdf tayar karo r2555	CREATE:PDF_CREATOR	NO_FALSE_READY;NO_EDIT;NO_OVERWRITE
2556	create_pdf	followup	-	1	mujhe space travel ka pdf chahiye r2556	CREATE:PDF_CREATOR	NO_FALSE_READY;NO_EDIT;NO_OVERWRITE
2557	create_pdf	hinglish	-	0	football par pdf banao r2557	CREATE:PDF_CREATOR	NO_FALSE_READY;NO_EDIT;NO_OVERWRITE
2558	create_pdf	english	-	0	Create a pdf about cricket r2558	CREATE:PDF_CREATOR	NO_FALSE_READY;NO_EDIT;NO_OVERWRITE
2559	create_pdf	spelling	-	0	yoga pr pdff bnao r2559	CREATE:PDF_CREATOR	NO_FALSE_READY;NO_EDIT;NO_OVERWRITE
2560	create_pdf	short	-	0	pdf photosynthesis banao r2560	CREATE:PDF_CREATOR	NO_FALSE_READY;NO_EDIT;NO_OVERWRITE
2561	create_pdf	long	-	0	Bhai mujhe electric cars ke baare mein ek simple pdf bana do please r2561	CREATE:PDF_CREATOR	NO_FALSE_READY;NO_EDIT;NO_OVERWRITE
2562	create_pdf	reversed	-	0	Pdf startup funding par banao r2562	CREATE:PDF_CREATOR	NO_FALSE_READY;NO_EDIT;NO_OVERWRITE
2563	create_pdf	nopunct	-	0	ocean life ke upar ek pdf tayar karo r2563	CREATE:PDF_CREATOR	NO_FALSE_READY;NO_EDIT;NO_OVERWRITE
2564	create_pdf	followup	-	1	mujhe chess ka pdf chahiye r2564	CREATE:PDF_CREATOR	NO_FALSE_READY;NO_EDIT;NO_OVERWRITE
2565	create_pdf	hinglish	-	0	monsoon par pdf banao r2565	CREATE:PDF_CREATOR	NO_FALSE_READY;NO_EDIT;NO_OVERWRITE
2566	create_pdf	english	-	0	Create a pdf about Python basics r2566	CREATE:PDF_CREATOR	NO_FALSE_READY;NO_EDIT;NO_OVERWRITE
2567	create_pdf	spelling	-	0	Android apps pr pdff bnao r2567	CREATE:PDF_CREATOR	NO_FALSE_READY;NO_EDIT;NO_OVERWRITE
2568	create_pdf	short	-	0	pdf cloud computing banao r2568	CREATE:PDF_CREATOR	NO_FALSE_READY;NO_EDIT;NO_OVERWRITE
2569	create_pdf	long	-	0	Bhai mujhe data science ke baare mein ek simple pdf bana do please r2569	CREATE:PDF_CREATOR	NO_FALSE_READY;NO_EDIT;NO_OVERWRITE
2570	create_pdf	reversed	-	0	Pdf machine learning par banao r2570	CREATE:PDF_CREATOR	NO_FALSE_READY;NO_EDIT;NO_OVERWRITE
2571	create_pdf	nopunct	-	0	digital safety ke upar ek pdf tayar karo r2571	CREATE:PDF_CREATOR	NO_FALSE_READY;NO_EDIT;NO_OVERWRITE
2572	create_pdf	followup	-	1	mujhe renewable power ka pdf chahiye r2572	CREATE:PDF_CREATOR	NO_FALSE_READY;NO_EDIT;NO_OVERWRITE
2573	create_pdf	hinglish	-	0	internet history par pdf banao r2573	CREATE:PDF_CREATOR	NO_FALSE_READY;NO_EDIT;NO_OVERWRITE
2574	create_pdf	english	-	0	Create a pdf about database design r2574	CREATE:PDF_CREATOR	NO_FALSE_READY;NO_EDIT;NO_OVERWRITE
2575	create_pdf	spelling	-	0	home budgeting pr pdff bnao r2575	CREATE:PDF_CREATOR	NO_FALSE_READY;NO_EDIT;NO_OVERWRITE
2576	create_pdf	short	-	0	pdf study planning banao r2576	CREATE:PDF_CREATOR	NO_FALSE_READY;NO_EDIT;NO_OVERWRITE
2577	create_pdf	long	-	0	Bhai mujhe road travel ke baare mein ek simple pdf bana do please r2577	CREATE:PDF_CREATOR	NO_FALSE_READY;NO_EDIT;NO_OVERWRITE
2578	create_pdf	reversed	-	0	Pdf smart homes par banao r2578	CREATE:PDF_CREATOR	NO_FALSE_READY;NO_EDIT;NO_OVERWRITE
2579	create_pdf	nopunct	-	0	music history ke upar ek pdf tayar karo r2579	CREATE:PDF_CREATOR	NO_FALSE_READY;NO_EDIT;NO_OVERWRITE
2580	create_pdf	followup	-	1	mujhe gardening ka pdf chahiye r2580	CREATE:PDF_CREATOR	NO_FALSE_READY;NO_EDIT;NO_OVERWRITE
2581	create_pdf	hinglish	-	0	personal finance par pdf banao r2581	CREATE:PDF_CREATOR	NO_FALSE_READY;NO_EDIT;NO_OVERWRITE
2582	create_pdf	english	-	0	Create a pdf about web development r2582	CREATE:PDF_CREATOR	NO_FALSE_READY;NO_EDIT;NO_OVERWRITE
2583	create_pdf	spelling	-	0	robotics pr pdff bnao r2583	CREATE:PDF_CREATOR	NO_FALSE_READY;NO_EDIT;NO_OVERWRITE
2584	create_pdf	short	-	0	pdf climate change banao r2584	CREATE:PDF_CREATOR	NO_FALSE_READY;NO_EDIT;NO_OVERWRITE
2585	create_pdf	long	-	0	Bhai mujhe nutrition ke baare mein ek simple pdf bana do please r2585	CREATE:PDF_CREATOR	NO_FALSE_READY;NO_EDIT;NO_OVERWRITE
2586	create_pdf	reversed	-	0	Pdf geometry par banao r2586	CREATE:PDF_CREATOR	NO_FALSE_READY;NO_EDIT;NO_OVERWRITE
2587	create_pdf	nopunct	-	0	probability ke upar ek pdf tayar karo r2587	CREATE:PDF_CREATOR	NO_FALSE_READY;NO_EDIT;NO_OVERWRITE
2588	create_pdf	followup	-	1	mujhe public speaking ka pdf chahiye r2588	CREATE:PDF_CREATOR	NO_FALSE_READY;NO_EDIT;NO_OVERWRITE
2589	create_pdf	hinglish	-	0	photography par pdf banao r2589	CREATE:PDF_CREATOR	NO_FALSE_READY;NO_EDIT;NO_OVERWRITE
2590	create_pdf	english	-	0	Create a pdf about time management r2590	CREATE:PDF_CREATOR	NO_FALSE_READY;NO_EDIT;NO_OVERWRITE
2591	create_pdf	spelling	-	0	cyber security pr pdff bnao r2591	CREATE:PDF_CREATOR	NO_FALSE_READY;NO_EDIT;NO_OVERWRITE
2592	create_pdf	short	-	0	pdf mobile testing banao r2592	CREATE:PDF_CREATOR	NO_FALSE_READY;NO_EDIT;NO_OVERWRITE
2593	create_pdf	long	-	0	Bhai mujhe Git basics ke baare mein ek simple pdf bana do please r2593	CREATE:PDF_CREATOR	NO_FALSE_READY;NO_EDIT;NO_OVERWRITE
2594	create_pdf	reversed	-	0	Pdf API design par banao r2594	CREATE:PDF_CREATOR	NO_FALSE_READY;NO_EDIT;NO_OVERWRITE
2595	create_pdf	nopunct	-	0	SQL queries ke upar ek pdf tayar karo r2595	CREATE:PDF_CREATOR	NO_FALSE_READY;NO_EDIT;NO_OVERWRITE
2596	create_pdf	followup	-	1	mujhe Kotlin coroutines ka pdf chahiye r2596	CREATE:PDF_CREATOR	NO_FALSE_READY;NO_EDIT;NO_OVERWRITE
2597	create_pdf	hinglish	-	0	Excel formulas par pdf banao r2597	CREATE:PDF_CREATOR	NO_FALSE_READY;NO_EDIT;NO_OVERWRITE
2598	create_pdf	english	-	0	Create a pdf about presentation skills r2598	CREATE:PDF_CREATOR	NO_FALSE_READY;NO_EDIT;NO_OVERWRITE
2599	create_pdf	spelling	-	0	business ideas pr pdff bnao r2599	CREATE:PDF_CREATOR	NO_FALSE_READY;NO_EDIT;NO_OVERWRITE
2600	create_pdf	short	-	0	pdf product planning banao r2600	CREATE:PDF_CREATOR	NO_FALSE_READY;NO_EDIT;NO_OVERWRITE
2601	create_pdf	long	-	0	Bhai mujhe AI basics ke baare mein ek simple pdf bana do please r2601	CREATE:PDF_CREATOR	NO_FALSE_READY;NO_EDIT;NO_OVERWRITE
2602	create_pdf	reversed	-	0	Pdf solar energy par banao r2602	CREATE:PDF_CREATOR	NO_FALSE_READY;NO_EDIT;NO_OVERWRITE
2603	create_pdf	nopunct	-	0	water cycle ke upar ek pdf tayar karo r2603	CREATE:PDF_CREATOR	NO_FALSE_READY;NO_EDIT;NO_OVERWRITE
2604	create_pdf	followup	-	1	mujhe Indian history ka pdf chahiye r2604	CREATE:PDF_CREATOR	NO_FALSE_READY;NO_EDIT;NO_OVERWRITE
2605	create_pdf	hinglish	-	0	healthy diet par pdf banao r2605	CREATE:PDF_CREATOR	NO_FALSE_READY;NO_EDIT;NO_OVERWRITE
2606	create_pdf	english	-	0	Create a pdf about space travel r2606	CREATE:PDF_CREATOR	NO_FALSE_READY;NO_EDIT;NO_OVERWRITE
2607	create_pdf	spelling	-	0	football pr pdff bnao r2607	CREATE:PDF_CREATOR	NO_FALSE_READY;NO_EDIT;NO_OVERWRITE
2608	create_pdf	short	-	0	pdf cricket banao r2608	CREATE:PDF_CREATOR	NO_FALSE_READY;NO_EDIT;NO_OVERWRITE
2609	create_pdf	long	-	0	Bhai mujhe yoga ke baare mein ek simple pdf bana do please r2609	CREATE:PDF_CREATOR	NO_FALSE_READY;NO_EDIT;NO_OVERWRITE
2610	create_pdf	reversed	-	0	Pdf photosynthesis par banao r2610	CREATE:PDF_CREATOR	NO_FALSE_READY;NO_EDIT;NO_OVERWRITE
2611	create_pdf	nopunct	-	0	electric cars ke upar ek pdf tayar karo r2611	CREATE:PDF_CREATOR	NO_FALSE_READY;NO_EDIT;NO_OVERWRITE
2612	create_pdf	followup	-	1	mujhe startup funding ka pdf chahiye r2612	CREATE:PDF_CREATOR	NO_FALSE_READY;NO_EDIT;NO_OVERWRITE
2613	create_pdf	hinglish	-	0	ocean life par pdf banao r2613	CREATE:PDF_CREATOR	NO_FALSE_READY;NO_EDIT;NO_OVERWRITE
2614	create_pdf	english	-	0	Create a pdf about chess r2614	CREATE:PDF_CREATOR	NO_FALSE_READY;NO_EDIT;NO_OVERWRITE
2615	create_pdf	spelling	-	0	monsoon pr pdff bnao r2615	CREATE:PDF_CREATOR	NO_FALSE_READY;NO_EDIT;NO_OVERWRITE
2616	create_pdf	short	-	0	pdf Python basics banao r2616	CREATE:PDF_CREATOR	NO_FALSE_READY;NO_EDIT;NO_OVERWRITE
2617	create_pdf	long	-	0	Bhai mujhe Android apps ke baare mein ek simple pdf bana do please r2617	CREATE:PDF_CREATOR	NO_FALSE_READY;NO_EDIT;NO_OVERWRITE
2618	create_pdf	reversed	-	0	Pdf cloud computing par banao r2618	CREATE:PDF_CREATOR	NO_FALSE_READY;NO_EDIT;NO_OVERWRITE
2619	create_pdf	nopunct	-	0	data science ke upar ek pdf tayar karo r2619	CREATE:PDF_CREATOR	NO_FALSE_READY;NO_EDIT;NO_OVERWRITE
2620	create_pdf	followup	-	1	mujhe machine learning ka pdf chahiye r2620	CREATE:PDF_CREATOR	NO_FALSE_READY;NO_EDIT;NO_OVERWRITE
2621	create_pdf	hinglish	-	0	digital safety par pdf banao r2621	CREATE:PDF_CREATOR	NO_FALSE_READY;NO_EDIT;NO_OVERWRITE
2622	create_pdf	english	-	0	Create a pdf about renewable power r2622	CREATE:PDF_CREATOR	NO_FALSE_READY;NO_EDIT;NO_OVERWRITE
2623	create_pdf	spelling	-	0	internet history pr pdff bnao r2623	CREATE:PDF_CREATOR	NO_FALSE_READY;NO_EDIT;NO_OVERWRITE
2624	create_pdf	short	-	0	pdf database design banao r2624	CREATE:PDF_CREATOR	NO_FALSE_READY;NO_EDIT;NO_OVERWRITE
2625	create_pdf	long	-	0	Bhai mujhe home budgeting ke baare mein ek simple pdf bana do please r2625	CREATE:PDF_CREATOR	NO_FALSE_READY;NO_EDIT;NO_OVERWRITE
2626	create_pdf	reversed	-	0	Pdf study planning par banao r2626	CREATE:PDF_CREATOR	NO_FALSE_READY;NO_EDIT;NO_OVERWRITE
2627	create_pdf	nopunct	-	0	road travel ke upar ek pdf tayar karo r2627	CREATE:PDF_CREATOR	NO_FALSE_READY;NO_EDIT;NO_OVERWRITE
2628	create_pdf	followup	-	1	mujhe smart homes ka pdf chahiye r2628	CREATE:PDF_CREATOR	NO_FALSE_READY;NO_EDIT;NO_OVERWRITE
2629	create_pdf	hinglish	-	0	music history par pdf banao r2629	CREATE:PDF_CREATOR	NO_FALSE_READY;NO_EDIT;NO_OVERWRITE
2630	create_pdf	english	-	0	Create a pdf about gardening r2630	CREATE:PDF_CREATOR	NO_FALSE_READY;NO_EDIT;NO_OVERWRITE
2631	create_pdf	spelling	-	0	personal finance pr pdff bnao r2631	CREATE:PDF_CREATOR	NO_FALSE_READY;NO_EDIT;NO_OVERWRITE
2632	create_pdf	short	-	0	pdf web development banao r2632	CREATE:PDF_CREATOR	NO_FALSE_READY;NO_EDIT;NO_OVERWRITE
2633	create_pdf	long	-	0	Bhai mujhe robotics ke baare mein ek simple pdf bana do please r2633	CREATE:PDF_CREATOR	NO_FALSE_READY;NO_EDIT;NO_OVERWRITE
2634	create_pdf	reversed	-	0	Pdf climate change par banao r2634	CREATE:PDF_CREATOR	NO_FALSE_READY;NO_EDIT;NO_OVERWRITE
2635	create_pdf	nopunct	-	0	nutrition ke upar ek pdf tayar karo r2635	CREATE:PDF_CREATOR	NO_FALSE_READY;NO_EDIT;NO_OVERWRITE
2636	create_pdf	followup	-	1	mujhe geometry ka pdf chahiye r2636	CREATE:PDF_CREATOR	NO_FALSE_READY;NO_EDIT;NO_OVERWRITE
2637	create_pdf	hinglish	-	0	probability par pdf banao r2637	CREATE:PDF_CREATOR	NO_FALSE_READY;NO_EDIT;NO_OVERWRITE
2638	create_pdf	english	-	0	Create a pdf about public speaking r2638	CREATE:PDF_CREATOR	NO_FALSE_READY;NO_EDIT;NO_OVERWRITE
2639	create_pdf	spelling	-	0	photography pr pdff bnao r2639	CREATE:PDF_CREATOR	NO_FALSE_READY;NO_EDIT;NO_OVERWRITE
2640	create_pdf	short	-	0	pdf time management banao r2640	CREATE:PDF_CREATOR	NO_FALSE_READY;NO_EDIT;NO_OVERWRITE
2641	create_pdf	long	-	0	Bhai mujhe cyber security ke baare mein ek simple pdf bana do please r2641	CREATE:PDF_CREATOR	NO_FALSE_READY;NO_EDIT;NO_OVERWRITE
2642	create_pdf	reversed	-	0	Pdf mobile testing par banao r2642	CREATE:PDF_CREATOR	NO_FALSE_READY;NO_EDIT;NO_OVERWRITE
2643	create_pdf	nopunct	-	0	Git basics ke upar ek pdf tayar karo r2643	CREATE:PDF_CREATOR	NO_FALSE_READY;NO_EDIT;NO_OVERWRITE
2644	create_pdf	followup	-	1	mujhe API design ka pdf chahiye r2644	CREATE:PDF_CREATOR	NO_FALSE_READY;NO_EDIT;NO_OVERWRITE
2645	create_pdf	hinglish	-	0	SQL queries par pdf banao r2645	CREATE:PDF_CREATOR	NO_FALSE_READY;NO_EDIT;NO_OVERWRITE
2646	create_pdf	english	-	0	Create a pdf about Kotlin coroutines r2646	CREATE:PDF_CREATOR	NO_FALSE_READY;NO_EDIT;NO_OVERWRITE
2647	create_pdf	spelling	-	0	Excel formulas pr pdff bnao r2647	CREATE:PDF_CREATOR	NO_FALSE_READY;NO_EDIT;NO_OVERWRITE
2648	create_pdf	short	-	0	pdf presentation skills banao r2648	CREATE:PDF_CREATOR	NO_FALSE_READY;NO_EDIT;NO_OVERWRITE
2649	create_pdf	long	-	0	Bhai mujhe business ideas ke baare mein ek simple pdf bana do please r2649	CREATE:PDF_CREATOR	NO_FALSE_READY;NO_EDIT;NO_OVERWRITE
2650	create_pdf	reversed	-	0	Pdf product planning par banao r2650	CREATE:PDF_CREATOR	NO_FALSE_READY;NO_EDIT;NO_OVERWRITE
2651	create_pdf	nopunct	-	0	AI basics ke upar ek pdf tayar karo r2651	CREATE:PDF_CREATOR	NO_FALSE_READY;NO_EDIT;NO_OVERWRITE
2652	create_pdf	followup	-	1	mujhe solar energy ka pdf chahiye r2652	CREATE:PDF_CREATOR	NO_FALSE_READY;NO_EDIT;NO_OVERWRITE
2653	create_pdf	hinglish	-	0	water cycle par pdf banao r2653	CREATE:PDF_CREATOR	NO_FALSE_READY;NO_EDIT;NO_OVERWRITE
2654	create_pdf	english	-	0	Create a pdf about Indian history r2654	CREATE:PDF_CREATOR	NO_FALSE_READY;NO_EDIT;NO_OVERWRITE
2655	create_pdf	spelling	-	0	healthy diet pr pdff bnao r2655	CREATE:PDF_CREATOR	NO_FALSE_READY;NO_EDIT;NO_OVERWRITE
2656	create_pdf	short	-	0	pdf space travel banao r2656	CREATE:PDF_CREATOR	NO_FALSE_READY;NO_EDIT;NO_OVERWRITE
2657	create_pdf	long	-	0	Bhai mujhe football ke baare mein ek simple pdf bana do please r2657	CREATE:PDF_CREATOR	NO_FALSE_READY;NO_EDIT;NO_OVERWRITE
2658	create_pdf	reversed	-	0	Pdf cricket par banao r2658	CREATE:PDF_CREATOR	NO_FALSE_READY;NO_EDIT;NO_OVERWRITE
2659	create_pdf	nopunct	-	0	yoga ke upar ek pdf tayar karo r2659	CREATE:PDF_CREATOR	NO_FALSE_READY;NO_EDIT;NO_OVERWRITE
2660	create_pdf	followup	-	1	mujhe photosynthesis ka pdf chahiye r2660	CREATE:PDF_CREATOR	NO_FALSE_READY;NO_EDIT;NO_OVERWRITE
2661	create_pdf	hinglish	-	0	electric cars par pdf banao r2661	CREATE:PDF_CREATOR	NO_FALSE_READY;NO_EDIT;NO_OVERWRITE
2662	create_pdf	english	-	0	Create a pdf about startup funding r2662	CREATE:PDF_CREATOR	NO_FALSE_READY;NO_EDIT;NO_OVERWRITE
2663	create_pdf	spelling	-	0	ocean life pr pdff bnao r2663	CREATE:PDF_CREATOR	NO_FALSE_READY;NO_EDIT;NO_OVERWRITE
2664	create_pdf	short	-	0	pdf chess banao r2664	CREATE:PDF_CREATOR	NO_FALSE_READY;NO_EDIT;NO_OVERWRITE
2665	create_pdf	long	-	0	Bhai mujhe monsoon ke baare mein ek simple pdf bana do please r2665	CREATE:PDF_CREATOR	NO_FALSE_READY;NO_EDIT;NO_OVERWRITE
2666	create_pdf	reversed	-	0	Pdf Python basics par banao r2666	CREATE:PDF_CREATOR	NO_FALSE_READY;NO_EDIT;NO_OVERWRITE
2667	create_pdf	nopunct	-	0	Android apps ke upar ek pdf tayar karo r2667	CREATE:PDF_CREATOR	NO_FALSE_READY;NO_EDIT;NO_OVERWRITE
2668	create_pdf	followup	-	1	mujhe cloud computing ka pdf chahiye r2668	CREATE:PDF_CREATOR	NO_FALSE_READY;NO_EDIT;NO_OVERWRITE
2669	create_pdf	hinglish	-	0	data science par pdf banao r2669	CREATE:PDF_CREATOR	NO_FALSE_READY;NO_EDIT;NO_OVERWRITE
2670	create_pdf	english	-	0	Create a pdf about machine learning r2670	CREATE:PDF_CREATOR	NO_FALSE_READY;NO_EDIT;NO_OVERWRITE
2671	create_pdf	spelling	-	0	digital safety pr pdff bnao r2671	CREATE:PDF_CREATOR	NO_FALSE_READY;NO_EDIT;NO_OVERWRITE
2672	create_pdf	short	-	0	pdf renewable power banao r2672	CREATE:PDF_CREATOR	NO_FALSE_READY;NO_EDIT;NO_OVERWRITE
2673	create_pdf	long	-	0	Bhai mujhe internet history ke baare mein ek simple pdf bana do please r2673	CREATE:PDF_CREATOR	NO_FALSE_READY;NO_EDIT;NO_OVERWRITE
2674	create_pdf	reversed	-	0	Pdf database design par banao r2674	CREATE:PDF_CREATOR	NO_FALSE_READY;NO_EDIT;NO_OVERWRITE
2675	create_pdf	nopunct	-	0	home budgeting ke upar ek pdf tayar karo r2675	CREATE:PDF_CREATOR	NO_FALSE_READY;NO_EDIT;NO_OVERWRITE
2676	create_pdf	followup	-	1	mujhe study planning ka pdf chahiye r2676	CREATE:PDF_CREATOR	NO_FALSE_READY;NO_EDIT;NO_OVERWRITE
2677	create_pdf	hinglish	-	0	road travel par pdf banao r2677	CREATE:PDF_CREATOR	NO_FALSE_READY;NO_EDIT;NO_OVERWRITE
2678	create_pdf	english	-	0	Create a pdf about smart homes r2678	CREATE:PDF_CREATOR	NO_FALSE_READY;NO_EDIT;NO_OVERWRITE
2679	create_pdf	spelling	-	0	music history pr pdff bnao r2679	CREATE:PDF_CREATOR	NO_FALSE_READY;NO_EDIT;NO_OVERWRITE
2680	create_pdf	short	-	0	pdf gardening banao r2680	CREATE:PDF_CREATOR	NO_FALSE_READY;NO_EDIT;NO_OVERWRITE
2681	create_pdf	long	-	0	Bhai mujhe personal finance ke baare mein ek simple pdf bana do please r2681	CREATE:PDF_CREATOR	NO_FALSE_READY;NO_EDIT;NO_OVERWRITE
2682	create_pdf	reversed	-	0	Pdf web development par banao r2682	CREATE:PDF_CREATOR	NO_FALSE_READY;NO_EDIT;NO_OVERWRITE
2683	create_pdf	nopunct	-	0	robotics ke upar ek pdf tayar karo r2683	CREATE:PDF_CREATOR	NO_FALSE_READY;NO_EDIT;NO_OVERWRITE
2684	create_pdf	followup	-	1	mujhe climate change ka pdf chahiye r2684	CREATE:PDF_CREATOR	NO_FALSE_READY;NO_EDIT;NO_OVERWRITE
2685	create_pdf	hinglish	-	0	nutrition par pdf banao r2685	CREATE:PDF_CREATOR	NO_FALSE_READY;NO_EDIT;NO_OVERWRITE
2686	create_pdf	english	-	0	Create a pdf about geometry r2686	CREATE:PDF_CREATOR	NO_FALSE_READY;NO_EDIT;NO_OVERWRITE
2687	create_pdf	spelling	-	0	probability pr pdff bnao r2687	CREATE:PDF_CREATOR	NO_FALSE_READY;NO_EDIT;NO_OVERWRITE
2688	create_pdf	short	-	0	pdf public speaking banao r2688	CREATE:PDF_CREATOR	NO_FALSE_READY;NO_EDIT;NO_OVERWRITE
2689	create_pdf	long	-	0	Bhai mujhe photography ke baare mein ek simple pdf bana do please r2689	CREATE:PDF_CREATOR	NO_FALSE_READY;NO_EDIT;NO_OVERWRITE
2690	create_pdf	reversed	-	0	Pdf time management par banao r2690	CREATE:PDF_CREATOR	NO_FALSE_READY;NO_EDIT;NO_OVERWRITE
2691	create_pdf	nopunct	-	0	cyber security ke upar ek pdf tayar karo r2691	CREATE:PDF_CREATOR	NO_FALSE_READY;NO_EDIT;NO_OVERWRITE
2692	create_pdf	followup	-	1	mujhe mobile testing ka pdf chahiye r2692	CREATE:PDF_CREATOR	NO_FALSE_READY;NO_EDIT;NO_OVERWRITE
2693	create_pdf	hinglish	-	0	Git basics par pdf banao r2693	CREATE:PDF_CREATOR	NO_FALSE_READY;NO_EDIT;NO_OVERWRITE
2694	create_pdf	english	-	0	Create a pdf about API design r2694	CREATE:PDF_CREATOR	NO_FALSE_READY;NO_EDIT;NO_OVERWRITE
2695	create_pdf	spelling	-	0	SQL queries pr pdff bnao r2695	CREATE:PDF_CREATOR	NO_FALSE_READY;NO_EDIT;NO_OVERWRITE
2696	create_pdf	short	-	0	pdf Kotlin coroutines banao r2696	CREATE:PDF_CREATOR	NO_FALSE_READY;NO_EDIT;NO_OVERWRITE
2697	create_pdf	long	-	0	Bhai mujhe Excel formulas ke baare mein ek simple pdf bana do please r2697	CREATE:PDF_CREATOR	NO_FALSE_READY;NO_EDIT;NO_OVERWRITE
2698	create_pdf	reversed	-	0	Pdf presentation skills par banao r2698	CREATE:PDF_CREATOR	NO_FALSE_READY;NO_EDIT;NO_OVERWRITE
2699	create_pdf	nopunct	-	0	business ideas ke upar ek pdf tayar karo r2699	CREATE:PDF_CREATOR	NO_FALSE_READY;NO_EDIT;NO_OVERWRITE
2700	create_pdf	followup	-	1	mujhe product planning ka pdf chahiye r2700	CREATE:PDF_CREATOR	NO_FALSE_READY;NO_EDIT;NO_OVERWRITE
2701	create_pdf	hinglish	-	0	AI basics par pdf banao r2701	CREATE:PDF_CREATOR	NO_FALSE_READY;NO_EDIT;NO_OVERWRITE
2702	create_pdf	english	-	0	Create a pdf about solar energy r2702	CREATE:PDF_CREATOR	NO_FALSE_READY;NO_EDIT;NO_OVERWRITE
2703	create_pdf	spelling	-	0	water cycle pr pdff bnao r2703	CREATE:PDF_CREATOR	NO_FALSE_READY;NO_EDIT;NO_OVERWRITE
2704	create_pdf	short	-	0	pdf Indian history banao r2704	CREATE:PDF_CREATOR	NO_FALSE_READY;NO_EDIT;NO_OVERWRITE
2705	create_pdf	long	-	0	Bhai mujhe healthy diet ke baare mein ek simple pdf bana do please r2705	CREATE:PDF_CREATOR	NO_FALSE_READY;NO_EDIT;NO_OVERWRITE
2706	create_pdf	reversed	-	0	Pdf space travel par banao r2706	CREATE:PDF_CREATOR	NO_FALSE_READY;NO_EDIT;NO_OVERWRITE
2707	create_pdf	nopunct	-	0	football ke upar ek pdf tayar karo r2707	CREATE:PDF_CREATOR	NO_FALSE_READY;NO_EDIT;NO_OVERWRITE
2708	create_pdf	followup	-	1	mujhe cricket ka pdf chahiye r2708	CREATE:PDF_CREATOR	NO_FALSE_READY;NO_EDIT;NO_OVERWRITE
2709	create_pdf	hinglish	-	0	yoga par pdf banao r2709	CREATE:PDF_CREATOR	NO_FALSE_READY;NO_EDIT;NO_OVERWRITE
2710	create_pdf	english	-	0	Create a pdf about photosynthesis r2710	CREATE:PDF_CREATOR	NO_FALSE_READY;NO_EDIT;NO_OVERWRITE
2711	create_pdf	spelling	-	0	electric cars pr pdff bnao r2711	CREATE:PDF_CREATOR	NO_FALSE_READY;NO_EDIT;NO_OVERWRITE
2712	create_pdf	short	-	0	pdf startup funding banao r2712	CREATE:PDF_CREATOR	NO_FALSE_READY;NO_EDIT;NO_OVERWRITE
2713	create_pdf	long	-	0	Bhai mujhe ocean life ke baare mein ek simple pdf bana do please r2713	CREATE:PDF_CREATOR	NO_FALSE_READY;NO_EDIT;NO_OVERWRITE
2714	create_pdf	reversed	-	0	Pdf chess par banao r2714	CREATE:PDF_CREATOR	NO_FALSE_READY;NO_EDIT;NO_OVERWRITE
2715	create_pdf	nopunct	-	0	monsoon ke upar ek pdf tayar karo r2715	CREATE:PDF_CREATOR	NO_FALSE_READY;NO_EDIT;NO_OVERWRITE
2716	create_pdf	followup	-	1	mujhe Python basics ka pdf chahiye r2716	CREATE:PDF_CREATOR	NO_FALSE_READY;NO_EDIT;NO_OVERWRITE
2717	create_pdf	hinglish	-	0	Android apps par pdf banao r2717	CREATE:PDF_CREATOR	NO_FALSE_READY;NO_EDIT;NO_OVERWRITE
2718	create_pdf	english	-	0	Create a pdf about cloud computing r2718	CREATE:PDF_CREATOR	NO_FALSE_READY;NO_EDIT;NO_OVERWRITE
2719	create_pdf	spelling	-	0	data science pr pdff bnao r2719	CREATE:PDF_CREATOR	NO_FALSE_READY;NO_EDIT;NO_OVERWRITE
2720	create_pdf	short	-	0	pdf machine learning banao r2720	CREATE:PDF_CREATOR	NO_FALSE_READY;NO_EDIT;NO_OVERWRITE
2721	create_pdf	long	-	0	Bhai mujhe digital safety ke baare mein ek simple pdf bana do please r2721	CREATE:PDF_CREATOR	NO_FALSE_READY;NO_EDIT;NO_OVERWRITE
2722	create_pdf	reversed	-	0	Pdf renewable power par banao r2722	CREATE:PDF_CREATOR	NO_FALSE_READY;NO_EDIT;NO_OVERWRITE
2723	create_pdf	nopunct	-	0	internet history ke upar ek pdf tayar karo r2723	CREATE:PDF_CREATOR	NO_FALSE_READY;NO_EDIT;NO_OVERWRITE
2724	create_pdf	followup	-	1	mujhe database design ka pdf chahiye r2724	CREATE:PDF_CREATOR	NO_FALSE_READY;NO_EDIT;NO_OVERWRITE
2725	create_pdf	hinglish	-	0	home budgeting par pdf banao r2725	CREATE:PDF_CREATOR	NO_FALSE_READY;NO_EDIT;NO_OVERWRITE
2726	create_pdf	english	-	0	Create a pdf about study planning r2726	CREATE:PDF_CREATOR	NO_FALSE_READY;NO_EDIT;NO_OVERWRITE
2727	create_pdf	spelling	-	0	road travel pr pdff bnao r2727	CREATE:PDF_CREATOR	NO_FALSE_READY;NO_EDIT;NO_OVERWRITE
2728	create_pdf	short	-	0	pdf smart homes banao r2728	CREATE:PDF_CREATOR	NO_FALSE_READY;NO_EDIT;NO_OVERWRITE
2729	create_pdf	long	-	0	Bhai mujhe music history ke baare mein ek simple pdf bana do please r2729	CREATE:PDF_CREATOR	NO_FALSE_READY;NO_EDIT;NO_OVERWRITE
2730	create_pdf	reversed	-	0	Pdf gardening par banao r2730	CREATE:PDF_CREATOR	NO_FALSE_READY;NO_EDIT;NO_OVERWRITE
2731	create_pdf	nopunct	-	0	personal finance ke upar ek pdf tayar karo r2731	CREATE:PDF_CREATOR	NO_FALSE_READY;NO_EDIT;NO_OVERWRITE
2732	create_pdf	followup	-	1	mujhe web development ka pdf chahiye r2732	CREATE:PDF_CREATOR	NO_FALSE_READY;NO_EDIT;NO_OVERWRITE
2733	create_pdf	hinglish	-	0	robotics par pdf banao r2733	CREATE:PDF_CREATOR	NO_FALSE_READY;NO_EDIT;NO_OVERWRITE
2734	create_pdf	english	-	0	Create a pdf about climate change r2734	CREATE:PDF_CREATOR	NO_FALSE_READY;NO_EDIT;NO_OVERWRITE
2735	create_pdf	spelling	-	0	nutrition pr pdff bnao r2735	CREATE:PDF_CREATOR	NO_FALSE_READY;NO_EDIT;NO_OVERWRITE
2736	create_pdf	short	-	0	pdf geometry banao r2736	CREATE:PDF_CREATOR	NO_FALSE_READY;NO_EDIT;NO_OVERWRITE
2737	create_pdf	long	-	0	Bhai mujhe probability ke baare mein ek simple pdf bana do please r2737	CREATE:PDF_CREATOR	NO_FALSE_READY;NO_EDIT;NO_OVERWRITE
2738	create_pdf	reversed	-	0	Pdf public speaking par banao r2738	CREATE:PDF_CREATOR	NO_FALSE_READY;NO_EDIT;NO_OVERWRITE
2739	create_pdf	nopunct	-	0	photography ke upar ek pdf tayar karo r2739	CREATE:PDF_CREATOR	NO_FALSE_READY;NO_EDIT;NO_OVERWRITE
2740	create_pdf	followup	-	1	mujhe time management ka pdf chahiye r2740	CREATE:PDF_CREATOR	NO_FALSE_READY;NO_EDIT;NO_OVERWRITE
2741	create_pdf	hinglish	-	0	cyber security par pdf banao r2741	CREATE:PDF_CREATOR	NO_FALSE_READY;NO_EDIT;NO_OVERWRITE
2742	create_pdf	english	-	0	Create a pdf about mobile testing r2742	CREATE:PDF_CREATOR	NO_FALSE_READY;NO_EDIT;NO_OVERWRITE
2743	create_pdf	spelling	-	0	Git basics pr pdff bnao r2743	CREATE:PDF_CREATOR	NO_FALSE_READY;NO_EDIT;NO_OVERWRITE
2744	create_pdf	short	-	0	pdf API design banao r2744	CREATE:PDF_CREATOR	NO_FALSE_READY;NO_EDIT;NO_OVERWRITE
2745	create_pdf	long	-	0	Bhai mujhe SQL queries ke baare mein ek simple pdf bana do please r2745	CREATE:PDF_CREATOR	NO_FALSE_READY;NO_EDIT;NO_OVERWRITE
2746	create_pdf	reversed	-	0	Pdf Kotlin coroutines par banao r2746	CREATE:PDF_CREATOR	NO_FALSE_READY;NO_EDIT;NO_OVERWRITE
2747	create_pdf	nopunct	-	0	Excel formulas ke upar ek pdf tayar karo r2747	CREATE:PDF_CREATOR	NO_FALSE_READY;NO_EDIT;NO_OVERWRITE
2748	create_pdf	followup	-	1	mujhe presentation skills ka pdf chahiye r2748	CREATE:PDF_CREATOR	NO_FALSE_READY;NO_EDIT;NO_OVERWRITE
2749	create_pdf	hinglish	-	0	business ideas par pdf banao r2749	CREATE:PDF_CREATOR	NO_FALSE_READY;NO_EDIT;NO_OVERWRITE
2750	create_pdf	english	-	0	Create a pdf about product planning r2750	CREATE:PDF_CREATOR	NO_FALSE_READY;NO_EDIT;NO_OVERWRITE
2751	create_docx	hinglish	-	0	AI basics par word banao r2751	CREATE:DOCX	NO_FALSE_READY;NO_EDIT;NO_OVERWRITE
2752	create_docx	english	-	0	Create a word about solar energy r2752	CREATE:DOCX	NO_FALSE_READY;NO_EDIT;NO_OVERWRITE
2753	create_docx	spelling	-	0	water cycle pr wrod bnao r2753	CREATE:DOCX	NO_FALSE_READY;NO_EDIT;NO_OVERWRITE
2754	create_docx	short	-	0	word Indian history banao r2754	CREATE:DOCX	NO_FALSE_READY;NO_EDIT;NO_OVERWRITE
2755	create_docx	long	-	0	Bhai mujhe healthy diet ke baare mein ek simple word bana do please r2755	CREATE:DOCX	NO_FALSE_READY;NO_EDIT;NO_OVERWRITE
2756	create_docx	reversed	-	0	Word space travel par banao r2756	CREATE:DOCX	NO_FALSE_READY;NO_EDIT;NO_OVERWRITE
2757	create_docx	nopunct	-	0	football ke upar ek word tayar karo r2757	CREATE:DOCX	NO_FALSE_READY;NO_EDIT;NO_OVERWRITE
2758	create_docx	followup	-	1	mujhe cricket ka word chahiye r2758	CREATE:DOCX	NO_FALSE_READY;NO_EDIT;NO_OVERWRITE
2759	create_docx	hinglish	-	0	yoga par word banao r2759	CREATE:DOCX	NO_FALSE_READY;NO_EDIT;NO_OVERWRITE
2760	create_docx	english	-	0	Create a word about photosynthesis r2760	CREATE:DOCX	NO_FALSE_READY;NO_EDIT;NO_OVERWRITE
2761	create_docx	spelling	-	0	electric cars pr wrod bnao r2761	CREATE:DOCX	NO_FALSE_READY;NO_EDIT;NO_OVERWRITE
2762	create_docx	short	-	0	word startup funding banao r2762	CREATE:DOCX	NO_FALSE_READY;NO_EDIT;NO_OVERWRITE
2763	create_docx	long	-	0	Bhai mujhe ocean life ke baare mein ek simple word bana do please r2763	CREATE:DOCX	NO_FALSE_READY;NO_EDIT;NO_OVERWRITE
2764	create_docx	reversed	-	0	Word chess par banao r2764	CREATE:DOCX	NO_FALSE_READY;NO_EDIT;NO_OVERWRITE
2765	create_docx	nopunct	-	0	monsoon ke upar ek word tayar karo r2765	CREATE:DOCX	NO_FALSE_READY;NO_EDIT;NO_OVERWRITE
2766	create_docx	followup	-	1	mujhe Python basics ka word chahiye r2766	CREATE:DOCX	NO_FALSE_READY;NO_EDIT;NO_OVERWRITE
2767	create_docx	hinglish	-	0	Android apps par word banao r2767	CREATE:DOCX	NO_FALSE_READY;NO_EDIT;NO_OVERWRITE
2768	create_docx	english	-	0	Create a word about cloud computing r2768	CREATE:DOCX	NO_FALSE_READY;NO_EDIT;NO_OVERWRITE
2769	create_docx	spelling	-	0	data science pr wrod bnao r2769	CREATE:DOCX	NO_FALSE_READY;NO_EDIT;NO_OVERWRITE
2770	create_docx	short	-	0	word machine learning banao r2770	CREATE:DOCX	NO_FALSE_READY;NO_EDIT;NO_OVERWRITE
2771	create_docx	long	-	0	Bhai mujhe digital safety ke baare mein ek simple word bana do please r2771	CREATE:DOCX	NO_FALSE_READY;NO_EDIT;NO_OVERWRITE
2772	create_docx	reversed	-	0	Word renewable power par banao r2772	CREATE:DOCX	NO_FALSE_READY;NO_EDIT;NO_OVERWRITE
2773	create_docx	nopunct	-	0	internet history ke upar ek word tayar karo r2773	CREATE:DOCX	NO_FALSE_READY;NO_EDIT;NO_OVERWRITE
2774	create_docx	followup	-	1	mujhe database design ka word chahiye r2774	CREATE:DOCX	NO_FALSE_READY;NO_EDIT;NO_OVERWRITE
2775	create_docx	hinglish	-	0	home budgeting par word banao r2775	CREATE:DOCX	NO_FALSE_READY;NO_EDIT;NO_OVERWRITE
2776	create_docx	english	-	0	Create a word about study planning r2776	CREATE:DOCX	NO_FALSE_READY;NO_EDIT;NO_OVERWRITE
2777	create_docx	spelling	-	0	road travel pr wrod bnao r2777	CREATE:DOCX	NO_FALSE_READY;NO_EDIT;NO_OVERWRITE
2778	create_docx	short	-	0	word smart homes banao r2778	CREATE:DOCX	NO_FALSE_READY;NO_EDIT;NO_OVERWRITE
2779	create_docx	long	-	0	Bhai mujhe music history ke baare mein ek simple word bana do please r2779	CREATE:DOCX	NO_FALSE_READY;NO_EDIT;NO_OVERWRITE
2780	create_docx	reversed	-	0	Word gardening par banao r2780	CREATE:DOCX	NO_FALSE_READY;NO_EDIT;NO_OVERWRITE
2781	create_docx	nopunct	-	0	personal finance ke upar ek word tayar karo r2781	CREATE:DOCX	NO_FALSE_READY;NO_EDIT;NO_OVERWRITE
2782	create_docx	followup	-	1	mujhe web development ka word chahiye r2782	CREATE:DOCX	NO_FALSE_READY;NO_EDIT;NO_OVERWRITE
2783	create_docx	hinglish	-	0	robotics par word banao r2783	CREATE:DOCX	NO_FALSE_READY;NO_EDIT;NO_OVERWRITE
2784	create_docx	english	-	0	Create a word about climate change r2784	CREATE:DOCX	NO_FALSE_READY;NO_EDIT;NO_OVERWRITE
2785	create_docx	spelling	-	0	nutrition pr wrod bnao r2785	CREATE:DOCX	NO_FALSE_READY;NO_EDIT;NO_OVERWRITE
2786	create_docx	short	-	0	word geometry banao r2786	CREATE:DOCX	NO_FALSE_READY;NO_EDIT;NO_OVERWRITE
2787	create_docx	long	-	0	Bhai mujhe probability ke baare mein ek simple word bana do please r2787	CREATE:DOCX	NO_FALSE_READY;NO_EDIT;NO_OVERWRITE
2788	create_docx	reversed	-	0	Word public speaking par banao r2788	CREATE:DOCX	NO_FALSE_READY;NO_EDIT;NO_OVERWRITE
2789	create_docx	nopunct	-	0	photography ke upar ek word tayar karo r2789	CREATE:DOCX	NO_FALSE_READY;NO_EDIT;NO_OVERWRITE
2790	create_docx	followup	-	1	mujhe time management ka word chahiye r2790	CREATE:DOCX	NO_FALSE_READY;NO_EDIT;NO_OVERWRITE
2791	create_docx	hinglish	-	0	cyber security par word banao r2791	CREATE:DOCX	NO_FALSE_READY;NO_EDIT;NO_OVERWRITE
2792	create_docx	english	-	0	Create a word about mobile testing r2792	CREATE:DOCX	NO_FALSE_READY;NO_EDIT;NO_OVERWRITE
2793	create_docx	spelling	-	0	Git basics pr wrod bnao r2793	CREATE:DOCX	NO_FALSE_READY;NO_EDIT;NO_OVERWRITE
2794	create_docx	short	-	0	word API design banao r2794	CREATE:DOCX	NO_FALSE_READY;NO_EDIT;NO_OVERWRITE
2795	create_docx	long	-	0	Bhai mujhe SQL queries ke baare mein ek simple word bana do please r2795	CREATE:DOCX	NO_FALSE_READY;NO_EDIT;NO_OVERWRITE
2796	create_docx	reversed	-	0	Word Kotlin coroutines par banao r2796	CREATE:DOCX	NO_FALSE_READY;NO_EDIT;NO_OVERWRITE
2797	create_docx	nopunct	-	0	Excel formulas ke upar ek word tayar karo r2797	CREATE:DOCX	NO_FALSE_READY;NO_EDIT;NO_OVERWRITE
2798	create_docx	followup	-	1	mujhe presentation skills ka word chahiye r2798	CREATE:DOCX	NO_FALSE_READY;NO_EDIT;NO_OVERWRITE
2799	create_docx	hinglish	-	0	business ideas par word banao r2799	CREATE:DOCX	NO_FALSE_READY;NO_EDIT;NO_OVERWRITE
2800	create_docx	english	-	0	Create a word about product planning r2800	CREATE:DOCX	NO_FALSE_READY;NO_EDIT;NO_OVERWRITE
2801	create_docx	spelling	-	0	AI basics pr wrod bnao r2801	CREATE:DOCX	NO_FALSE_READY;NO_EDIT;NO_OVERWRITE
2802	create_docx	short	-	0	word solar energy banao r2802	CREATE:DOCX	NO_FALSE_READY;NO_EDIT;NO_OVERWRITE
2803	create_docx	long	-	0	Bhai mujhe water cycle ke baare mein ek simple word bana do please r2803	CREATE:DOCX	NO_FALSE_READY;NO_EDIT;NO_OVERWRITE
2804	create_docx	reversed	-	0	Word Indian history par banao r2804	CREATE:DOCX	NO_FALSE_READY;NO_EDIT;NO_OVERWRITE
2805	create_docx	nopunct	-	0	healthy diet ke upar ek word tayar karo r2805	CREATE:DOCX	NO_FALSE_READY;NO_EDIT;NO_OVERWRITE
2806	create_docx	followup	-	1	mujhe space travel ka word chahiye r2806	CREATE:DOCX	NO_FALSE_READY;NO_EDIT;NO_OVERWRITE
2807	create_docx	hinglish	-	0	football par word banao r2807	CREATE:DOCX	NO_FALSE_READY;NO_EDIT;NO_OVERWRITE
2808	create_docx	english	-	0	Create a word about cricket r2808	CREATE:DOCX	NO_FALSE_READY;NO_EDIT;NO_OVERWRITE
2809	create_docx	spelling	-	0	yoga pr wrod bnao r2809	CREATE:DOCX	NO_FALSE_READY;NO_EDIT;NO_OVERWRITE
2810	create_docx	short	-	0	word photosynthesis banao r2810	CREATE:DOCX	NO_FALSE_READY;NO_EDIT;NO_OVERWRITE
2811	create_docx	long	-	0	Bhai mujhe electric cars ke baare mein ek simple word bana do please r2811	CREATE:DOCX	NO_FALSE_READY;NO_EDIT;NO_OVERWRITE
2812	create_docx	reversed	-	0	Word startup funding par banao r2812	CREATE:DOCX	NO_FALSE_READY;NO_EDIT;NO_OVERWRITE
2813	create_docx	nopunct	-	0	ocean life ke upar ek word tayar karo r2813	CREATE:DOCX	NO_FALSE_READY;NO_EDIT;NO_OVERWRITE
2814	create_docx	followup	-	1	mujhe chess ka word chahiye r2814	CREATE:DOCX	NO_FALSE_READY;NO_EDIT;NO_OVERWRITE
2815	create_docx	hinglish	-	0	monsoon par word banao r2815	CREATE:DOCX	NO_FALSE_READY;NO_EDIT;NO_OVERWRITE
2816	create_docx	english	-	0	Create a word about Python basics r2816	CREATE:DOCX	NO_FALSE_READY;NO_EDIT;NO_OVERWRITE
2817	create_docx	spelling	-	0	Android apps pr wrod bnao r2817	CREATE:DOCX	NO_FALSE_READY;NO_EDIT;NO_OVERWRITE
2818	create_docx	short	-	0	word cloud computing banao r2818	CREATE:DOCX	NO_FALSE_READY;NO_EDIT;NO_OVERWRITE
2819	create_docx	long	-	0	Bhai mujhe data science ke baare mein ek simple word bana do please r2819	CREATE:DOCX	NO_FALSE_READY;NO_EDIT;NO_OVERWRITE
2820	create_docx	reversed	-	0	Word machine learning par banao r2820	CREATE:DOCX	NO_FALSE_READY;NO_EDIT;NO_OVERWRITE
2821	create_docx	nopunct	-	0	digital safety ke upar ek word tayar karo r2821	CREATE:DOCX	NO_FALSE_READY;NO_EDIT;NO_OVERWRITE
2822	create_docx	followup	-	1	mujhe renewable power ka word chahiye r2822	CREATE:DOCX	NO_FALSE_READY;NO_EDIT;NO_OVERWRITE
2823	create_docx	hinglish	-	0	internet history par word banao r2823	CREATE:DOCX	NO_FALSE_READY;NO_EDIT;NO_OVERWRITE
2824	create_docx	english	-	0	Create a word about database design r2824	CREATE:DOCX	NO_FALSE_READY;NO_EDIT;NO_OVERWRITE
2825	create_docx	spelling	-	0	home budgeting pr wrod bnao r2825	CREATE:DOCX	NO_FALSE_READY;NO_EDIT;NO_OVERWRITE
2826	create_docx	short	-	0	word study planning banao r2826	CREATE:DOCX	NO_FALSE_READY;NO_EDIT;NO_OVERWRITE
2827	create_docx	long	-	0	Bhai mujhe road travel ke baare mein ek simple word bana do please r2827	CREATE:DOCX	NO_FALSE_READY;NO_EDIT;NO_OVERWRITE
2828	create_docx	reversed	-	0	Word smart homes par banao r2828	CREATE:DOCX	NO_FALSE_READY;NO_EDIT;NO_OVERWRITE
2829	create_docx	nopunct	-	0	music history ke upar ek word tayar karo r2829	CREATE:DOCX	NO_FALSE_READY;NO_EDIT;NO_OVERWRITE
2830	create_docx	followup	-	1	mujhe gardening ka word chahiye r2830	CREATE:DOCX	NO_FALSE_READY;NO_EDIT;NO_OVERWRITE
2831	create_docx	hinglish	-	0	personal finance par word banao r2831	CREATE:DOCX	NO_FALSE_READY;NO_EDIT;NO_OVERWRITE
2832	create_docx	english	-	0	Create a word about web development r2832	CREATE:DOCX	NO_FALSE_READY;NO_EDIT;NO_OVERWRITE
2833	create_docx	spelling	-	0	robotics pr wrod bnao r2833	CREATE:DOCX	NO_FALSE_READY;NO_EDIT;NO_OVERWRITE
2834	create_docx	short	-	0	word climate change banao r2834	CREATE:DOCX	NO_FALSE_READY;NO_EDIT;NO_OVERWRITE
2835	create_docx	long	-	0	Bhai mujhe nutrition ke baare mein ek simple word bana do please r2835	CREATE:DOCX	NO_FALSE_READY;NO_EDIT;NO_OVERWRITE
2836	create_docx	reversed	-	0	Word geometry par banao r2836	CREATE:DOCX	NO_FALSE_READY;NO_EDIT;NO_OVERWRITE
2837	create_docx	nopunct	-	0	probability ke upar ek word tayar karo r2837	CREATE:DOCX	NO_FALSE_READY;NO_EDIT;NO_OVERWRITE
2838	create_docx	followup	-	1	mujhe public speaking ka word chahiye r2838	CREATE:DOCX	NO_FALSE_READY;NO_EDIT;NO_OVERWRITE
2839	create_docx	hinglish	-	0	photography par word banao r2839	CREATE:DOCX	NO_FALSE_READY;NO_EDIT;NO_OVERWRITE
2840	create_docx	english	-	0	Create a word about time management r2840	CREATE:DOCX	NO_FALSE_READY;NO_EDIT;NO_OVERWRITE
2841	create_docx	spelling	-	0	cyber security pr wrod bnao r2841	CREATE:DOCX	NO_FALSE_READY;NO_EDIT;NO_OVERWRITE
2842	create_docx	short	-	0	word mobile testing banao r2842	CREATE:DOCX	NO_FALSE_READY;NO_EDIT;NO_OVERWRITE
2843	create_docx	long	-	0	Bhai mujhe Git basics ke baare mein ek simple word bana do please r2843	CREATE:DOCX	NO_FALSE_READY;NO_EDIT;NO_OVERWRITE
2844	create_docx	reversed	-	0	Word API design par banao r2844	CREATE:DOCX	NO_FALSE_READY;NO_EDIT;NO_OVERWRITE
2845	create_docx	nopunct	-	0	SQL queries ke upar ek word tayar karo r2845	CREATE:DOCX	NO_FALSE_READY;NO_EDIT;NO_OVERWRITE
2846	create_docx	followup	-	1	mujhe Kotlin coroutines ka word chahiye r2846	CREATE:DOCX	NO_FALSE_READY;NO_EDIT;NO_OVERWRITE
2847	create_docx	hinglish	-	0	Excel formulas par word banao r2847	CREATE:DOCX	NO_FALSE_READY;NO_EDIT;NO_OVERWRITE
2848	create_docx	english	-	0	Create a word about presentation skills r2848	CREATE:DOCX	NO_FALSE_READY;NO_EDIT;NO_OVERWRITE
2849	create_docx	spelling	-	0	business ideas pr wrod bnao r2849	CREATE:DOCX	NO_FALSE_READY;NO_EDIT;NO_OVERWRITE
2850	create_docx	short	-	0	word product planning banao r2850	CREATE:DOCX	NO_FALSE_READY;NO_EDIT;NO_OVERWRITE
2851	create_docx	long	-	0	Bhai mujhe AI basics ke baare mein ek simple word bana do please r2851	CREATE:DOCX	NO_FALSE_READY;NO_EDIT;NO_OVERWRITE
2852	create_docx	reversed	-	0	Word solar energy par banao r2852	CREATE:DOCX	NO_FALSE_READY;NO_EDIT;NO_OVERWRITE
2853	create_docx	nopunct	-	0	water cycle ke upar ek word tayar karo r2853	CREATE:DOCX	NO_FALSE_READY;NO_EDIT;NO_OVERWRITE
2854	create_docx	followup	-	1	mujhe Indian history ka word chahiye r2854	CREATE:DOCX	NO_FALSE_READY;NO_EDIT;NO_OVERWRITE
2855	create_docx	hinglish	-	0	healthy diet par word banao r2855	CREATE:DOCX	NO_FALSE_READY;NO_EDIT;NO_OVERWRITE
2856	create_docx	english	-	0	Create a word about space travel r2856	CREATE:DOCX	NO_FALSE_READY;NO_EDIT;NO_OVERWRITE
2857	create_docx	spelling	-	0	football pr wrod bnao r2857	CREATE:DOCX	NO_FALSE_READY;NO_EDIT;NO_OVERWRITE
2858	create_docx	short	-	0	word cricket banao r2858	CREATE:DOCX	NO_FALSE_READY;NO_EDIT;NO_OVERWRITE
2859	create_docx	long	-	0	Bhai mujhe yoga ke baare mein ek simple word bana do please r2859	CREATE:DOCX	NO_FALSE_READY;NO_EDIT;NO_OVERWRITE
2860	create_docx	reversed	-	0	Word photosynthesis par banao r2860	CREATE:DOCX	NO_FALSE_READY;NO_EDIT;NO_OVERWRITE
2861	create_docx	nopunct	-	0	electric cars ke upar ek word tayar karo r2861	CREATE:DOCX	NO_FALSE_READY;NO_EDIT;NO_OVERWRITE
2862	create_docx	followup	-	1	mujhe startup funding ka word chahiye r2862	CREATE:DOCX	NO_FALSE_READY;NO_EDIT;NO_OVERWRITE
2863	create_docx	hinglish	-	0	ocean life par word banao r2863	CREATE:DOCX	NO_FALSE_READY;NO_EDIT;NO_OVERWRITE
2864	create_docx	english	-	0	Create a word about chess r2864	CREATE:DOCX	NO_FALSE_READY;NO_EDIT;NO_OVERWRITE
2865	create_docx	spelling	-	0	monsoon pr wrod bnao r2865	CREATE:DOCX	NO_FALSE_READY;NO_EDIT;NO_OVERWRITE
2866	create_docx	short	-	0	word Python basics banao r2866	CREATE:DOCX	NO_FALSE_READY;NO_EDIT;NO_OVERWRITE
2867	create_docx	long	-	0	Bhai mujhe Android apps ke baare mein ek simple word bana do please r2867	CREATE:DOCX	NO_FALSE_READY;NO_EDIT;NO_OVERWRITE
2868	create_docx	reversed	-	0	Word cloud computing par banao r2868	CREATE:DOCX	NO_FALSE_READY;NO_EDIT;NO_OVERWRITE
2869	create_docx	nopunct	-	0	data science ke upar ek word tayar karo r2869	CREATE:DOCX	NO_FALSE_READY;NO_EDIT;NO_OVERWRITE
2870	create_docx	followup	-	1	mujhe machine learning ka word chahiye r2870	CREATE:DOCX	NO_FALSE_READY;NO_EDIT;NO_OVERWRITE
2871	create_docx	hinglish	-	0	digital safety par word banao r2871	CREATE:DOCX	NO_FALSE_READY;NO_EDIT;NO_OVERWRITE
2872	create_docx	english	-	0	Create a word about renewable power r2872	CREATE:DOCX	NO_FALSE_READY;NO_EDIT;NO_OVERWRITE
2873	create_docx	spelling	-	0	internet history pr wrod bnao r2873	CREATE:DOCX	NO_FALSE_READY;NO_EDIT;NO_OVERWRITE
2874	create_docx	short	-	0	word database design banao r2874	CREATE:DOCX	NO_FALSE_READY;NO_EDIT;NO_OVERWRITE
2875	create_docx	long	-	0	Bhai mujhe home budgeting ke baare mein ek simple word bana do please r2875	CREATE:DOCX	NO_FALSE_READY;NO_EDIT;NO_OVERWRITE
2876	create_docx	reversed	-	0	Word study planning par banao r2876	CREATE:DOCX	NO_FALSE_READY;NO_EDIT;NO_OVERWRITE
2877	create_docx	nopunct	-	0	road travel ke upar ek word tayar karo r2877	CREATE:DOCX	NO_FALSE_READY;NO_EDIT;NO_OVERWRITE
2878	create_docx	followup	-	1	mujhe smart homes ka word chahiye r2878	CREATE:DOCX	NO_FALSE_READY;NO_EDIT;NO_OVERWRITE
2879	create_docx	hinglish	-	0	music history par word banao r2879	CREATE:DOCX	NO_FALSE_READY;NO_EDIT;NO_OVERWRITE
2880	create_docx	english	-	0	Create a word about gardening r2880	CREATE:DOCX	NO_FALSE_READY;NO_EDIT;NO_OVERWRITE
2881	create_docx	spelling	-	0	personal finance pr wrod bnao r2881	CREATE:DOCX	NO_FALSE_READY;NO_EDIT;NO_OVERWRITE
2882	create_docx	short	-	0	word web development banao r2882	CREATE:DOCX	NO_FALSE_READY;NO_EDIT;NO_OVERWRITE
2883	create_docx	long	-	0	Bhai mujhe robotics ke baare mein ek simple word bana do please r2883	CREATE:DOCX	NO_FALSE_READY;NO_EDIT;NO_OVERWRITE
2884	create_docx	reversed	-	0	Word climate change par banao r2884	CREATE:DOCX	NO_FALSE_READY;NO_EDIT;NO_OVERWRITE
2885	create_docx	nopunct	-	0	nutrition ke upar ek word tayar karo r2885	CREATE:DOCX	NO_FALSE_READY;NO_EDIT;NO_OVERWRITE
2886	create_docx	followup	-	1	mujhe geometry ka word chahiye r2886	CREATE:DOCX	NO_FALSE_READY;NO_EDIT;NO_OVERWRITE
2887	create_docx	hinglish	-	0	probability par word banao r2887	CREATE:DOCX	NO_FALSE_READY;NO_EDIT;NO_OVERWRITE
2888	create_docx	english	-	0	Create a word about public speaking r2888	CREATE:DOCX	NO_FALSE_READY;NO_EDIT;NO_OVERWRITE
2889	create_docx	spelling	-	0	photography pr wrod bnao r2889	CREATE:DOCX	NO_FALSE_READY;NO_EDIT;NO_OVERWRITE
2890	create_docx	short	-	0	word time management banao r2890	CREATE:DOCX	NO_FALSE_READY;NO_EDIT;NO_OVERWRITE
2891	create_docx	long	-	0	Bhai mujhe cyber security ke baare mein ek simple word bana do please r2891	CREATE:DOCX	NO_FALSE_READY;NO_EDIT;NO_OVERWRITE
2892	create_docx	reversed	-	0	Word mobile testing par banao r2892	CREATE:DOCX	NO_FALSE_READY;NO_EDIT;NO_OVERWRITE
2893	create_docx	nopunct	-	0	Git basics ke upar ek word tayar karo r2893	CREATE:DOCX	NO_FALSE_READY;NO_EDIT;NO_OVERWRITE
2894	create_docx	followup	-	1	mujhe API design ka word chahiye r2894	CREATE:DOCX	NO_FALSE_READY;NO_EDIT;NO_OVERWRITE
2895	create_docx	hinglish	-	0	SQL queries par word banao r2895	CREATE:DOCX	NO_FALSE_READY;NO_EDIT;NO_OVERWRITE
2896	create_docx	english	-	0	Create a word about Kotlin coroutines r2896	CREATE:DOCX	NO_FALSE_READY;NO_EDIT;NO_OVERWRITE
2897	create_docx	spelling	-	0	Excel formulas pr wrod bnao r2897	CREATE:DOCX	NO_FALSE_READY;NO_EDIT;NO_OVERWRITE
2898	create_docx	short	-	0	word presentation skills banao r2898	CREATE:DOCX	NO_FALSE_READY;NO_EDIT;NO_OVERWRITE
2899	create_docx	long	-	0	Bhai mujhe business ideas ke baare mein ek simple word bana do please r2899	CREATE:DOCX	NO_FALSE_READY;NO_EDIT;NO_OVERWRITE
2900	create_docx	reversed	-	0	Word product planning par banao r2900	CREATE:DOCX	NO_FALSE_READY;NO_EDIT;NO_OVERWRITE
2901	create_docx	nopunct	-	0	AI basics ke upar ek word tayar karo r2901	CREATE:DOCX	NO_FALSE_READY;NO_EDIT;NO_OVERWRITE
2902	create_docx	followup	-	1	mujhe solar energy ka word chahiye r2902	CREATE:DOCX	NO_FALSE_READY;NO_EDIT;NO_OVERWRITE
2903	create_docx	hinglish	-	0	water cycle par word banao r2903	CREATE:DOCX	NO_FALSE_READY;NO_EDIT;NO_OVERWRITE
2904	create_docx	english	-	0	Create a word about Indian history r2904	CREATE:DOCX	NO_FALSE_READY;NO_EDIT;NO_OVERWRITE
2905	create_docx	spelling	-	0	healthy diet pr wrod bnao r2905	CREATE:DOCX	NO_FALSE_READY;NO_EDIT;NO_OVERWRITE
2906	create_docx	short	-	0	word space travel banao r2906	CREATE:DOCX	NO_FALSE_READY;NO_EDIT;NO_OVERWRITE
2907	create_docx	long	-	0	Bhai mujhe football ke baare mein ek simple word bana do please r2907	CREATE:DOCX	NO_FALSE_READY;NO_EDIT;NO_OVERWRITE
2908	create_docx	reversed	-	0	Word cricket par banao r2908	CREATE:DOCX	NO_FALSE_READY;NO_EDIT;NO_OVERWRITE
2909	create_docx	nopunct	-	0	yoga ke upar ek word tayar karo r2909	CREATE:DOCX	NO_FALSE_READY;NO_EDIT;NO_OVERWRITE
2910	create_docx	followup	-	1	mujhe photosynthesis ka word chahiye r2910	CREATE:DOCX	NO_FALSE_READY;NO_EDIT;NO_OVERWRITE
2911	create_docx	hinglish	-	0	electric cars par word banao r2911	CREATE:DOCX	NO_FALSE_READY;NO_EDIT;NO_OVERWRITE
2912	create_docx	english	-	0	Create a word about startup funding r2912	CREATE:DOCX	NO_FALSE_READY;NO_EDIT;NO_OVERWRITE
2913	create_docx	spelling	-	0	ocean life pr wrod bnao r2913	CREATE:DOCX	NO_FALSE_READY;NO_EDIT;NO_OVERWRITE
2914	create_docx	short	-	0	word chess banao r2914	CREATE:DOCX	NO_FALSE_READY;NO_EDIT;NO_OVERWRITE
2915	create_docx	long	-	0	Bhai mujhe monsoon ke baare mein ek simple word bana do please r2915	CREATE:DOCX	NO_FALSE_READY;NO_EDIT;NO_OVERWRITE
2916	create_docx	reversed	-	0	Word Python basics par banao r2916	CREATE:DOCX	NO_FALSE_READY;NO_EDIT;NO_OVERWRITE
2917	create_docx	nopunct	-	0	Android apps ke upar ek word tayar karo r2917	CREATE:DOCX	NO_FALSE_READY;NO_EDIT;NO_OVERWRITE
2918	create_docx	followup	-	1	mujhe cloud computing ka word chahiye r2918	CREATE:DOCX	NO_FALSE_READY;NO_EDIT;NO_OVERWRITE
2919	create_docx	hinglish	-	0	data science par word banao r2919	CREATE:DOCX	NO_FALSE_READY;NO_EDIT;NO_OVERWRITE
2920	create_docx	english	-	0	Create a word about machine learning r2920	CREATE:DOCX	NO_FALSE_READY;NO_EDIT;NO_OVERWRITE
2921	create_docx	spelling	-	0	digital safety pr wrod bnao r2921	CREATE:DOCX	NO_FALSE_READY;NO_EDIT;NO_OVERWRITE
2922	create_docx	short	-	0	word renewable power banao r2922	CREATE:DOCX	NO_FALSE_READY;NO_EDIT;NO_OVERWRITE
2923	create_docx	long	-	0	Bhai mujhe internet history ke baare mein ek simple word bana do please r2923	CREATE:DOCX	NO_FALSE_READY;NO_EDIT;NO_OVERWRITE
2924	create_docx	reversed	-	0	Word database design par banao r2924	CREATE:DOCX	NO_FALSE_READY;NO_EDIT;NO_OVERWRITE
2925	create_docx	nopunct	-	0	home budgeting ke upar ek word tayar karo r2925	CREATE:DOCX	NO_FALSE_READY;NO_EDIT;NO_OVERWRITE
2926	create_docx	followup	-	1	mujhe study planning ka word chahiye r2926	CREATE:DOCX	NO_FALSE_READY;NO_EDIT;NO_OVERWRITE
2927	create_docx	hinglish	-	0	road travel par word banao r2927	CREATE:DOCX	NO_FALSE_READY;NO_EDIT;NO_OVERWRITE
2928	create_docx	english	-	0	Create a word about smart homes r2928	CREATE:DOCX	NO_FALSE_READY;NO_EDIT;NO_OVERWRITE
2929	create_docx	spelling	-	0	music history pr wrod bnao r2929	CREATE:DOCX	NO_FALSE_READY;NO_EDIT;NO_OVERWRITE
2930	create_docx	short	-	0	word gardening banao r2930	CREATE:DOCX	NO_FALSE_READY;NO_EDIT;NO_OVERWRITE
2931	create_docx	long	-	0	Bhai mujhe personal finance ke baare mein ek simple word bana do please r2931	CREATE:DOCX	NO_FALSE_READY;NO_EDIT;NO_OVERWRITE
2932	create_docx	reversed	-	0	Word web development par banao r2932	CREATE:DOCX	NO_FALSE_READY;NO_EDIT;NO_OVERWRITE
2933	create_docx	nopunct	-	0	robotics ke upar ek word tayar karo r2933	CREATE:DOCX	NO_FALSE_READY;NO_EDIT;NO_OVERWRITE
2934	create_docx	followup	-	1	mujhe climate change ka word chahiye r2934	CREATE:DOCX	NO_FALSE_READY;NO_EDIT;NO_OVERWRITE
2935	create_docx	hinglish	-	0	nutrition par word banao r2935	CREATE:DOCX	NO_FALSE_READY;NO_EDIT;NO_OVERWRITE
2936	create_docx	english	-	0	Create a word about geometry r2936	CREATE:DOCX	NO_FALSE_READY;NO_EDIT;NO_OVERWRITE
2937	create_docx	spelling	-	0	probability pr wrod bnao r2937	CREATE:DOCX	NO_FALSE_READY;NO_EDIT;NO_OVERWRITE
2938	create_docx	short	-	0	word public speaking banao r2938	CREATE:DOCX	NO_FALSE_READY;NO_EDIT;NO_OVERWRITE
2939	create_docx	long	-	0	Bhai mujhe photography ke baare mein ek simple word bana do please r2939	CREATE:DOCX	NO_FALSE_READY;NO_EDIT;NO_OVERWRITE
2940	create_docx	reversed	-	0	Word time management par banao r2940	CREATE:DOCX	NO_FALSE_READY;NO_EDIT;NO_OVERWRITE
2941	create_docx	nopunct	-	0	cyber security ke upar ek word tayar karo r2941	CREATE:DOCX	NO_FALSE_READY;NO_EDIT;NO_OVERWRITE
2942	create_docx	followup	-	1	mujhe mobile testing ka word chahiye r2942	CREATE:DOCX	NO_FALSE_READY;NO_EDIT;NO_OVERWRITE
2943	create_docx	hinglish	-	0	Git basics par word banao r2943	CREATE:DOCX	NO_FALSE_READY;NO_EDIT;NO_OVERWRITE
2944	create_docx	english	-	0	Create a word about API design r2944	CREATE:DOCX	NO_FALSE_READY;NO_EDIT;NO_OVERWRITE
2945	create_docx	spelling	-	0	SQL queries pr wrod bnao r2945	CREATE:DOCX	NO_FALSE_READY;NO_EDIT;NO_OVERWRITE
2946	create_docx	short	-	0	word Kotlin coroutines banao r2946	CREATE:DOCX	NO_FALSE_READY;NO_EDIT;NO_OVERWRITE
2947	create_docx	long	-	0	Bhai mujhe Excel formulas ke baare mein ek simple word bana do please r2947	CREATE:DOCX	NO_FALSE_READY;NO_EDIT;NO_OVERWRITE
2948	create_docx	reversed	-	0	Word presentation skills par banao r2948	CREATE:DOCX	NO_FALSE_READY;NO_EDIT;NO_OVERWRITE
2949	create_docx	nopunct	-	0	business ideas ke upar ek word tayar karo r2949	CREATE:DOCX	NO_FALSE_READY;NO_EDIT;NO_OVERWRITE
2950	create_docx	followup	-	1	mujhe product planning ka word chahiye r2950	CREATE:DOCX	NO_FALSE_READY;NO_EDIT;NO_OVERWRITE
2951	create_docx	hinglish	-	0	AI basics par word banao r2951	CREATE:DOCX	NO_FALSE_READY;NO_EDIT;NO_OVERWRITE
2952	create_docx	english	-	0	Create a word about solar energy r2952	CREATE:DOCX	NO_FALSE_READY;NO_EDIT;NO_OVERWRITE
2953	create_docx	spelling	-	0	water cycle pr wrod bnao r2953	CREATE:DOCX	NO_FALSE_READY;NO_EDIT;NO_OVERWRITE
2954	create_docx	short	-	0	word Indian history banao r2954	CREATE:DOCX	NO_FALSE_READY;NO_EDIT;NO_OVERWRITE
2955	create_docx	long	-	0	Bhai mujhe healthy diet ke baare mein ek simple word bana do please r2955	CREATE:DOCX	NO_FALSE_READY;NO_EDIT;NO_OVERWRITE
2956	create_docx	reversed	-	0	Word space travel par banao r2956	CREATE:DOCX	NO_FALSE_READY;NO_EDIT;NO_OVERWRITE
2957	create_docx	nopunct	-	0	football ke upar ek word tayar karo r2957	CREATE:DOCX	NO_FALSE_READY;NO_EDIT;NO_OVERWRITE
2958	create_docx	followup	-	1	mujhe cricket ka word chahiye r2958	CREATE:DOCX	NO_FALSE_READY;NO_EDIT;NO_OVERWRITE
2959	create_docx	hinglish	-	0	yoga par word banao r2959	CREATE:DOCX	NO_FALSE_READY;NO_EDIT;NO_OVERWRITE
2960	create_docx	english	-	0	Create a word about photosynthesis r2960	CREATE:DOCX	NO_FALSE_READY;NO_EDIT;NO_OVERWRITE
2961	create_docx	spelling	-	0	electric cars pr wrod bnao r2961	CREATE:DOCX	NO_FALSE_READY;NO_EDIT;NO_OVERWRITE
2962	create_docx	short	-	0	word startup funding banao r2962	CREATE:DOCX	NO_FALSE_READY;NO_EDIT;NO_OVERWRITE
2963	create_docx	long	-	0	Bhai mujhe ocean life ke baare mein ek simple word bana do please r2963	CREATE:DOCX	NO_FALSE_READY;NO_EDIT;NO_OVERWRITE
2964	create_docx	reversed	-	0	Word chess par banao r2964	CREATE:DOCX	NO_FALSE_READY;NO_EDIT;NO_OVERWRITE
2965	create_docx	nopunct	-	0	monsoon ke upar ek word tayar karo r2965	CREATE:DOCX	NO_FALSE_READY;NO_EDIT;NO_OVERWRITE
2966	create_docx	followup	-	1	mujhe Python basics ka word chahiye r2966	CREATE:DOCX	NO_FALSE_READY;NO_EDIT;NO_OVERWRITE
2967	create_docx	hinglish	-	0	Android apps par word banao r2967	CREATE:DOCX	NO_FALSE_READY;NO_EDIT;NO_OVERWRITE
2968	create_docx	english	-	0	Create a word about cloud computing r2968	CREATE:DOCX	NO_FALSE_READY;NO_EDIT;NO_OVERWRITE
2969	create_docx	spelling	-	0	data science pr wrod bnao r2969	CREATE:DOCX	NO_FALSE_READY;NO_EDIT;NO_OVERWRITE
2970	create_docx	short	-	0	word machine learning banao r2970	CREATE:DOCX	NO_FALSE_READY;NO_EDIT;NO_OVERWRITE
2971	create_docx	long	-	0	Bhai mujhe digital safety ke baare mein ek simple word bana do please r2971	CREATE:DOCX	NO_FALSE_READY;NO_EDIT;NO_OVERWRITE
2972	create_docx	reversed	-	0	Word renewable power par banao r2972	CREATE:DOCX	NO_FALSE_READY;NO_EDIT;NO_OVERWRITE
2973	create_docx	nopunct	-	0	internet history ke upar ek word tayar karo r2973	CREATE:DOCX	NO_FALSE_READY;NO_EDIT;NO_OVERWRITE
2974	create_docx	followup	-	1	mujhe database design ka word chahiye r2974	CREATE:DOCX	NO_FALSE_READY;NO_EDIT;NO_OVERWRITE
2975	create_docx	hinglish	-	0	home budgeting par word banao r2975	CREATE:DOCX	NO_FALSE_READY;NO_EDIT;NO_OVERWRITE
2976	create_docx	english	-	0	Create a word about study planning r2976	CREATE:DOCX	NO_FALSE_READY;NO_EDIT;NO_OVERWRITE
2977	create_docx	spelling	-	0	road travel pr wrod bnao r2977	CREATE:DOCX	NO_FALSE_READY;NO_EDIT;NO_OVERWRITE
2978	create_docx	short	-	0	word smart homes banao r2978	CREATE:DOCX	NO_FALSE_READY;NO_EDIT;NO_OVERWRITE
2979	create_docx	long	-	0	Bhai mujhe music history ke baare mein ek simple word bana do please r2979	CREATE:DOCX	NO_FALSE_READY;NO_EDIT;NO_OVERWRITE
2980	create_docx	reversed	-	0	Word gardening par banao r2980	CREATE:DOCX	NO_FALSE_READY;NO_EDIT;NO_OVERWRITE
2981	create_docx	nopunct	-	0	personal finance ke upar ek word tayar karo r2981	CREATE:DOCX	NO_FALSE_READY;NO_EDIT;NO_OVERWRITE
2982	create_docx	followup	-	1	mujhe web development ka word chahiye r2982	CREATE:DOCX	NO_FALSE_READY;NO_EDIT;NO_OVERWRITE
2983	create_docx	hinglish	-	0	robotics par word banao r2983	CREATE:DOCX	NO_FALSE_READY;NO_EDIT;NO_OVERWRITE
2984	create_docx	english	-	0	Create a word about climate change r2984	CREATE:DOCX	NO_FALSE_READY;NO_EDIT;NO_OVERWRITE
2985	create_docx	spelling	-	0	nutrition pr wrod bnao r2985	CREATE:DOCX	NO_FALSE_READY;NO_EDIT;NO_OVERWRITE
2986	create_docx	short	-	0	word geometry banao r2986	CREATE:DOCX	NO_FALSE_READY;NO_EDIT;NO_OVERWRITE
2987	create_docx	long	-	0	Bhai mujhe probability ke baare mein ek simple word bana do please r2987	CREATE:DOCX	NO_FALSE_READY;NO_EDIT;NO_OVERWRITE
2988	create_docx	reversed	-	0	Word public speaking par banao r2988	CREATE:DOCX	NO_FALSE_READY;NO_EDIT;NO_OVERWRITE
2989	create_docx	nopunct	-	0	photography ke upar ek word tayar karo r2989	CREATE:DOCX	NO_FALSE_READY;NO_EDIT;NO_OVERWRITE
2990	create_docx	followup	-	1	mujhe time management ka word chahiye r2990	CREATE:DOCX	NO_FALSE_READY;NO_EDIT;NO_OVERWRITE
2991	create_docx	hinglish	-	0	cyber security par word banao r2991	CREATE:DOCX	NO_FALSE_READY;NO_EDIT;NO_OVERWRITE
2992	create_docx	english	-	0	Create a word about mobile testing r2992	CREATE:DOCX	NO_FALSE_READY;NO_EDIT;NO_OVERWRITE
2993	create_docx	spelling	-	0	Git basics pr wrod bnao r2993	CREATE:DOCX	NO_FALSE_READY;NO_EDIT;NO_OVERWRITE
2994	create_docx	short	-	0	word API design banao r2994	CREATE:DOCX	NO_FALSE_READY;NO_EDIT;NO_OVERWRITE
2995	create_docx	long	-	0	Bhai mujhe SQL queries ke baare mein ek simple word bana do please r2995	CREATE:DOCX	NO_FALSE_READY;NO_EDIT;NO_OVERWRITE
2996	create_docx	reversed	-	0	Word Kotlin coroutines par banao r2996	CREATE:DOCX	NO_FALSE_READY;NO_EDIT;NO_OVERWRITE
2997	create_docx	nopunct	-	0	Excel formulas ke upar ek word tayar karo r2997	CREATE:DOCX	NO_FALSE_READY;NO_EDIT;NO_OVERWRITE
2998	create_docx	followup	-	1	mujhe presentation skills ka word chahiye r2998	CREATE:DOCX	NO_FALSE_READY;NO_EDIT;NO_OVERWRITE
2999	create_docx	hinglish	-	0	business ideas par word banao r2999	CREATE:DOCX	NO_FALSE_READY;NO_EDIT;NO_OVERWRITE
3000	create_docx	english	-	0	Create a word about product planning r3000	CREATE:DOCX	NO_FALSE_READY;NO_EDIT;NO_OVERWRITE
3001	create_xlsx	hinglish	-	0	AI basics par excel banao r3001	CREATE:XLSX	NO_FALSE_READY;NO_EDIT;NO_OVERWRITE
3002	create_xlsx	english	-	0	Create an excel sheet about solar energy r3002	CREATE:XLSX	NO_FALSE_READY;NO_EDIT;NO_OVERWRITE
3003	create_xlsx	spelling	-	0	water cycle pr excle bnao r3003	CREATE:XLSX	NO_FALSE_READY;NO_EDIT;NO_OVERWRITE
3004	create_xlsx	short	-	0	excel Indian history banao r3004	CREATE:XLSX	NO_FALSE_READY;NO_EDIT;NO_OVERWRITE
3005	create_xlsx	long	-	0	Bhai mujhe healthy diet ke baare mein ek simple excel bana do please r3005	CREATE:XLSX	NO_FALSE_READY;NO_EDIT;NO_OVERWRITE
3006	create_xlsx	reversed	-	0	Excel space travel par banao r3006	CREATE:XLSX	NO_FALSE_READY;NO_EDIT;NO_OVERWRITE
3007	create_xlsx	nopunct	-	0	football ke upar ek excel tayar karo r3007	CREATE:XLSX	NO_FALSE_READY;NO_EDIT;NO_OVERWRITE
3008	create_xlsx	followup	-	1	mujhe cricket ka excel chahiye r3008	CREATE:XLSX	NO_FALSE_READY;NO_EDIT;NO_OVERWRITE
3009	create_xlsx	hinglish	-	0	yoga par excel banao r3009	CREATE:XLSX	NO_FALSE_READY;NO_EDIT;NO_OVERWRITE
3010	create_xlsx	english	-	0	Create an excel sheet about photosynthesis r3010	CREATE:XLSX	NO_FALSE_READY;NO_EDIT;NO_OVERWRITE
3011	create_xlsx	spelling	-	0	electric cars pr excle bnao r3011	CREATE:XLSX	NO_FALSE_READY;NO_EDIT;NO_OVERWRITE
3012	create_xlsx	short	-	0	excel startup funding banao r3012	CREATE:XLSX	NO_FALSE_READY;NO_EDIT;NO_OVERWRITE
3013	create_xlsx	long	-	0	Bhai mujhe ocean life ke baare mein ek simple excel bana do please r3013	CREATE:XLSX	NO_FALSE_READY;NO_EDIT;NO_OVERWRITE
3014	create_xlsx	reversed	-	0	Excel chess par banao r3014	CREATE:XLSX	NO_FALSE_READY;NO_EDIT;NO_OVERWRITE
3015	create_xlsx	nopunct	-	0	monsoon ke upar ek excel tayar karo r3015	CREATE:XLSX	NO_FALSE_READY;NO_EDIT;NO_OVERWRITE
3016	create_xlsx	followup	-	1	mujhe Python basics ka excel chahiye r3016	CREATE:XLSX	NO_FALSE_READY;NO_EDIT;NO_OVERWRITE
3017	create_xlsx	hinglish	-	0	Android apps par excel banao r3017	CREATE:XLSX	NO_FALSE_READY;NO_EDIT;NO_OVERWRITE
3018	create_xlsx	english	-	0	Create an excel sheet about cloud computing r3018	CREATE:XLSX	NO_FALSE_READY;NO_EDIT;NO_OVERWRITE
3019	create_xlsx	spelling	-	0	data science pr excle bnao r3019	CREATE:XLSX	NO_FALSE_READY;NO_EDIT;NO_OVERWRITE
3020	create_xlsx	short	-	0	excel machine learning banao r3020	CREATE:XLSX	NO_FALSE_READY;NO_EDIT;NO_OVERWRITE
3021	create_xlsx	long	-	0	Bhai mujhe digital safety ke baare mein ek simple excel bana do please r3021	CREATE:XLSX	NO_FALSE_READY;NO_EDIT;NO_OVERWRITE
3022	create_xlsx	reversed	-	0	Excel renewable power par banao r3022	CREATE:XLSX	NO_FALSE_READY;NO_EDIT;NO_OVERWRITE
3023	create_xlsx	nopunct	-	0	internet history ke upar ek excel tayar karo r3023	CREATE:XLSX	NO_FALSE_READY;NO_EDIT;NO_OVERWRITE
3024	create_xlsx	followup	-	1	mujhe database design ka excel chahiye r3024	CREATE:XLSX	NO_FALSE_READY;NO_EDIT;NO_OVERWRITE
3025	create_xlsx	hinglish	-	0	home budgeting par excel banao r3025	CREATE:XLSX	NO_FALSE_READY;NO_EDIT;NO_OVERWRITE
3026	create_xlsx	english	-	0	Create an excel sheet about study planning r3026	CREATE:XLSX	NO_FALSE_READY;NO_EDIT;NO_OVERWRITE
3027	create_xlsx	spelling	-	0	road travel pr excle bnao r3027	CREATE:XLSX	NO_FALSE_READY;NO_EDIT;NO_OVERWRITE
3028	create_xlsx	short	-	0	excel smart homes banao r3028	CREATE:XLSX	NO_FALSE_READY;NO_EDIT;NO_OVERWRITE
3029	create_xlsx	long	-	0	Bhai mujhe music history ke baare mein ek simple excel bana do please r3029	CREATE:XLSX	NO_FALSE_READY;NO_EDIT;NO_OVERWRITE
3030	create_xlsx	reversed	-	0	Excel gardening par banao r3030	CREATE:XLSX	NO_FALSE_READY;NO_EDIT;NO_OVERWRITE
3031	create_xlsx	nopunct	-	0	personal finance ke upar ek excel tayar karo r3031	CREATE:XLSX	NO_FALSE_READY;NO_EDIT;NO_OVERWRITE
3032	create_xlsx	followup	-	1	mujhe web development ka excel chahiye r3032	CREATE:XLSX	NO_FALSE_READY;NO_EDIT;NO_OVERWRITE
3033	create_xlsx	hinglish	-	0	robotics par excel banao r3033	CREATE:XLSX	NO_FALSE_READY;NO_EDIT;NO_OVERWRITE
3034	create_xlsx	english	-	0	Create an excel sheet about climate change r3034	CREATE:XLSX	NO_FALSE_READY;NO_EDIT;NO_OVERWRITE
3035	create_xlsx	spelling	-	0	nutrition pr excle bnao r3035	CREATE:XLSX	NO_FALSE_READY;NO_EDIT;NO_OVERWRITE
3036	create_xlsx	short	-	0	excel geometry banao r3036	CREATE:XLSX	NO_FALSE_READY;NO_EDIT;NO_OVERWRITE
3037	create_xlsx	long	-	0	Bhai mujhe probability ke baare mein ek simple excel bana do please r3037	CREATE:XLSX	NO_FALSE_READY;NO_EDIT;NO_OVERWRITE
3038	create_xlsx	reversed	-	0	Excel public speaking par banao r3038	CREATE:XLSX	NO_FALSE_READY;NO_EDIT;NO_OVERWRITE
3039	create_xlsx	nopunct	-	0	photography ke upar ek excel tayar karo r3039	CREATE:XLSX	NO_FALSE_READY;NO_EDIT;NO_OVERWRITE
3040	create_xlsx	followup	-	1	mujhe time management ka excel chahiye r3040	CREATE:XLSX	NO_FALSE_READY;NO_EDIT;NO_OVERWRITE
3041	create_xlsx	hinglish	-	0	cyber security par excel banao r3041	CREATE:XLSX	NO_FALSE_READY;NO_EDIT;NO_OVERWRITE
3042	create_xlsx	english	-	0	Create an excel sheet about mobile testing r3042	CREATE:XLSX	NO_FALSE_READY;NO_EDIT;NO_OVERWRITE
3043	create_xlsx	spelling	-	0	Git basics pr excle bnao r3043	CREATE:XLSX	NO_FALSE_READY;NO_EDIT;NO_OVERWRITE
3044	create_xlsx	short	-	0	excel API design banao r3044	CREATE:XLSX	NO_FALSE_READY;NO_EDIT;NO_OVERWRITE
3045	create_xlsx	long	-	0	Bhai mujhe SQL queries ke baare mein ek simple excel bana do please r3045	CREATE:XLSX	NO_FALSE_READY;NO_EDIT;NO_OVERWRITE
3046	create_xlsx	reversed	-	0	Excel Kotlin coroutines par banao r3046	CREATE:XLSX	NO_FALSE_READY;NO_EDIT;NO_OVERWRITE
3047	create_xlsx	nopunct	-	0	Excel formulas ke upar ek excel tayar karo r3047	CREATE:XLSX	NO_FALSE_READY;NO_EDIT;NO_OVERWRITE
3048	create_xlsx	followup	-	1	mujhe presentation skills ka excel chahiye r3048	CREATE:XLSX	NO_FALSE_READY;NO_EDIT;NO_OVERWRITE
3049	create_xlsx	hinglish	-	0	business ideas par excel banao r3049	CREATE:XLSX	NO_FALSE_READY;NO_EDIT;NO_OVERWRITE
3050	create_xlsx	english	-	0	Create an excel sheet about product planning r3050	CREATE:XLSX	NO_FALSE_READY;NO_EDIT;NO_OVERWRITE
3051	create_xlsx	spelling	-	0	AI basics pr excle bnao r3051	CREATE:XLSX	NO_FALSE_READY;NO_EDIT;NO_OVERWRITE
3052	create_xlsx	short	-	0	excel solar energy banao r3052	CREATE:XLSX	NO_FALSE_READY;NO_EDIT;NO_OVERWRITE
3053	create_xlsx	long	-	0	Bhai mujhe water cycle ke baare mein ek simple excel bana do please r3053	CREATE:XLSX	NO_FALSE_READY;NO_EDIT;NO_OVERWRITE
3054	create_xlsx	reversed	-	0	Excel Indian history par banao r3054	CREATE:XLSX	NO_FALSE_READY;NO_EDIT;NO_OVERWRITE
3055	create_xlsx	nopunct	-	0	healthy diet ke upar ek excel tayar karo r3055	CREATE:XLSX	NO_FALSE_READY;NO_EDIT;NO_OVERWRITE
3056	create_xlsx	followup	-	1	mujhe space travel ka excel chahiye r3056	CREATE:XLSX	NO_FALSE_READY;NO_EDIT;NO_OVERWRITE
3057	create_xlsx	hinglish	-	0	football par excel banao r3057	CREATE:XLSX	NO_FALSE_READY;NO_EDIT;NO_OVERWRITE
3058	create_xlsx	english	-	0	Create an excel sheet about cricket r3058	CREATE:XLSX	NO_FALSE_READY;NO_EDIT;NO_OVERWRITE
3059	create_xlsx	spelling	-	0	yoga pr excle bnao r3059	CREATE:XLSX	NO_FALSE_READY;NO_EDIT;NO_OVERWRITE
3060	create_xlsx	short	-	0	excel photosynthesis banao r3060	CREATE:XLSX	NO_FALSE_READY;NO_EDIT;NO_OVERWRITE
3061	create_xlsx	long	-	0	Bhai mujhe electric cars ke baare mein ek simple excel bana do please r3061	CREATE:XLSX	NO_FALSE_READY;NO_EDIT;NO_OVERWRITE
3062	create_xlsx	reversed	-	0	Excel startup funding par banao r3062	CREATE:XLSX	NO_FALSE_READY;NO_EDIT;NO_OVERWRITE
3063	create_xlsx	nopunct	-	0	ocean life ke upar ek excel tayar karo r3063	CREATE:XLSX	NO_FALSE_READY;NO_EDIT;NO_OVERWRITE
3064	create_xlsx	followup	-	1	mujhe chess ka excel chahiye r3064	CREATE:XLSX	NO_FALSE_READY;NO_EDIT;NO_OVERWRITE
3065	create_xlsx	hinglish	-	0	monsoon par excel banao r3065	CREATE:XLSX	NO_FALSE_READY;NO_EDIT;NO_OVERWRITE
3066	create_xlsx	english	-	0	Create an excel sheet about Python basics r3066	CREATE:XLSX	NO_FALSE_READY;NO_EDIT;NO_OVERWRITE
3067	create_xlsx	spelling	-	0	Android apps pr excle bnao r3067	CREATE:XLSX	NO_FALSE_READY;NO_EDIT;NO_OVERWRITE
3068	create_xlsx	short	-	0	excel cloud computing banao r3068	CREATE:XLSX	NO_FALSE_READY;NO_EDIT;NO_OVERWRITE
3069	create_xlsx	long	-	0	Bhai mujhe data science ke baare mein ek simple excel bana do please r3069	CREATE:XLSX	NO_FALSE_READY;NO_EDIT;NO_OVERWRITE
3070	create_xlsx	reversed	-	0	Excel machine learning par banao r3070	CREATE:XLSX	NO_FALSE_READY;NO_EDIT;NO_OVERWRITE
3071	create_xlsx	nopunct	-	0	digital safety ke upar ek excel tayar karo r3071	CREATE:XLSX	NO_FALSE_READY;NO_EDIT;NO_OVERWRITE
3072	create_xlsx	followup	-	1	mujhe renewable power ka excel chahiye r3072	CREATE:XLSX	NO_FALSE_READY;NO_EDIT;NO_OVERWRITE
3073	create_xlsx	hinglish	-	0	internet history par excel banao r3073	CREATE:XLSX	NO_FALSE_READY;NO_EDIT;NO_OVERWRITE
3074	create_xlsx	english	-	0	Create an excel sheet about database design r3074	CREATE:XLSX	NO_FALSE_READY;NO_EDIT;NO_OVERWRITE
3075	create_xlsx	spelling	-	0	home budgeting pr excle bnao r3075	CREATE:XLSX	NO_FALSE_READY;NO_EDIT;NO_OVERWRITE
3076	create_xlsx	short	-	0	excel study planning banao r3076	CREATE:XLSX	NO_FALSE_READY;NO_EDIT;NO_OVERWRITE
3077	create_xlsx	long	-	0	Bhai mujhe road travel ke baare mein ek simple excel bana do please r3077	CREATE:XLSX	NO_FALSE_READY;NO_EDIT;NO_OVERWRITE
3078	create_xlsx	reversed	-	0	Excel smart homes par banao r3078	CREATE:XLSX	NO_FALSE_READY;NO_EDIT;NO_OVERWRITE
3079	create_xlsx	nopunct	-	0	music history ke upar ek excel tayar karo r3079	CREATE:XLSX	NO_FALSE_READY;NO_EDIT;NO_OVERWRITE
3080	create_xlsx	followup	-	1	mujhe gardening ka excel chahiye r3080	CREATE:XLSX	NO_FALSE_READY;NO_EDIT;NO_OVERWRITE
3081	create_xlsx	hinglish	-	0	personal finance par excel banao r3081	CREATE:XLSX	NO_FALSE_READY;NO_EDIT;NO_OVERWRITE
3082	create_xlsx	english	-	0	Create an excel sheet about web development r3082	CREATE:XLSX	NO_FALSE_READY;NO_EDIT;NO_OVERWRITE
3083	create_xlsx	spelling	-	0	robotics pr excle bnao r3083	CREATE:XLSX	NO_FALSE_READY;NO_EDIT;NO_OVERWRITE
3084	create_xlsx	short	-	0	excel climate change banao r3084	CREATE:XLSX	NO_FALSE_READY;NO_EDIT;NO_OVERWRITE
3085	create_xlsx	long	-	0	Bhai mujhe nutrition ke baare mein ek simple excel bana do please r3085	CREATE:XLSX	NO_FALSE_READY;NO_EDIT;NO_OVERWRITE
3086	create_xlsx	reversed	-	0	Excel geometry par banao r3086	CREATE:XLSX	NO_FALSE_READY;NO_EDIT;NO_OVERWRITE
3087	create_xlsx	nopunct	-	0	probability ke upar ek excel tayar karo r3087	CREATE:XLSX	NO_FALSE_READY;NO_EDIT;NO_OVERWRITE
3088	create_xlsx	followup	-	1	mujhe public speaking ka excel chahiye r3088	CREATE:XLSX	NO_FALSE_READY;NO_EDIT;NO_OVERWRITE
3089	create_xlsx	hinglish	-	0	photography par excel banao r3089	CREATE:XLSX	NO_FALSE_READY;NO_EDIT;NO_OVERWRITE
3090	create_xlsx	english	-	0	Create an excel sheet about time management r3090	CREATE:XLSX	NO_FALSE_READY;NO_EDIT;NO_OVERWRITE
3091	create_xlsx	spelling	-	0	cyber security pr excle bnao r3091	CREATE:XLSX	NO_FALSE_READY;NO_EDIT;NO_OVERWRITE
3092	create_xlsx	short	-	0	excel mobile testing banao r3092	CREATE:XLSX	NO_FALSE_READY;NO_EDIT;NO_OVERWRITE
3093	create_xlsx	long	-	0	Bhai mujhe Git basics ke baare mein ek simple excel bana do please r3093	CREATE:XLSX	NO_FALSE_READY;NO_EDIT;NO_OVERWRITE
3094	create_xlsx	reversed	-	0	Excel API design par banao r3094	CREATE:XLSX	NO_FALSE_READY;NO_EDIT;NO_OVERWRITE
3095	create_xlsx	nopunct	-	0	SQL queries ke upar ek excel tayar karo r3095	CREATE:XLSX	NO_FALSE_READY;NO_EDIT;NO_OVERWRITE
3096	create_xlsx	followup	-	1	mujhe Kotlin coroutines ka excel chahiye r3096	CREATE:XLSX	NO_FALSE_READY;NO_EDIT;NO_OVERWRITE
3097	create_xlsx	hinglish	-	0	Excel formulas par excel banao r3097	CREATE:XLSX	NO_FALSE_READY;NO_EDIT;NO_OVERWRITE
3098	create_xlsx	english	-	0	Create an excel sheet about presentation skills r3098	CREATE:XLSX	NO_FALSE_READY;NO_EDIT;NO_OVERWRITE
3099	create_xlsx	spelling	-	0	business ideas pr excle bnao r3099	CREATE:XLSX	NO_FALSE_READY;NO_EDIT;NO_OVERWRITE
3100	create_xlsx	short	-	0	excel product planning banao r3100	CREATE:XLSX	NO_FALSE_READY;NO_EDIT;NO_OVERWRITE
3101	create_xlsx	long	-	0	Bhai mujhe AI basics ke baare mein ek simple excel bana do please r3101	CREATE:XLSX	NO_FALSE_READY;NO_EDIT;NO_OVERWRITE
3102	create_xlsx	reversed	-	0	Excel solar energy par banao r3102	CREATE:XLSX	NO_FALSE_READY;NO_EDIT;NO_OVERWRITE
3103	create_xlsx	nopunct	-	0	water cycle ke upar ek excel tayar karo r3103	CREATE:XLSX	NO_FALSE_READY;NO_EDIT;NO_OVERWRITE
3104	create_xlsx	followup	-	1	mujhe Indian history ka excel chahiye r3104	CREATE:XLSX	NO_FALSE_READY;NO_EDIT;NO_OVERWRITE
3105	create_xlsx	hinglish	-	0	healthy diet par excel banao r3105	CREATE:XLSX	NO_FALSE_READY;NO_EDIT;NO_OVERWRITE
3106	create_xlsx	english	-	0	Create an excel sheet about space travel r3106	CREATE:XLSX	NO_FALSE_READY;NO_EDIT;NO_OVERWRITE
3107	create_xlsx	spelling	-	0	football pr excle bnao r3107	CREATE:XLSX	NO_FALSE_READY;NO_EDIT;NO_OVERWRITE
3108	create_xlsx	short	-	0	excel cricket banao r3108	CREATE:XLSX	NO_FALSE_READY;NO_EDIT;NO_OVERWRITE
3109	create_xlsx	long	-	0	Bhai mujhe yoga ke baare mein ek simple excel bana do please r3109	CREATE:XLSX	NO_FALSE_READY;NO_EDIT;NO_OVERWRITE
3110	create_xlsx	reversed	-	0	Excel photosynthesis par banao r3110	CREATE:XLSX	NO_FALSE_READY;NO_EDIT;NO_OVERWRITE
3111	create_xlsx	nopunct	-	0	electric cars ke upar ek excel tayar karo r3111	CREATE:XLSX	NO_FALSE_READY;NO_EDIT;NO_OVERWRITE
3112	create_xlsx	followup	-	1	mujhe startup funding ka excel chahiye r3112	CREATE:XLSX	NO_FALSE_READY;NO_EDIT;NO_OVERWRITE
3113	create_xlsx	hinglish	-	0	ocean life par excel banao r3113	CREATE:XLSX	NO_FALSE_READY;NO_EDIT;NO_OVERWRITE
3114	create_xlsx	english	-	0	Create an excel sheet about chess r3114	CREATE:XLSX	NO_FALSE_READY;NO_EDIT;NO_OVERWRITE
3115	create_xlsx	spelling	-	0	monsoon pr excle bnao r3115	CREATE:XLSX	NO_FALSE_READY;NO_EDIT;NO_OVERWRITE
3116	create_xlsx	short	-	0	excel Python basics banao r3116	CREATE:XLSX	NO_FALSE_READY;NO_EDIT;NO_OVERWRITE
3117	create_xlsx	long	-	0	Bhai mujhe Android apps ke baare mein ek simple excel bana do please r3117	CREATE:XLSX	NO_FALSE_READY;NO_EDIT;NO_OVERWRITE
3118	create_xlsx	reversed	-	0	Excel cloud computing par banao r3118	CREATE:XLSX	NO_FALSE_READY;NO_EDIT;NO_OVERWRITE
3119	create_xlsx	nopunct	-	0	data science ke upar ek excel tayar karo r3119	CREATE:XLSX	NO_FALSE_READY;NO_EDIT;NO_OVERWRITE
3120	create_xlsx	followup	-	1	mujhe machine learning ka excel chahiye r3120	CREATE:XLSX	NO_FALSE_READY;NO_EDIT;NO_OVERWRITE
3121	create_xlsx	hinglish	-	0	digital safety par excel banao r3121	CREATE:XLSX	NO_FALSE_READY;NO_EDIT;NO_OVERWRITE
3122	create_xlsx	english	-	0	Create an excel sheet about renewable power r3122	CREATE:XLSX	NO_FALSE_READY;NO_EDIT;NO_OVERWRITE
3123	create_xlsx	spelling	-	0	internet history pr excle bnao r3123	CREATE:XLSX	NO_FALSE_READY;NO_EDIT;NO_OVERWRITE
3124	create_xlsx	short	-	0	excel database design banao r3124	CREATE:XLSX	NO_FALSE_READY;NO_EDIT;NO_OVERWRITE
3125	create_xlsx	long	-	0	Bhai mujhe home budgeting ke baare mein ek simple excel bana do please r3125	CREATE:XLSX	NO_FALSE_READY;NO_EDIT;NO_OVERWRITE
3126	create_xlsx	reversed	-	0	Excel study planning par banao r3126	CREATE:XLSX	NO_FALSE_READY;NO_EDIT;NO_OVERWRITE
3127	create_xlsx	nopunct	-	0	road travel ke upar ek excel tayar karo r3127	CREATE:XLSX	NO_FALSE_READY;NO_EDIT;NO_OVERWRITE
3128	create_xlsx	followup	-	1	mujhe smart homes ka excel chahiye r3128	CREATE:XLSX	NO_FALSE_READY;NO_EDIT;NO_OVERWRITE
3129	create_xlsx	hinglish	-	0	music history par excel banao r3129	CREATE:XLSX	NO_FALSE_READY;NO_EDIT;NO_OVERWRITE
3130	create_xlsx	english	-	0	Create an excel sheet about gardening r3130	CREATE:XLSX	NO_FALSE_READY;NO_EDIT;NO_OVERWRITE
3131	create_xlsx	spelling	-	0	personal finance pr excle bnao r3131	CREATE:XLSX	NO_FALSE_READY;NO_EDIT;NO_OVERWRITE
3132	create_xlsx	short	-	0	excel web development banao r3132	CREATE:XLSX	NO_FALSE_READY;NO_EDIT;NO_OVERWRITE
3133	create_xlsx	long	-	0	Bhai mujhe robotics ke baare mein ek simple excel bana do please r3133	CREATE:XLSX	NO_FALSE_READY;NO_EDIT;NO_OVERWRITE
3134	create_xlsx	reversed	-	0	Excel climate change par banao r3134	CREATE:XLSX	NO_FALSE_READY;NO_EDIT;NO_OVERWRITE
3135	create_xlsx	nopunct	-	0	nutrition ke upar ek excel tayar karo r3135	CREATE:XLSX	NO_FALSE_READY;NO_EDIT;NO_OVERWRITE
3136	create_xlsx	followup	-	1	mujhe geometry ka excel chahiye r3136	CREATE:XLSX	NO_FALSE_READY;NO_EDIT;NO_OVERWRITE
3137	create_xlsx	hinglish	-	0	probability par excel banao r3137	CREATE:XLSX	NO_FALSE_READY;NO_EDIT;NO_OVERWRITE
3138	create_xlsx	english	-	0	Create an excel sheet about public speaking r3138	CREATE:XLSX	NO_FALSE_READY;NO_EDIT;NO_OVERWRITE
3139	create_xlsx	spelling	-	0	photography pr excle bnao r3139	CREATE:XLSX	NO_FALSE_READY;NO_EDIT;NO_OVERWRITE
3140	create_xlsx	short	-	0	excel time management banao r3140	CREATE:XLSX	NO_FALSE_READY;NO_EDIT;NO_OVERWRITE
3141	create_xlsx	long	-	0	Bhai mujhe cyber security ke baare mein ek simple excel bana do please r3141	CREATE:XLSX	NO_FALSE_READY;NO_EDIT;NO_OVERWRITE
3142	create_xlsx	reversed	-	0	Excel mobile testing par banao r3142	CREATE:XLSX	NO_FALSE_READY;NO_EDIT;NO_OVERWRITE
3143	create_xlsx	nopunct	-	0	Git basics ke upar ek excel tayar karo r3143	CREATE:XLSX	NO_FALSE_READY;NO_EDIT;NO_OVERWRITE
3144	create_xlsx	followup	-	1	mujhe API design ka excel chahiye r3144	CREATE:XLSX	NO_FALSE_READY;NO_EDIT;NO_OVERWRITE
3145	create_xlsx	hinglish	-	0	SQL queries par excel banao r3145	CREATE:XLSX	NO_FALSE_READY;NO_EDIT;NO_OVERWRITE
3146	create_xlsx	english	-	0	Create an excel sheet about Kotlin coroutines r3146	CREATE:XLSX	NO_FALSE_READY;NO_EDIT;NO_OVERWRITE
3147	create_xlsx	spelling	-	0	Excel formulas pr excle bnao r3147	CREATE:XLSX	NO_FALSE_READY;NO_EDIT;NO_OVERWRITE
3148	create_xlsx	short	-	0	excel presentation skills banao r3148	CREATE:XLSX	NO_FALSE_READY;NO_EDIT;NO_OVERWRITE
3149	create_xlsx	long	-	0	Bhai mujhe business ideas ke baare mein ek simple excel bana do please r3149	CREATE:XLSX	NO_FALSE_READY;NO_EDIT;NO_OVERWRITE
3150	create_xlsx	reversed	-	0	Excel product planning par banao r3150	CREATE:XLSX	NO_FALSE_READY;NO_EDIT;NO_OVERWRITE
3151	create_xlsx	nopunct	-	0	AI basics ke upar ek excel tayar karo r3151	CREATE:XLSX	NO_FALSE_READY;NO_EDIT;NO_OVERWRITE
3152	create_xlsx	followup	-	1	mujhe solar energy ka excel chahiye r3152	CREATE:XLSX	NO_FALSE_READY;NO_EDIT;NO_OVERWRITE
3153	create_xlsx	hinglish	-	0	water cycle par excel banao r3153	CREATE:XLSX	NO_FALSE_READY;NO_EDIT;NO_OVERWRITE
3154	create_xlsx	english	-	0	Create an excel sheet about Indian history r3154	CREATE:XLSX	NO_FALSE_READY;NO_EDIT;NO_OVERWRITE
3155	create_xlsx	spelling	-	0	healthy diet pr excle bnao r3155	CREATE:XLSX	NO_FALSE_READY;NO_EDIT;NO_OVERWRITE
3156	create_xlsx	short	-	0	excel space travel banao r3156	CREATE:XLSX	NO_FALSE_READY;NO_EDIT;NO_OVERWRITE
3157	create_xlsx	long	-	0	Bhai mujhe football ke baare mein ek simple excel bana do please r3157	CREATE:XLSX	NO_FALSE_READY;NO_EDIT;NO_OVERWRITE
3158	create_xlsx	reversed	-	0	Excel cricket par banao r3158	CREATE:XLSX	NO_FALSE_READY;NO_EDIT;NO_OVERWRITE
3159	create_xlsx	nopunct	-	0	yoga ke upar ek excel tayar karo r3159	CREATE:XLSX	NO_FALSE_READY;NO_EDIT;NO_OVERWRITE
3160	create_xlsx	followup	-	1	mujhe photosynthesis ka excel chahiye r3160	CREATE:XLSX	NO_FALSE_READY;NO_EDIT;NO_OVERWRITE
3161	create_xlsx	hinglish	-	0	electric cars par excel banao r3161	CREATE:XLSX	NO_FALSE_READY;NO_EDIT;NO_OVERWRITE
3162	create_xlsx	english	-	0	Create an excel sheet about startup funding r3162	CREATE:XLSX	NO_FALSE_READY;NO_EDIT;NO_OVERWRITE
3163	create_xlsx	spelling	-	0	ocean life pr excle bnao r3163	CREATE:XLSX	NO_FALSE_READY;NO_EDIT;NO_OVERWRITE
3164	create_xlsx	short	-	0	excel chess banao r3164	CREATE:XLSX	NO_FALSE_READY;NO_EDIT;NO_OVERWRITE
3165	create_xlsx	long	-	0	Bhai mujhe monsoon ke baare mein ek simple excel bana do please r3165	CREATE:XLSX	NO_FALSE_READY;NO_EDIT;NO_OVERWRITE
3166	create_xlsx	reversed	-	0	Excel Python basics par banao r3166	CREATE:XLSX	NO_FALSE_READY;NO_EDIT;NO_OVERWRITE
3167	create_xlsx	nopunct	-	0	Android apps ke upar ek excel tayar karo r3167	CREATE:XLSX	NO_FALSE_READY;NO_EDIT;NO_OVERWRITE
3168	create_xlsx	followup	-	1	mujhe cloud computing ka excel chahiye r3168	CREATE:XLSX	NO_FALSE_READY;NO_EDIT;NO_OVERWRITE
3169	create_xlsx	hinglish	-	0	data science par excel banao r3169	CREATE:XLSX	NO_FALSE_READY;NO_EDIT;NO_OVERWRITE
3170	create_xlsx	english	-	0	Create an excel sheet about machine learning r3170	CREATE:XLSX	NO_FALSE_READY;NO_EDIT;NO_OVERWRITE
3171	create_xlsx	spelling	-	0	digital safety pr excle bnao r3171	CREATE:XLSX	NO_FALSE_READY;NO_EDIT;NO_OVERWRITE
3172	create_xlsx	short	-	0	excel renewable power banao r3172	CREATE:XLSX	NO_FALSE_READY;NO_EDIT;NO_OVERWRITE
3173	create_xlsx	long	-	0	Bhai mujhe internet history ke baare mein ek simple excel bana do please r3173	CREATE:XLSX	NO_FALSE_READY;NO_EDIT;NO_OVERWRITE
3174	create_xlsx	reversed	-	0	Excel database design par banao r3174	CREATE:XLSX	NO_FALSE_READY;NO_EDIT;NO_OVERWRITE
3175	create_xlsx	nopunct	-	0	home budgeting ke upar ek excel tayar karo r3175	CREATE:XLSX	NO_FALSE_READY;NO_EDIT;NO_OVERWRITE
3176	create_xlsx	followup	-	1	mujhe study planning ka excel chahiye r3176	CREATE:XLSX	NO_FALSE_READY;NO_EDIT;NO_OVERWRITE
3177	create_xlsx	hinglish	-	0	road travel par excel banao r3177	CREATE:XLSX	NO_FALSE_READY;NO_EDIT;NO_OVERWRITE
3178	create_xlsx	english	-	0	Create an excel sheet about smart homes r3178	CREATE:XLSX	NO_FALSE_READY;NO_EDIT;NO_OVERWRITE
3179	create_xlsx	spelling	-	0	music history pr excle bnao r3179	CREATE:XLSX	NO_FALSE_READY;NO_EDIT;NO_OVERWRITE
3180	create_xlsx	short	-	0	excel gardening banao r3180	CREATE:XLSX	NO_FALSE_READY;NO_EDIT;NO_OVERWRITE
3181	create_xlsx	long	-	0	Bhai mujhe personal finance ke baare mein ek simple excel bana do please r3181	CREATE:XLSX	NO_FALSE_READY;NO_EDIT;NO_OVERWRITE
3182	create_xlsx	reversed	-	0	Excel web development par banao r3182	CREATE:XLSX	NO_FALSE_READY;NO_EDIT;NO_OVERWRITE
3183	create_xlsx	nopunct	-	0	robotics ke upar ek excel tayar karo r3183	CREATE:XLSX	NO_FALSE_READY;NO_EDIT;NO_OVERWRITE
3184	create_xlsx	followup	-	1	mujhe climate change ka excel chahiye r3184	CREATE:XLSX	NO_FALSE_READY;NO_EDIT;NO_OVERWRITE
3185	create_xlsx	hinglish	-	0	nutrition par excel banao r3185	CREATE:XLSX	NO_FALSE_READY;NO_EDIT;NO_OVERWRITE
3186	create_xlsx	english	-	0	Create an excel sheet about geometry r3186	CREATE:XLSX	NO_FALSE_READY;NO_EDIT;NO_OVERWRITE
3187	create_xlsx	spelling	-	0	probability pr excle bnao r3187	CREATE:XLSX	NO_FALSE_READY;NO_EDIT;NO_OVERWRITE
3188	create_xlsx	short	-	0	excel public speaking banao r3188	CREATE:XLSX	NO_FALSE_READY;NO_EDIT;NO_OVERWRITE
3189	create_xlsx	long	-	0	Bhai mujhe photography ke baare mein ek simple excel bana do please r3189	CREATE:XLSX	NO_FALSE_READY;NO_EDIT;NO_OVERWRITE
3190	create_xlsx	reversed	-	0	Excel time management par banao r3190	CREATE:XLSX	NO_FALSE_READY;NO_EDIT;NO_OVERWRITE
3191	create_xlsx	nopunct	-	0	cyber security ke upar ek excel tayar karo r3191	CREATE:XLSX	NO_FALSE_READY;NO_EDIT;NO_OVERWRITE
3192	create_xlsx	followup	-	1	mujhe mobile testing ka excel chahiye r3192	CREATE:XLSX	NO_FALSE_READY;NO_EDIT;NO_OVERWRITE
3193	create_xlsx	hinglish	-	0	Git basics par excel banao r3193	CREATE:XLSX	NO_FALSE_READY;NO_EDIT;NO_OVERWRITE
3194	create_xlsx	english	-	0	Create an excel sheet about API design r3194	CREATE:XLSX	NO_FALSE_READY;NO_EDIT;NO_OVERWRITE
3195	create_xlsx	spelling	-	0	SQL queries pr excle bnao r3195	CREATE:XLSX	NO_FALSE_READY;NO_EDIT;NO_OVERWRITE
3196	create_xlsx	short	-	0	excel Kotlin coroutines banao r3196	CREATE:XLSX	NO_FALSE_READY;NO_EDIT;NO_OVERWRITE
3197	create_xlsx	long	-	0	Bhai mujhe Excel formulas ke baare mein ek simple excel bana do please r3197	CREATE:XLSX	NO_FALSE_READY;NO_EDIT;NO_OVERWRITE
3198	create_xlsx	reversed	-	0	Excel presentation skills par banao r3198	CREATE:XLSX	NO_FALSE_READY;NO_EDIT;NO_OVERWRITE
3199	create_xlsx	nopunct	-	0	business ideas ke upar ek excel tayar karo r3199	CREATE:XLSX	NO_FALSE_READY;NO_EDIT;NO_OVERWRITE
3200	create_xlsx	followup	-	1	mujhe product planning ka excel chahiye r3200	CREATE:XLSX	NO_FALSE_READY;NO_EDIT;NO_OVERWRITE
3201	create_xlsx	hinglish	-	0	AI basics par excel banao r3201	CREATE:XLSX	NO_FALSE_READY;NO_EDIT;NO_OVERWRITE
3202	create_xlsx	english	-	0	Create an excel sheet about solar energy r3202	CREATE:XLSX	NO_FALSE_READY;NO_EDIT;NO_OVERWRITE
3203	create_xlsx	spelling	-	0	water cycle pr excle bnao r3203	CREATE:XLSX	NO_FALSE_READY;NO_EDIT;NO_OVERWRITE
3204	create_xlsx	short	-	0	excel Indian history banao r3204	CREATE:XLSX	NO_FALSE_READY;NO_EDIT;NO_OVERWRITE
3205	create_xlsx	long	-	0	Bhai mujhe healthy diet ke baare mein ek simple excel bana do please r3205	CREATE:XLSX	NO_FALSE_READY;NO_EDIT;NO_OVERWRITE
3206	create_xlsx	reversed	-	0	Excel space travel par banao r3206	CREATE:XLSX	NO_FALSE_READY;NO_EDIT;NO_OVERWRITE
3207	create_xlsx	nopunct	-	0	football ke upar ek excel tayar karo r3207	CREATE:XLSX	NO_FALSE_READY;NO_EDIT;NO_OVERWRITE
3208	create_xlsx	followup	-	1	mujhe cricket ka excel chahiye r3208	CREATE:XLSX	NO_FALSE_READY;NO_EDIT;NO_OVERWRITE
3209	create_xlsx	hinglish	-	0	yoga par excel banao r3209	CREATE:XLSX	NO_FALSE_READY;NO_EDIT;NO_OVERWRITE
3210	create_xlsx	english	-	0	Create an excel sheet about photosynthesis r3210	CREATE:XLSX	NO_FALSE_READY;NO_EDIT;NO_OVERWRITE
3211	create_xlsx	spelling	-	0	electric cars pr excle bnao r3211	CREATE:XLSX	NO_FALSE_READY;NO_EDIT;NO_OVERWRITE
3212	create_xlsx	short	-	0	excel startup funding banao r3212	CREATE:XLSX	NO_FALSE_READY;NO_EDIT;NO_OVERWRITE
3213	create_xlsx	long	-	0	Bhai mujhe ocean life ke baare mein ek simple excel bana do please r3213	CREATE:XLSX	NO_FALSE_READY;NO_EDIT;NO_OVERWRITE
3214	create_xlsx	reversed	-	0	Excel chess par banao r3214	CREATE:XLSX	NO_FALSE_READY;NO_EDIT;NO_OVERWRITE
3215	create_xlsx	nopunct	-	0	monsoon ke upar ek excel tayar karo r3215	CREATE:XLSX	NO_FALSE_READY;NO_EDIT;NO_OVERWRITE
3216	create_xlsx	followup	-	1	mujhe Python basics ka excel chahiye r3216	CREATE:XLSX	NO_FALSE_READY;NO_EDIT;NO_OVERWRITE
3217	create_xlsx	hinglish	-	0	Android apps par excel banao r3217	CREATE:XLSX	NO_FALSE_READY;NO_EDIT;NO_OVERWRITE
3218	create_xlsx	english	-	0	Create an excel sheet about cloud computing r3218	CREATE:XLSX	NO_FALSE_READY;NO_EDIT;NO_OVERWRITE
3219	create_xlsx	spelling	-	0	data science pr excle bnao r3219	CREATE:XLSX	NO_FALSE_READY;NO_EDIT;NO_OVERWRITE
3220	create_xlsx	short	-	0	excel machine learning banao r3220	CREATE:XLSX	NO_FALSE_READY;NO_EDIT;NO_OVERWRITE
3221	create_xlsx	long	-	0	Bhai mujhe digital safety ke baare mein ek simple excel bana do please r3221	CREATE:XLSX	NO_FALSE_READY;NO_EDIT;NO_OVERWRITE
3222	create_xlsx	reversed	-	0	Excel renewable power par banao r3222	CREATE:XLSX	NO_FALSE_READY;NO_EDIT;NO_OVERWRITE
3223	create_xlsx	nopunct	-	0	internet history ke upar ek excel tayar karo r3223	CREATE:XLSX	NO_FALSE_READY;NO_EDIT;NO_OVERWRITE
3224	create_xlsx	followup	-	1	mujhe database design ka excel chahiye r3224	CREATE:XLSX	NO_FALSE_READY;NO_EDIT;NO_OVERWRITE
3225	create_xlsx	hinglish	-	0	home budgeting par excel banao r3225	CREATE:XLSX	NO_FALSE_READY;NO_EDIT;NO_OVERWRITE
3226	create_xlsx	english	-	0	Create an excel sheet about study planning r3226	CREATE:XLSX	NO_FALSE_READY;NO_EDIT;NO_OVERWRITE
3227	create_xlsx	spelling	-	0	road travel pr excle bnao r3227	CREATE:XLSX	NO_FALSE_READY;NO_EDIT;NO_OVERWRITE
3228	create_xlsx	short	-	0	excel smart homes banao r3228	CREATE:XLSX	NO_FALSE_READY;NO_EDIT;NO_OVERWRITE
3229	create_xlsx	long	-	0	Bhai mujhe music history ke baare mein ek simple excel bana do please r3229	CREATE:XLSX	NO_FALSE_READY;NO_EDIT;NO_OVERWRITE
3230	create_xlsx	reversed	-	0	Excel gardening par banao r3230	CREATE:XLSX	NO_FALSE_READY;NO_EDIT;NO_OVERWRITE
3231	create_xlsx	nopunct	-	0	personal finance ke upar ek excel tayar karo r3231	CREATE:XLSX	NO_FALSE_READY;NO_EDIT;NO_OVERWRITE
3232	create_xlsx	followup	-	1	mujhe web development ka excel chahiye r3232	CREATE:XLSX	NO_FALSE_READY;NO_EDIT;NO_OVERWRITE
3233	create_xlsx	hinglish	-	0	robotics par excel banao r3233	CREATE:XLSX	NO_FALSE_READY;NO_EDIT;NO_OVERWRITE
3234	create_xlsx	english	-	0	Create an excel sheet about climate change r3234	CREATE:XLSX	NO_FALSE_READY;NO_EDIT;NO_OVERWRITE
3235	create_xlsx	spelling	-	0	nutrition pr excle bnao r3235	CREATE:XLSX	NO_FALSE_READY;NO_EDIT;NO_OVERWRITE
3236	create_xlsx	short	-	0	excel geometry banao r3236	CREATE:XLSX	NO_FALSE_READY;NO_EDIT;NO_OVERWRITE
3237	create_xlsx	long	-	0	Bhai mujhe probability ke baare mein ek simple excel bana do please r3237	CREATE:XLSX	NO_FALSE_READY;NO_EDIT;NO_OVERWRITE
3238	create_xlsx	reversed	-	0	Excel public speaking par banao r3238	CREATE:XLSX	NO_FALSE_READY;NO_EDIT;NO_OVERWRITE
3239	create_xlsx	nopunct	-	0	photography ke upar ek excel tayar karo r3239	CREATE:XLSX	NO_FALSE_READY;NO_EDIT;NO_OVERWRITE
3240	create_xlsx	followup	-	1	mujhe time management ka excel chahiye r3240	CREATE:XLSX	NO_FALSE_READY;NO_EDIT;NO_OVERWRITE
3241	create_xlsx	hinglish	-	0	cyber security par excel banao r3241	CREATE:XLSX	NO_FALSE_READY;NO_EDIT;NO_OVERWRITE
3242	create_xlsx	english	-	0	Create an excel sheet about mobile testing r3242	CREATE:XLSX	NO_FALSE_READY;NO_EDIT;NO_OVERWRITE
3243	create_xlsx	spelling	-	0	Git basics pr excle bnao r3243	CREATE:XLSX	NO_FALSE_READY;NO_EDIT;NO_OVERWRITE
3244	create_xlsx	short	-	0	excel API design banao r3244	CREATE:XLSX	NO_FALSE_READY;NO_EDIT;NO_OVERWRITE
3245	create_xlsx	long	-	0	Bhai mujhe SQL queries ke baare mein ek simple excel bana do please r3245	CREATE:XLSX	NO_FALSE_READY;NO_EDIT;NO_OVERWRITE
3246	create_xlsx	reversed	-	0	Excel Kotlin coroutines par banao r3246	CREATE:XLSX	NO_FALSE_READY;NO_EDIT;NO_OVERWRITE
3247	create_xlsx	nopunct	-	0	Excel formulas ke upar ek excel tayar karo r3247	CREATE:XLSX	NO_FALSE_READY;NO_EDIT;NO_OVERWRITE
3248	create_xlsx	followup	-	1	mujhe presentation skills ka excel chahiye r3248	CREATE:XLSX	NO_FALSE_READY;NO_EDIT;NO_OVERWRITE
3249	create_xlsx	hinglish	-	0	business ideas par excel banao r3249	CREATE:XLSX	NO_FALSE_READY;NO_EDIT;NO_OVERWRITE
3250	create_xlsx	english	-	0	Create an excel sheet about product planning r3250	CREATE:XLSX	NO_FALSE_READY;NO_EDIT;NO_OVERWRITE
3251	create_pptx	hinglish	-	0	AI basics par presentation banao r3251	CREATE:PPTX	NO_FALSE_READY;NO_EDIT;NO_OVERWRITE
3252	create_pptx	english	-	0	Create a presentation about solar energy r3252	CREATE:PPTX	NO_FALSE_READY;NO_EDIT;NO_OVERWRITE
3253	create_pptx	spelling	-	0	water cycle pr presentaion bnao r3253	CREATE:PPTX	NO_FALSE_READY;NO_EDIT;NO_OVERWRITE
3254	create_pptx	short	-	0	presentation Indian history banao r3254	CREATE:PPTX	NO_FALSE_READY;NO_EDIT;NO_OVERWRITE
3255	create_pptx	long	-	0	Bhai mujhe healthy diet ke baare mein ek simple presentation bana do please r3255	CREATE:PPTX	NO_FALSE_READY;NO_EDIT;NO_OVERWRITE
3256	create_pptx	reversed	-	0	Presentation space travel par banao r3256	CREATE:PPTX	NO_FALSE_READY;NO_EDIT;NO_OVERWRITE
3257	create_pptx	nopunct	-	0	football ke upar ek presentation tayar karo r3257	CREATE:PPTX	NO_FALSE_READY;NO_EDIT;NO_OVERWRITE
3258	create_pptx	followup	-	1	mujhe cricket ka presentation chahiye r3258	CREATE:PPTX	NO_FALSE_READY;NO_EDIT;NO_OVERWRITE
3259	create_pptx	hinglish	-	0	yoga par presentation banao r3259	CREATE:PPTX	NO_FALSE_READY;NO_EDIT;NO_OVERWRITE
3260	create_pptx	english	-	0	Create a presentation about photosynthesis r3260	CREATE:PPTX	NO_FALSE_READY;NO_EDIT;NO_OVERWRITE
3261	create_pptx	spelling	-	0	electric cars pr presentaion bnao r3261	CREATE:PPTX	NO_FALSE_READY;NO_EDIT;NO_OVERWRITE
3262	create_pptx	short	-	0	presentation startup funding banao r3262	CREATE:PPTX	NO_FALSE_READY;NO_EDIT;NO_OVERWRITE
3263	create_pptx	long	-	0	Bhai mujhe ocean life ke baare mein ek simple presentation bana do please r3263	CREATE:PPTX	NO_FALSE_READY;NO_EDIT;NO_OVERWRITE
3264	create_pptx	reversed	-	0	Presentation chess par banao r3264	CREATE:PPTX	NO_FALSE_READY;NO_EDIT;NO_OVERWRITE
3265	create_pptx	nopunct	-	0	monsoon ke upar ek presentation tayar karo r3265	CREATE:PPTX	NO_FALSE_READY;NO_EDIT;NO_OVERWRITE
3266	create_pptx	followup	-	1	mujhe Python basics ka presentation chahiye r3266	CREATE:PPTX	NO_FALSE_READY;NO_EDIT;NO_OVERWRITE
3267	create_pptx	hinglish	-	0	Android apps par presentation banao r3267	CREATE:PPTX	NO_FALSE_READY;NO_EDIT;NO_OVERWRITE
3268	create_pptx	english	-	0	Create a presentation about cloud computing r3268	CREATE:PPTX	NO_FALSE_READY;NO_EDIT;NO_OVERWRITE
3269	create_pptx	spelling	-	0	data science pr presentaion bnao r3269	CREATE:PPTX	NO_FALSE_READY;NO_EDIT;NO_OVERWRITE
3270	create_pptx	short	-	0	presentation machine learning banao r3270	CREATE:PPTX	NO_FALSE_READY;NO_EDIT;NO_OVERWRITE
3271	create_pptx	long	-	0	Bhai mujhe digital safety ke baare mein ek simple presentation bana do please r3271	CREATE:PPTX	NO_FALSE_READY;NO_EDIT;NO_OVERWRITE
3272	create_pptx	reversed	-	0	Presentation renewable power par banao r3272	CREATE:PPTX	NO_FALSE_READY;NO_EDIT;NO_OVERWRITE
3273	create_pptx	nopunct	-	0	internet history ke upar ek presentation tayar karo r3273	CREATE:PPTX	NO_FALSE_READY;NO_EDIT;NO_OVERWRITE
3274	create_pptx	followup	-	1	mujhe database design ka presentation chahiye r3274	CREATE:PPTX	NO_FALSE_READY;NO_EDIT;NO_OVERWRITE
3275	create_pptx	hinglish	-	0	home budgeting par presentation banao r3275	CREATE:PPTX	NO_FALSE_READY;NO_EDIT;NO_OVERWRITE
3276	create_pptx	english	-	0	Create a presentation about study planning r3276	CREATE:PPTX	NO_FALSE_READY;NO_EDIT;NO_OVERWRITE
3277	create_pptx	spelling	-	0	road travel pr presentaion bnao r3277	CREATE:PPTX	NO_FALSE_READY;NO_EDIT;NO_OVERWRITE
3278	create_pptx	short	-	0	presentation smart homes banao r3278	CREATE:PPTX	NO_FALSE_READY;NO_EDIT;NO_OVERWRITE
3279	create_pptx	long	-	0	Bhai mujhe music history ke baare mein ek simple presentation bana do please r3279	CREATE:PPTX	NO_FALSE_READY;NO_EDIT;NO_OVERWRITE
3280	create_pptx	reversed	-	0	Presentation gardening par banao r3280	CREATE:PPTX	NO_FALSE_READY;NO_EDIT;NO_OVERWRITE
3281	create_pptx	nopunct	-	0	personal finance ke upar ek presentation tayar karo r3281	CREATE:PPTX	NO_FALSE_READY;NO_EDIT;NO_OVERWRITE
3282	create_pptx	followup	-	1	mujhe web development ka presentation chahiye r3282	CREATE:PPTX	NO_FALSE_READY;NO_EDIT;NO_OVERWRITE
3283	create_pptx	hinglish	-	0	robotics par presentation banao r3283	CREATE:PPTX	NO_FALSE_READY;NO_EDIT;NO_OVERWRITE
3284	create_pptx	english	-	0	Create a presentation about climate change r3284	CREATE:PPTX	NO_FALSE_READY;NO_EDIT;NO_OVERWRITE
3285	create_pptx	spelling	-	0	nutrition pr presentaion bnao r3285	CREATE:PPTX	NO_FALSE_READY;NO_EDIT;NO_OVERWRITE
3286	create_pptx	short	-	0	presentation geometry banao r3286	CREATE:PPTX	NO_FALSE_READY;NO_EDIT;NO_OVERWRITE
3287	create_pptx	long	-	0	Bhai mujhe probability ke baare mein ek simple presentation bana do please r3287	CREATE:PPTX	NO_FALSE_READY;NO_EDIT;NO_OVERWRITE
3288	create_pptx	reversed	-	0	Presentation public speaking par banao r3288	CREATE:PPTX	NO_FALSE_READY;NO_EDIT;NO_OVERWRITE
3289	create_pptx	nopunct	-	0	photography ke upar ek presentation tayar karo r3289	CREATE:PPTX	NO_FALSE_READY;NO_EDIT;NO_OVERWRITE
3290	create_pptx	followup	-	1	mujhe time management ka presentation chahiye r3290	CREATE:PPTX	NO_FALSE_READY;NO_EDIT;NO_OVERWRITE
3291	create_pptx	hinglish	-	0	cyber security par presentation banao r3291	CREATE:PPTX	NO_FALSE_READY;NO_EDIT;NO_OVERWRITE
3292	create_pptx	english	-	0	Create a presentation about mobile testing r3292	CREATE:PPTX	NO_FALSE_READY;NO_EDIT;NO_OVERWRITE
3293	create_pptx	spelling	-	0	Git basics pr presentaion bnao r3293	CREATE:PPTX	NO_FALSE_READY;NO_EDIT;NO_OVERWRITE
3294	create_pptx	short	-	0	presentation API design banao r3294	CREATE:PPTX	NO_FALSE_READY;NO_EDIT;NO_OVERWRITE
3295	create_pptx	long	-	0	Bhai mujhe SQL queries ke baare mein ek simple presentation bana do please r3295	CREATE:PPTX	NO_FALSE_READY;NO_EDIT;NO_OVERWRITE
3296	create_pptx	reversed	-	0	Presentation Kotlin coroutines par banao r3296	CREATE:PPTX	NO_FALSE_READY;NO_EDIT;NO_OVERWRITE
3297	create_pptx	nopunct	-	0	Excel formulas ke upar ek presentation tayar karo r3297	CREATE:PPTX	NO_FALSE_READY;NO_EDIT;NO_OVERWRITE
3298	create_pptx	followup	-	1	mujhe presentation skills ka presentation chahiye r3298	CREATE:PPTX	NO_FALSE_READY;NO_EDIT;NO_OVERWRITE
3299	create_pptx	hinglish	-	0	business ideas par presentation banao r3299	CREATE:PPTX	NO_FALSE_READY;NO_EDIT;NO_OVERWRITE
3300	create_pptx	english	-	0	Create a presentation about product planning r3300	CREATE:PPTX	NO_FALSE_READY;NO_EDIT;NO_OVERWRITE
3301	create_pptx	spelling	-	0	AI basics pr presentaion bnao r3301	CREATE:PPTX	NO_FALSE_READY;NO_EDIT;NO_OVERWRITE
3302	create_pptx	short	-	0	presentation solar energy banao r3302	CREATE:PPTX	NO_FALSE_READY;NO_EDIT;NO_OVERWRITE
3303	create_pptx	long	-	0	Bhai mujhe water cycle ke baare mein ek simple presentation bana do please r3303	CREATE:PPTX	NO_FALSE_READY;NO_EDIT;NO_OVERWRITE
3304	create_pptx	reversed	-	0	Presentation Indian history par banao r3304	CREATE:PPTX	NO_FALSE_READY;NO_EDIT;NO_OVERWRITE
3305	create_pptx	nopunct	-	0	healthy diet ke upar ek presentation tayar karo r3305	CREATE:PPTX	NO_FALSE_READY;NO_EDIT;NO_OVERWRITE
3306	create_pptx	followup	-	1	mujhe space travel ka presentation chahiye r3306	CREATE:PPTX	NO_FALSE_READY;NO_EDIT;NO_OVERWRITE
3307	create_pptx	hinglish	-	0	football par presentation banao r3307	CREATE:PPTX	NO_FALSE_READY;NO_EDIT;NO_OVERWRITE
3308	create_pptx	english	-	0	Create a presentation about cricket r3308	CREATE:PPTX	NO_FALSE_READY;NO_EDIT;NO_OVERWRITE
3309	create_pptx	spelling	-	0	yoga pr presentaion bnao r3309	CREATE:PPTX	NO_FALSE_READY;NO_EDIT;NO_OVERWRITE
3310	create_pptx	short	-	0	presentation photosynthesis banao r3310	CREATE:PPTX	NO_FALSE_READY;NO_EDIT;NO_OVERWRITE
3311	create_pptx	long	-	0	Bhai mujhe electric cars ke baare mein ek simple presentation bana do please r3311	CREATE:PPTX	NO_FALSE_READY;NO_EDIT;NO_OVERWRITE
3312	create_pptx	reversed	-	0	Presentation startup funding par banao r3312	CREATE:PPTX	NO_FALSE_READY;NO_EDIT;NO_OVERWRITE
3313	create_pptx	nopunct	-	0	ocean life ke upar ek presentation tayar karo r3313	CREATE:PPTX	NO_FALSE_READY;NO_EDIT;NO_OVERWRITE
3314	create_pptx	followup	-	1	mujhe chess ka presentation chahiye r3314	CREATE:PPTX	NO_FALSE_READY;NO_EDIT;NO_OVERWRITE
3315	create_pptx	hinglish	-	0	monsoon par presentation banao r3315	CREATE:PPTX	NO_FALSE_READY;NO_EDIT;NO_OVERWRITE
3316	create_pptx	english	-	0	Create a presentation about Python basics r3316	CREATE:PPTX	NO_FALSE_READY;NO_EDIT;NO_OVERWRITE
3317	create_pptx	spelling	-	0	Android apps pr presentaion bnao r3317	CREATE:PPTX	NO_FALSE_READY;NO_EDIT;NO_OVERWRITE
3318	create_pptx	short	-	0	presentation cloud computing banao r3318	CREATE:PPTX	NO_FALSE_READY;NO_EDIT;NO_OVERWRITE
3319	create_pptx	long	-	0	Bhai mujhe data science ke baare mein ek simple presentation bana do please r3319	CREATE:PPTX	NO_FALSE_READY;NO_EDIT;NO_OVERWRITE
3320	create_pptx	reversed	-	0	Presentation machine learning par banao r3320	CREATE:PPTX	NO_FALSE_READY;NO_EDIT;NO_OVERWRITE
3321	create_pptx	nopunct	-	0	digital safety ke upar ek presentation tayar karo r3321	CREATE:PPTX	NO_FALSE_READY;NO_EDIT;NO_OVERWRITE
3322	create_pptx	followup	-	1	mujhe renewable power ka presentation chahiye r3322	CREATE:PPTX	NO_FALSE_READY;NO_EDIT;NO_OVERWRITE
3323	create_pptx	hinglish	-	0	internet history par presentation banao r3323	CREATE:PPTX	NO_FALSE_READY;NO_EDIT;NO_OVERWRITE
3324	create_pptx	english	-	0	Create a presentation about database design r3324	CREATE:PPTX	NO_FALSE_READY;NO_EDIT;NO_OVERWRITE
3325	create_pptx	spelling	-	0	home budgeting pr presentaion bnao r3325	CREATE:PPTX	NO_FALSE_READY;NO_EDIT;NO_OVERWRITE
3326	create_pptx	short	-	0	presentation study planning banao r3326	CREATE:PPTX	NO_FALSE_READY;NO_EDIT;NO_OVERWRITE
3327	create_pptx	long	-	0	Bhai mujhe road travel ke baare mein ek simple presentation bana do please r3327	CREATE:PPTX	NO_FALSE_READY;NO_EDIT;NO_OVERWRITE
3328	create_pptx	reversed	-	0	Presentation smart homes par banao r3328	CREATE:PPTX	NO_FALSE_READY;NO_EDIT;NO_OVERWRITE
3329	create_pptx	nopunct	-	0	music history ke upar ek presentation tayar karo r3329	CREATE:PPTX	NO_FALSE_READY;NO_EDIT;NO_OVERWRITE
3330	create_pptx	followup	-	1	mujhe gardening ka presentation chahiye r3330	CREATE:PPTX	NO_FALSE_READY;NO_EDIT;NO_OVERWRITE
3331	create_pptx	hinglish	-	0	personal finance par presentation banao r3331	CREATE:PPTX	NO_FALSE_READY;NO_EDIT;NO_OVERWRITE
3332	create_pptx	english	-	0	Create a presentation about web development r3332	CREATE:PPTX	NO_FALSE_READY;NO_EDIT;NO_OVERWRITE
3333	create_pptx	spelling	-	0	robotics pr presentaion bnao r3333	CREATE:PPTX	NO_FALSE_READY;NO_EDIT;NO_OVERWRITE
3334	create_pptx	short	-	0	presentation climate change banao r3334	CREATE:PPTX	NO_FALSE_READY;NO_EDIT;NO_OVERWRITE
3335	create_pptx	long	-	0	Bhai mujhe nutrition ke baare mein ek simple presentation bana do please r3335	CREATE:PPTX	NO_FALSE_READY;NO_EDIT;NO_OVERWRITE
3336	create_pptx	reversed	-	0	Presentation geometry par banao r3336	CREATE:PPTX	NO_FALSE_READY;NO_EDIT;NO_OVERWRITE
3337	create_pptx	nopunct	-	0	probability ke upar ek presentation tayar karo r3337	CREATE:PPTX	NO_FALSE_READY;NO_EDIT;NO_OVERWRITE
3338	create_pptx	followup	-	1	mujhe public speaking ka presentation chahiye r3338	CREATE:PPTX	NO_FALSE_READY;NO_EDIT;NO_OVERWRITE
3339	create_pptx	hinglish	-	0	photography par presentation banao r3339	CREATE:PPTX	NO_FALSE_READY;NO_EDIT;NO_OVERWRITE
3340	create_pptx	english	-	0	Create a presentation about time management r3340	CREATE:PPTX	NO_FALSE_READY;NO_EDIT;NO_OVERWRITE
3341	create_pptx	spelling	-	0	cyber security pr presentaion bnao r3341	CREATE:PPTX	NO_FALSE_READY;NO_EDIT;NO_OVERWRITE
3342	create_pptx	short	-	0	presentation mobile testing banao r3342	CREATE:PPTX	NO_FALSE_READY;NO_EDIT;NO_OVERWRITE
3343	create_pptx	long	-	0	Bhai mujhe Git basics ke baare mein ek simple presentation bana do please r3343	CREATE:PPTX	NO_FALSE_READY;NO_EDIT;NO_OVERWRITE
3344	create_pptx	reversed	-	0	Presentation API design par banao r3344	CREATE:PPTX	NO_FALSE_READY;NO_EDIT;NO_OVERWRITE
3345	create_pptx	nopunct	-	0	SQL queries ke upar ek presentation tayar karo r3345	CREATE:PPTX	NO_FALSE_READY;NO_EDIT;NO_OVERWRITE
3346	create_pptx	followup	-	1	mujhe Kotlin coroutines ka presentation chahiye r3346	CREATE:PPTX	NO_FALSE_READY;NO_EDIT;NO_OVERWRITE
3347	create_pptx	hinglish	-	0	Excel formulas par presentation banao r3347	CREATE:PPTX	NO_FALSE_READY;NO_EDIT;NO_OVERWRITE
3348	create_pptx	english	-	0	Create a presentation about presentation skills r3348	CREATE:PPTX	NO_FALSE_READY;NO_EDIT;NO_OVERWRITE
3349	create_pptx	spelling	-	0	business ideas pr presentaion bnao r3349	CREATE:PPTX	NO_FALSE_READY;NO_EDIT;NO_OVERWRITE
3350	create_pptx	short	-	0	presentation product planning banao r3350	CREATE:PPTX	NO_FALSE_READY;NO_EDIT;NO_OVERWRITE
3351	create_pptx	long	-	0	Bhai mujhe AI basics ke baare mein ek simple presentation bana do please r3351	CREATE:PPTX	NO_FALSE_READY;NO_EDIT;NO_OVERWRITE
3352	create_pptx	reversed	-	0	Presentation solar energy par banao r3352	CREATE:PPTX	NO_FALSE_READY;NO_EDIT;NO_OVERWRITE
3353	create_pptx	nopunct	-	0	water cycle ke upar ek presentation tayar karo r3353	CREATE:PPTX	NO_FALSE_READY;NO_EDIT;NO_OVERWRITE
3354	create_pptx	followup	-	1	mujhe Indian history ka presentation chahiye r3354	CREATE:PPTX	NO_FALSE_READY;NO_EDIT;NO_OVERWRITE
3355	create_pptx	hinglish	-	0	healthy diet par presentation banao r3355	CREATE:PPTX	NO_FALSE_READY;NO_EDIT;NO_OVERWRITE
3356	create_pptx	english	-	0	Create a presentation about space travel r3356	CREATE:PPTX	NO_FALSE_READY;NO_EDIT;NO_OVERWRITE
3357	create_pptx	spelling	-	0	football pr presentaion bnao r3357	CREATE:PPTX	NO_FALSE_READY;NO_EDIT;NO_OVERWRITE
3358	create_pptx	short	-	0	presentation cricket banao r3358	CREATE:PPTX	NO_FALSE_READY;NO_EDIT;NO_OVERWRITE
3359	create_pptx	long	-	0	Bhai mujhe yoga ke baare mein ek simple presentation bana do please r3359	CREATE:PPTX	NO_FALSE_READY;NO_EDIT;NO_OVERWRITE
3360	create_pptx	reversed	-	0	Presentation photosynthesis par banao r3360	CREATE:PPTX	NO_FALSE_READY;NO_EDIT;NO_OVERWRITE
3361	create_pptx	nopunct	-	0	electric cars ke upar ek presentation tayar karo r3361	CREATE:PPTX	NO_FALSE_READY;NO_EDIT;NO_OVERWRITE
3362	create_pptx	followup	-	1	mujhe startup funding ka presentation chahiye r3362	CREATE:PPTX	NO_FALSE_READY;NO_EDIT;NO_OVERWRITE
3363	create_pptx	hinglish	-	0	ocean life par presentation banao r3363	CREATE:PPTX	NO_FALSE_READY;NO_EDIT;NO_OVERWRITE
3364	create_pptx	english	-	0	Create a presentation about chess r3364	CREATE:PPTX	NO_FALSE_READY;NO_EDIT;NO_OVERWRITE
3365	create_pptx	spelling	-	0	monsoon pr presentaion bnao r3365	CREATE:PPTX	NO_FALSE_READY;NO_EDIT;NO_OVERWRITE
3366	create_pptx	short	-	0	presentation Python basics banao r3366	CREATE:PPTX	NO_FALSE_READY;NO_EDIT;NO_OVERWRITE
3367	create_pptx	long	-	0	Bhai mujhe Android apps ke baare mein ek simple presentation bana do please r3367	CREATE:PPTX	NO_FALSE_READY;NO_EDIT;NO_OVERWRITE
3368	create_pptx	reversed	-	0	Presentation cloud computing par banao r3368	CREATE:PPTX	NO_FALSE_READY;NO_EDIT;NO_OVERWRITE
3369	create_pptx	nopunct	-	0	data science ke upar ek presentation tayar karo r3369	CREATE:PPTX	NO_FALSE_READY;NO_EDIT;NO_OVERWRITE
3370	create_pptx	followup	-	1	mujhe machine learning ka presentation chahiye r3370	CREATE:PPTX	NO_FALSE_READY;NO_EDIT;NO_OVERWRITE
3371	create_pptx	hinglish	-	0	digital safety par presentation banao r3371	CREATE:PPTX	NO_FALSE_READY;NO_EDIT;NO_OVERWRITE
3372	create_pptx	english	-	0	Create a presentation about renewable power r3372	CREATE:PPTX	NO_FALSE_READY;NO_EDIT;NO_OVERWRITE
3373	create_pptx	spelling	-	0	internet history pr presentaion bnao r3373	CREATE:PPTX	NO_FALSE_READY;NO_EDIT;NO_OVERWRITE
3374	create_pptx	short	-	0	presentation database design banao r3374	CREATE:PPTX	NO_FALSE_READY;NO_EDIT;NO_OVERWRITE
3375	create_pptx	long	-	0	Bhai mujhe home budgeting ke baare mein ek simple presentation bana do please r3375	CREATE:PPTX	NO_FALSE_READY;NO_EDIT;NO_OVERWRITE
3376	create_pptx	reversed	-	0	Presentation study planning par banao r3376	CREATE:PPTX	NO_FALSE_READY;NO_EDIT;NO_OVERWRITE
3377	create_pptx	nopunct	-	0	road travel ke upar ek presentation tayar karo r3377	CREATE:PPTX	NO_FALSE_READY;NO_EDIT;NO_OVERWRITE
3378	create_pptx	followup	-	1	mujhe smart homes ka presentation chahiye r3378	CREATE:PPTX	NO_FALSE_READY;NO_EDIT;NO_OVERWRITE
3379	create_pptx	hinglish	-	0	music history par presentation banao r3379	CREATE:PPTX	NO_FALSE_READY;NO_EDIT;NO_OVERWRITE
3380	create_pptx	english	-	0	Create a presentation about gardening r3380	CREATE:PPTX	NO_FALSE_READY;NO_EDIT;NO_OVERWRITE
3381	create_pptx	spelling	-	0	personal finance pr presentaion bnao r3381	CREATE:PPTX	NO_FALSE_READY;NO_EDIT;NO_OVERWRITE
3382	create_pptx	short	-	0	presentation web development banao r3382	CREATE:PPTX	NO_FALSE_READY;NO_EDIT;NO_OVERWRITE
3383	create_pptx	long	-	0	Bhai mujhe robotics ke baare mein ek simple presentation bana do please r3383	CREATE:PPTX	NO_FALSE_READY;NO_EDIT;NO_OVERWRITE
3384	create_pptx	reversed	-	0	Presentation climate change par banao r3384	CREATE:PPTX	NO_FALSE_READY;NO_EDIT;NO_OVERWRITE
3385	create_pptx	nopunct	-	0	nutrition ke upar ek presentation tayar karo r3385	CREATE:PPTX	NO_FALSE_READY;NO_EDIT;NO_OVERWRITE
3386	create_pptx	followup	-	1	mujhe geometry ka presentation chahiye r3386	CREATE:PPTX	NO_FALSE_READY;NO_EDIT;NO_OVERWRITE
3387	create_pptx	hinglish	-	0	probability par presentation banao r3387	CREATE:PPTX	NO_FALSE_READY;NO_EDIT;NO_OVERWRITE
3388	create_pptx	english	-	0	Create a presentation about public speaking r3388	CREATE:PPTX	NO_FALSE_READY;NO_EDIT;NO_OVERWRITE
3389	create_pptx	spelling	-	0	photography pr presentaion bnao r3389	CREATE:PPTX	NO_FALSE_READY;NO_EDIT;NO_OVERWRITE
3390	create_pptx	short	-	0	presentation time management banao r3390	CREATE:PPTX	NO_FALSE_READY;NO_EDIT;NO_OVERWRITE
3391	create_pptx	long	-	0	Bhai mujhe cyber security ke baare mein ek simple presentation bana do please r3391	CREATE:PPTX	NO_FALSE_READY;NO_EDIT;NO_OVERWRITE
3392	create_pptx	reversed	-	0	Presentation mobile testing par banao r3392	CREATE:PPTX	NO_FALSE_READY;NO_EDIT;NO_OVERWRITE
3393	create_pptx	nopunct	-	0	Git basics ke upar ek presentation tayar karo r3393	CREATE:PPTX	NO_FALSE_READY;NO_EDIT;NO_OVERWRITE
3394	create_pptx	followup	-	1	mujhe API design ka presentation chahiye r3394	CREATE:PPTX	NO_FALSE_READY;NO_EDIT;NO_OVERWRITE
3395	create_pptx	hinglish	-	0	SQL queries par presentation banao r3395	CREATE:PPTX	NO_FALSE_READY;NO_EDIT;NO_OVERWRITE
3396	create_pptx	english	-	0	Create a presentation about Kotlin coroutines r3396	CREATE:PPTX	NO_FALSE_READY;NO_EDIT;NO_OVERWRITE
3397	create_pptx	spelling	-	0	Excel formulas pr presentaion bnao r3397	CREATE:PPTX	NO_FALSE_READY;NO_EDIT;NO_OVERWRITE
3398	create_pptx	short	-	0	presentation presentation skills banao r3398	CREATE:PPTX	NO_FALSE_READY;NO_EDIT;NO_OVERWRITE
3399	create_pptx	long	-	0	Bhai mujhe business ideas ke baare mein ek simple presentation bana do please r3399	CREATE:PPTX	NO_FALSE_READY;NO_EDIT;NO_OVERWRITE
3400	create_pptx	reversed	-	0	Presentation product planning par banao r3400	CREATE:PPTX	NO_FALSE_READY;NO_EDIT;NO_OVERWRITE
3401	create_pptx	nopunct	-	0	AI basics ke upar ek presentation tayar karo r3401	CREATE:PPTX	NO_FALSE_READY;NO_EDIT;NO_OVERWRITE
3402	create_pptx	followup	-	1	mujhe solar energy ka presentation chahiye r3402	CREATE:PPTX	NO_FALSE_READY;NO_EDIT;NO_OVERWRITE
3403	create_pptx	hinglish	-	0	water cycle par presentation banao r3403	CREATE:PPTX	NO_FALSE_READY;NO_EDIT;NO_OVERWRITE
3404	create_pptx	english	-	0	Create a presentation about Indian history r3404	CREATE:PPTX	NO_FALSE_READY;NO_EDIT;NO_OVERWRITE
3405	create_pptx	spelling	-	0	healthy diet pr presentaion bnao r3405	CREATE:PPTX	NO_FALSE_READY;NO_EDIT;NO_OVERWRITE
3406	create_pptx	short	-	0	presentation space travel banao r3406	CREATE:PPTX	NO_FALSE_READY;NO_EDIT;NO_OVERWRITE
3407	create_pptx	long	-	0	Bhai mujhe football ke baare mein ek simple presentation bana do please r3407	CREATE:PPTX	NO_FALSE_READY;NO_EDIT;NO_OVERWRITE
3408	create_pptx	reversed	-	0	Presentation cricket par banao r3408	CREATE:PPTX	NO_FALSE_READY;NO_EDIT;NO_OVERWRITE
3409	create_pptx	nopunct	-	0	yoga ke upar ek presentation tayar karo r3409	CREATE:PPTX	NO_FALSE_READY;NO_EDIT;NO_OVERWRITE
3410	create_pptx	followup	-	1	mujhe photosynthesis ka presentation chahiye r3410	CREATE:PPTX	NO_FALSE_READY;NO_EDIT;NO_OVERWRITE
3411	create_pptx	hinglish	-	0	electric cars par presentation banao r3411	CREATE:PPTX	NO_FALSE_READY;NO_EDIT;NO_OVERWRITE
3412	create_pptx	english	-	0	Create a presentation about startup funding r3412	CREATE:PPTX	NO_FALSE_READY;NO_EDIT;NO_OVERWRITE
3413	create_pptx	spelling	-	0	ocean life pr presentaion bnao r3413	CREATE:PPTX	NO_FALSE_READY;NO_EDIT;NO_OVERWRITE
3414	create_pptx	short	-	0	presentation chess banao r3414	CREATE:PPTX	NO_FALSE_READY;NO_EDIT;NO_OVERWRITE
3415	create_pptx	long	-	0	Bhai mujhe monsoon ke baare mein ek simple presentation bana do please r3415	CREATE:PPTX	NO_FALSE_READY;NO_EDIT;NO_OVERWRITE
3416	create_pptx	reversed	-	0	Presentation Python basics par banao r3416	CREATE:PPTX	NO_FALSE_READY;NO_EDIT;NO_OVERWRITE
3417	create_pptx	nopunct	-	0	Android apps ke upar ek presentation tayar karo r3417	CREATE:PPTX	NO_FALSE_READY;NO_EDIT;NO_OVERWRITE
3418	create_pptx	followup	-	1	mujhe cloud computing ka presentation chahiye r3418	CREATE:PPTX	NO_FALSE_READY;NO_EDIT;NO_OVERWRITE
3419	create_pptx	hinglish	-	0	data science par presentation banao r3419	CREATE:PPTX	NO_FALSE_READY;NO_EDIT;NO_OVERWRITE
3420	create_pptx	english	-	0	Create a presentation about machine learning r3420	CREATE:PPTX	NO_FALSE_READY;NO_EDIT;NO_OVERWRITE
3421	create_pptx	spelling	-	0	digital safety pr presentaion bnao r3421	CREATE:PPTX	NO_FALSE_READY;NO_EDIT;NO_OVERWRITE
3422	create_pptx	short	-	0	presentation renewable power banao r3422	CREATE:PPTX	NO_FALSE_READY;NO_EDIT;NO_OVERWRITE
3423	create_pptx	long	-	0	Bhai mujhe internet history ke baare mein ek simple presentation bana do please r3423	CREATE:PPTX	NO_FALSE_READY;NO_EDIT;NO_OVERWRITE
3424	create_pptx	reversed	-	0	Presentation database design par banao r3424	CREATE:PPTX	NO_FALSE_READY;NO_EDIT;NO_OVERWRITE
3425	create_pptx	nopunct	-	0	home budgeting ke upar ek presentation tayar karo r3425	CREATE:PPTX	NO_FALSE_READY;NO_EDIT;NO_OVERWRITE
3426	create_pptx	followup	-	1	mujhe study planning ka presentation chahiye r3426	CREATE:PPTX	NO_FALSE_READY;NO_EDIT;NO_OVERWRITE
3427	create_pptx	hinglish	-	0	road travel par presentation banao r3427	CREATE:PPTX	NO_FALSE_READY;NO_EDIT;NO_OVERWRITE
3428	create_pptx	english	-	0	Create a presentation about smart homes r3428	CREATE:PPTX	NO_FALSE_READY;NO_EDIT;NO_OVERWRITE
3429	create_pptx	spelling	-	0	music history pr presentaion bnao r3429	CREATE:PPTX	NO_FALSE_READY;NO_EDIT;NO_OVERWRITE
3430	create_pptx	short	-	0	presentation gardening banao r3430	CREATE:PPTX	NO_FALSE_READY;NO_EDIT;NO_OVERWRITE
3431	create_pptx	long	-	0	Bhai mujhe personal finance ke baare mein ek simple presentation bana do please r3431	CREATE:PPTX	NO_FALSE_READY;NO_EDIT;NO_OVERWRITE
3432	create_pptx	reversed	-	0	Presentation web development par banao r3432	CREATE:PPTX	NO_FALSE_READY;NO_EDIT;NO_OVERWRITE
3433	create_pptx	nopunct	-	0	robotics ke upar ek presentation tayar karo r3433	CREATE:PPTX	NO_FALSE_READY;NO_EDIT;NO_OVERWRITE
3434	create_pptx	followup	-	1	mujhe climate change ka presentation chahiye r3434	CREATE:PPTX	NO_FALSE_READY;NO_EDIT;NO_OVERWRITE
3435	create_pptx	hinglish	-	0	nutrition par presentation banao r3435	CREATE:PPTX	NO_FALSE_READY;NO_EDIT;NO_OVERWRITE
3436	create_pptx	english	-	0	Create a presentation about geometry r3436	CREATE:PPTX	NO_FALSE_READY;NO_EDIT;NO_OVERWRITE
3437	create_pptx	spelling	-	0	probability pr presentaion bnao r3437	CREATE:PPTX	NO_FALSE_READY;NO_EDIT;NO_OVERWRITE
3438	create_pptx	short	-	0	presentation public speaking banao r3438	CREATE:PPTX	NO_FALSE_READY;NO_EDIT;NO_OVERWRITE
3439	create_pptx	long	-	0	Bhai mujhe photography ke baare mein ek simple presentation bana do please r3439	CREATE:PPTX	NO_FALSE_READY;NO_EDIT;NO_OVERWRITE
3440	create_pptx	reversed	-	0	Presentation time management par banao r3440	CREATE:PPTX	NO_FALSE_READY;NO_EDIT;NO_OVERWRITE
3441	create_pptx	nopunct	-	0	cyber security ke upar ek presentation tayar karo r3441	CREATE:PPTX	NO_FALSE_READY;NO_EDIT;NO_OVERWRITE
3442	create_pptx	followup	-	1	mujhe mobile testing ka presentation chahiye r3442	CREATE:PPTX	NO_FALSE_READY;NO_EDIT;NO_OVERWRITE
3443	create_pptx	hinglish	-	0	Git basics par presentation banao r3443	CREATE:PPTX	NO_FALSE_READY;NO_EDIT;NO_OVERWRITE
3444	create_pptx	english	-	0	Create a presentation about API design r3444	CREATE:PPTX	NO_FALSE_READY;NO_EDIT;NO_OVERWRITE
3445	create_pptx	spelling	-	0	SQL queries pr presentaion bnao r3445	CREATE:PPTX	NO_FALSE_READY;NO_EDIT;NO_OVERWRITE
3446	create_pptx	short	-	0	presentation Kotlin coroutines banao r3446	CREATE:PPTX	NO_FALSE_READY;NO_EDIT;NO_OVERWRITE
3447	create_pptx	long	-	0	Bhai mujhe Excel formulas ke baare mein ek simple presentation bana do please r3447	CREATE:PPTX	NO_FALSE_READY;NO_EDIT;NO_OVERWRITE
3448	create_pptx	reversed	-	0	Presentation presentation skills par banao r3448	CREATE:PPTX	NO_FALSE_READY;NO_EDIT;NO_OVERWRITE
3449	create_pptx	nopunct	-	0	business ideas ke upar ek presentation tayar karo r3449	CREATE:PPTX	NO_FALSE_READY;NO_EDIT;NO_OVERWRITE
3450	create_pptx	followup	-	1	mujhe product planning ka presentation chahiye r3450	CREATE:PPTX	NO_FALSE_READY;NO_EDIT;NO_OVERWRITE
3451	create_pptx	hinglish	-	0	AI basics par presentation banao r3451	CREATE:PPTX	NO_FALSE_READY;NO_EDIT;NO_OVERWRITE
3452	create_pptx	english	-	0	Create a presentation about solar energy r3452	CREATE:PPTX	NO_FALSE_READY;NO_EDIT;NO_OVERWRITE
3453	create_pptx	spelling	-	0	water cycle pr presentaion bnao r3453	CREATE:PPTX	NO_FALSE_READY;NO_EDIT;NO_OVERWRITE
3454	create_pptx	short	-	0	presentation Indian history banao r3454	CREATE:PPTX	NO_FALSE_READY;NO_EDIT;NO_OVERWRITE
3455	create_pptx	long	-	0	Bhai mujhe healthy diet ke baare mein ek simple presentation bana do please r3455	CREATE:PPTX	NO_FALSE_READY;NO_EDIT;NO_OVERWRITE
3456	create_pptx	reversed	-	0	Presentation space travel par banao r3456	CREATE:PPTX	NO_FALSE_READY;NO_EDIT;NO_OVERWRITE
3457	create_pptx	nopunct	-	0	football ke upar ek presentation tayar karo r3457	CREATE:PPTX	NO_FALSE_READY;NO_EDIT;NO_OVERWRITE
3458	create_pptx	followup	-	1	mujhe cricket ka presentation chahiye r3458	CREATE:PPTX	NO_FALSE_READY;NO_EDIT;NO_OVERWRITE
3459	create_pptx	hinglish	-	0	yoga par presentation banao r3459	CREATE:PPTX	NO_FALSE_READY;NO_EDIT;NO_OVERWRITE
3460	create_pptx	english	-	0	Create a presentation about photosynthesis r3460	CREATE:PPTX	NO_FALSE_READY;NO_EDIT;NO_OVERWRITE
3461	create_pptx	spelling	-	0	electric cars pr presentaion bnao r3461	CREATE:PPTX	NO_FALSE_READY;NO_EDIT;NO_OVERWRITE
3462	create_pptx	short	-	0	presentation startup funding banao r3462	CREATE:PPTX	NO_FALSE_READY;NO_EDIT;NO_OVERWRITE
3463	create_pptx	long	-	0	Bhai mujhe ocean life ke baare mein ek simple presentation bana do please r3463	CREATE:PPTX	NO_FALSE_READY;NO_EDIT;NO_OVERWRITE
3464	create_pptx	reversed	-	0	Presentation chess par banao r3464	CREATE:PPTX	NO_FALSE_READY;NO_EDIT;NO_OVERWRITE
3465	create_pptx	nopunct	-	0	monsoon ke upar ek presentation tayar karo r3465	CREATE:PPTX	NO_FALSE_READY;NO_EDIT;NO_OVERWRITE
3466	create_pptx	followup	-	1	mujhe Python basics ka presentation chahiye r3466	CREATE:PPTX	NO_FALSE_READY;NO_EDIT;NO_OVERWRITE
3467	create_pptx	hinglish	-	0	Android apps par presentation banao r3467	CREATE:PPTX	NO_FALSE_READY;NO_EDIT;NO_OVERWRITE
3468	create_pptx	english	-	0	Create a presentation about cloud computing r3468	CREATE:PPTX	NO_FALSE_READY;NO_EDIT;NO_OVERWRITE
3469	create_pptx	spelling	-	0	data science pr presentaion bnao r3469	CREATE:PPTX	NO_FALSE_READY;NO_EDIT;NO_OVERWRITE
3470	create_pptx	short	-	0	presentation machine learning banao r3470	CREATE:PPTX	NO_FALSE_READY;NO_EDIT;NO_OVERWRITE
3471	create_pptx	long	-	0	Bhai mujhe digital safety ke baare mein ek simple presentation bana do please r3471	CREATE:PPTX	NO_FALSE_READY;NO_EDIT;NO_OVERWRITE
3472	create_pptx	reversed	-	0	Presentation renewable power par banao r3472	CREATE:PPTX	NO_FALSE_READY;NO_EDIT;NO_OVERWRITE
3473	create_pptx	nopunct	-	0	internet history ke upar ek presentation tayar karo r3473	CREATE:PPTX	NO_FALSE_READY;NO_EDIT;NO_OVERWRITE
3474	create_pptx	followup	-	1	mujhe database design ka presentation chahiye r3474	CREATE:PPTX	NO_FALSE_READY;NO_EDIT;NO_OVERWRITE
3475	create_pptx	hinglish	-	0	home budgeting par presentation banao r3475	CREATE:PPTX	NO_FALSE_READY;NO_EDIT;NO_OVERWRITE
3476	create_pptx	english	-	0	Create a presentation about study planning r3476	CREATE:PPTX	NO_FALSE_READY;NO_EDIT;NO_OVERWRITE
3477	create_pptx	spelling	-	0	road travel pr presentaion bnao r3477	CREATE:PPTX	NO_FALSE_READY;NO_EDIT;NO_OVERWRITE
3478	create_pptx	short	-	0	presentation smart homes banao r3478	CREATE:PPTX	NO_FALSE_READY;NO_EDIT;NO_OVERWRITE
3479	create_pptx	long	-	0	Bhai mujhe music history ke baare mein ek simple presentation bana do please r3479	CREATE:PPTX	NO_FALSE_READY;NO_EDIT;NO_OVERWRITE
3480	create_pptx	reversed	-	0	Presentation gardening par banao r3480	CREATE:PPTX	NO_FALSE_READY;NO_EDIT;NO_OVERWRITE
3481	create_pptx	nopunct	-	0	personal finance ke upar ek presentation tayar karo r3481	CREATE:PPTX	NO_FALSE_READY;NO_EDIT;NO_OVERWRITE
3482	create_pptx	followup	-	1	mujhe web development ka presentation chahiye r3482	CREATE:PPTX	NO_FALSE_READY;NO_EDIT;NO_OVERWRITE
3483	create_pptx	hinglish	-	0	robotics par presentation banao r3483	CREATE:PPTX	NO_FALSE_READY;NO_EDIT;NO_OVERWRITE
3484	create_pptx	english	-	0	Create a presentation about climate change r3484	CREATE:PPTX	NO_FALSE_READY;NO_EDIT;NO_OVERWRITE
3485	create_pptx	spelling	-	0	nutrition pr presentaion bnao r3485	CREATE:PPTX	NO_FALSE_READY;NO_EDIT;NO_OVERWRITE
3486	create_pptx	short	-	0	presentation geometry banao r3486	CREATE:PPTX	NO_FALSE_READY;NO_EDIT;NO_OVERWRITE
3487	create_pptx	long	-	0	Bhai mujhe probability ke baare mein ek simple presentation bana do please r3487	CREATE:PPTX	NO_FALSE_READY;NO_EDIT;NO_OVERWRITE
3488	create_pptx	reversed	-	0	Presentation public speaking par banao r3488	CREATE:PPTX	NO_FALSE_READY;NO_EDIT;NO_OVERWRITE
3489	create_pptx	nopunct	-	0	photography ke upar ek presentation tayar karo r3489	CREATE:PPTX	NO_FALSE_READY;NO_EDIT;NO_OVERWRITE
3490	create_pptx	followup	-	1	mujhe time management ka presentation chahiye r3490	CREATE:PPTX	NO_FALSE_READY;NO_EDIT;NO_OVERWRITE
3491	create_pptx	hinglish	-	0	cyber security par presentation banao r3491	CREATE:PPTX	NO_FALSE_READY;NO_EDIT;NO_OVERWRITE
3492	create_pptx	english	-	0	Create a presentation about mobile testing r3492	CREATE:PPTX	NO_FALSE_READY;NO_EDIT;NO_OVERWRITE
3493	create_pptx	spelling	-	0	Git basics pr presentaion bnao r3493	CREATE:PPTX	NO_FALSE_READY;NO_EDIT;NO_OVERWRITE
3494	create_pptx	short	-	0	presentation API design banao r3494	CREATE:PPTX	NO_FALSE_READY;NO_EDIT;NO_OVERWRITE
3495	create_pptx	long	-	0	Bhai mujhe SQL queries ke baare mein ek simple presentation bana do please r3495	CREATE:PPTX	NO_FALSE_READY;NO_EDIT;NO_OVERWRITE
3496	create_pptx	reversed	-	0	Presentation Kotlin coroutines par banao r3496	CREATE:PPTX	NO_FALSE_READY;NO_EDIT;NO_OVERWRITE
3497	create_pptx	nopunct	-	0	Excel formulas ke upar ek presentation tayar karo r3497	CREATE:PPTX	NO_FALSE_READY;NO_EDIT;NO_OVERWRITE
3498	create_pptx	followup	-	1	mujhe presentation skills ka presentation chahiye r3498	CREATE:PPTX	NO_FALSE_READY;NO_EDIT;NO_OVERWRITE
3499	create_pptx	hinglish	-	0	business ideas par presentation banao r3499	CREATE:PPTX	NO_FALSE_READY;NO_EDIT;NO_OVERWRITE
3500	create_pptx	english	-	0	Create a presentation about product planning r3500	CREATE:PPTX	NO_FALSE_READY;NO_EDIT;NO_OVERWRITE
3501	edit_docx	hinglish	DOCX	1	Ravi ki jagah Raj likh do r3501	READ:DOCX>EDIT:DOCX	NO_OVERWRITE;NO_CREATE_NEW_SOURCE
3502	edit_docx	english	DOCX	1	replace Draft with Final r3502	READ:DOCX>EDIT:DOCX	NO_OVERWRITE;NO_CREATE_NEW_SOURCE
3503	edit_docx	spelling	DOCX	1	New title likh do Old title ki jagah r3503	READ:DOCX>EDIT:DOCX	NO_OVERWRITE;NO_CREATE_NEW_SOURCE
3504	edit_docx	short	DOCX	1	change Pending to Done r3504	READ:DOCX>EDIT:DOCX	NO_OVERWRITE;NO_CREATE_NEW_SOURCE
3505	edit_docx	long	DOCX	1	word me Alpha ko Beta kar do r3505	READ:DOCX>EDIT:DOCX	NO_OVERWRITE;NO_CREATE_NEW_SOURCE
3506	edit_docx	reversed	DOCX	1	please update Version 1 as Version 2 r3506	READ:DOCX>EDIT:DOCX	NO_OVERWRITE;NO_CREATE_NEW_SOURCE
3507	edit_docx	nopunct	DOCX	1	Mumbai ko Pune se replace karo r3507	READ:DOCX>EDIT:DOCX	NO_OVERWRITE;NO_CREATE_NEW_SOURCE
3508	edit_docx	followup	DOCX	1	modify this word: replace Monday with Friday r3508	READ:DOCX>EDIT:DOCX	NO_OVERWRITE;NO_CREATE_NEW_SOURCE
3509	edit_docx	hinglish	DOCX	1	Ravi ki jagah Raj likh do r3509	READ:DOCX>EDIT:DOCX	NO_OVERWRITE;NO_CREATE_NEW_SOURCE
3510	edit_docx	english	DOCX	1	replace Draft with Final r3510	READ:DOCX>EDIT:DOCX	NO_OVERWRITE;NO_CREATE_NEW_SOURCE
3511	edit_docx	spelling	DOCX	1	New title likh do Old title ki jagah r3511	READ:DOCX>EDIT:DOCX	NO_OVERWRITE;NO_CREATE_NEW_SOURCE
3512	edit_docx	short	DOCX	1	change Pending to Done r3512	READ:DOCX>EDIT:DOCX	NO_OVERWRITE;NO_CREATE_NEW_SOURCE
3513	edit_docx	long	DOCX	1	word me Alpha ko Beta kar do r3513	READ:DOCX>EDIT:DOCX	NO_OVERWRITE;NO_CREATE_NEW_SOURCE
3514	edit_docx	reversed	DOCX	1	please update Version 1 as Version 2 r3514	READ:DOCX>EDIT:DOCX	NO_OVERWRITE;NO_CREATE_NEW_SOURCE
3515	edit_docx	nopunct	DOCX	1	Mumbai ko Pune se replace karo r3515	READ:DOCX>EDIT:DOCX	NO_OVERWRITE;NO_CREATE_NEW_SOURCE
3516	edit_docx	followup	DOCX	1	modify this word: replace Monday with Friday r3516	READ:DOCX>EDIT:DOCX	NO_OVERWRITE;NO_CREATE_NEW_SOURCE
3517	edit_docx	hinglish	DOCX	1	Ravi ki jagah Raj likh do r3517	READ:DOCX>EDIT:DOCX	NO_OVERWRITE;NO_CREATE_NEW_SOURCE
3518	edit_docx	english	DOCX	1	replace Draft with Final r3518	READ:DOCX>EDIT:DOCX	NO_OVERWRITE;NO_CREATE_NEW_SOURCE
3519	edit_docx	spelling	DOCX	1	New title likh do Old title ki jagah r3519	READ:DOCX>EDIT:DOCX	NO_OVERWRITE;NO_CREATE_NEW_SOURCE
3520	edit_docx	short	DOCX	1	change Pending to Done r3520	READ:DOCX>EDIT:DOCX	NO_OVERWRITE;NO_CREATE_NEW_SOURCE
3521	edit_docx	long	DOCX	1	word me Alpha ko Beta kar do r3521	READ:DOCX>EDIT:DOCX	NO_OVERWRITE;NO_CREATE_NEW_SOURCE
3522	edit_docx	reversed	DOCX	1	please update Version 1 as Version 2 r3522	READ:DOCX>EDIT:DOCX	NO_OVERWRITE;NO_CREATE_NEW_SOURCE
3523	edit_docx	nopunct	DOCX	1	Mumbai ko Pune se replace karo r3523	READ:DOCX>EDIT:DOCX	NO_OVERWRITE;NO_CREATE_NEW_SOURCE
3524	edit_docx	followup	DOCX	1	modify this word: replace Monday with Friday r3524	READ:DOCX>EDIT:DOCX	NO_OVERWRITE;NO_CREATE_NEW_SOURCE
3525	edit_docx	hinglish	DOCX	1	Ravi ki jagah Raj likh do r3525	READ:DOCX>EDIT:DOCX	NO_OVERWRITE;NO_CREATE_NEW_SOURCE
3526	edit_docx	english	DOCX	1	replace Draft with Final r3526	READ:DOCX>EDIT:DOCX	NO_OVERWRITE;NO_CREATE_NEW_SOURCE
3527	edit_docx	spelling	DOCX	1	New title likh do Old title ki jagah r3527	READ:DOCX>EDIT:DOCX	NO_OVERWRITE;NO_CREATE_NEW_SOURCE
3528	edit_docx	short	DOCX	1	change Pending to Done r3528	READ:DOCX>EDIT:DOCX	NO_OVERWRITE;NO_CREATE_NEW_SOURCE
3529	edit_docx	long	DOCX	1	word me Alpha ko Beta kar do r3529	READ:DOCX>EDIT:DOCX	NO_OVERWRITE;NO_CREATE_NEW_SOURCE
3530	edit_docx	reversed	DOCX	1	please update Version 1 as Version 2 r3530	READ:DOCX>EDIT:DOCX	NO_OVERWRITE;NO_CREATE_NEW_SOURCE
3531	edit_docx	nopunct	DOCX	1	Mumbai ko Pune se replace karo r3531	READ:DOCX>EDIT:DOCX	NO_OVERWRITE;NO_CREATE_NEW_SOURCE
3532	edit_docx	followup	DOCX	1	modify this word: replace Monday with Friday r3532	READ:DOCX>EDIT:DOCX	NO_OVERWRITE;NO_CREATE_NEW_SOURCE
3533	edit_docx	hinglish	DOCX	1	Ravi ki jagah Raj likh do r3533	READ:DOCX>EDIT:DOCX	NO_OVERWRITE;NO_CREATE_NEW_SOURCE
3534	edit_docx	english	DOCX	1	replace Draft with Final r3534	READ:DOCX>EDIT:DOCX	NO_OVERWRITE;NO_CREATE_NEW_SOURCE
3535	edit_docx	spelling	DOCX	1	New title likh do Old title ki jagah r3535	READ:DOCX>EDIT:DOCX	NO_OVERWRITE;NO_CREATE_NEW_SOURCE
3536	edit_docx	short	DOCX	1	change Pending to Done r3536	READ:DOCX>EDIT:DOCX	NO_OVERWRITE;NO_CREATE_NEW_SOURCE
3537	edit_docx	long	DOCX	1	word me Alpha ko Beta kar do r3537	READ:DOCX>EDIT:DOCX	NO_OVERWRITE;NO_CREATE_NEW_SOURCE
3538	edit_docx	reversed	DOCX	1	please update Version 1 as Version 2 r3538	READ:DOCX>EDIT:DOCX	NO_OVERWRITE;NO_CREATE_NEW_SOURCE
3539	edit_docx	nopunct	DOCX	1	Mumbai ko Pune se replace karo r3539	READ:DOCX>EDIT:DOCX	NO_OVERWRITE;NO_CREATE_NEW_SOURCE
3540	edit_docx	followup	DOCX	1	modify this word: replace Monday with Friday r3540	READ:DOCX>EDIT:DOCX	NO_OVERWRITE;NO_CREATE_NEW_SOURCE
3541	edit_docx	hinglish	DOCX	1	Ravi ki jagah Raj likh do r3541	READ:DOCX>EDIT:DOCX	NO_OVERWRITE;NO_CREATE_NEW_SOURCE
3542	edit_docx	english	DOCX	1	replace Draft with Final r3542	READ:DOCX>EDIT:DOCX	NO_OVERWRITE;NO_CREATE_NEW_SOURCE
3543	edit_docx	spelling	DOCX	1	New title likh do Old title ki jagah r3543	READ:DOCX>EDIT:DOCX	NO_OVERWRITE;NO_CREATE_NEW_SOURCE
3544	edit_docx	short	DOCX	1	change Pending to Done r3544	READ:DOCX>EDIT:DOCX	NO_OVERWRITE;NO_CREATE_NEW_SOURCE
3545	edit_docx	long	DOCX	1	word me Alpha ko Beta kar do r3545	READ:DOCX>EDIT:DOCX	NO_OVERWRITE;NO_CREATE_NEW_SOURCE
3546	edit_docx	reversed	DOCX	1	please update Version 1 as Version 2 r3546	READ:DOCX>EDIT:DOCX	NO_OVERWRITE;NO_CREATE_NEW_SOURCE
3547	edit_docx	nopunct	DOCX	1	Mumbai ko Pune se replace karo r3547	READ:DOCX>EDIT:DOCX	NO_OVERWRITE;NO_CREATE_NEW_SOURCE
3548	edit_docx	followup	DOCX	1	modify this word: replace Monday with Friday r3548	READ:DOCX>EDIT:DOCX	NO_OVERWRITE;NO_CREATE_NEW_SOURCE
3549	edit_docx	hinglish	DOCX	1	Ravi ki jagah Raj likh do r3549	READ:DOCX>EDIT:DOCX	NO_OVERWRITE;NO_CREATE_NEW_SOURCE
3550	edit_docx	english	DOCX	1	replace Draft with Final r3550	READ:DOCX>EDIT:DOCX	NO_OVERWRITE;NO_CREATE_NEW_SOURCE
3551	edit_docx	spelling	DOCX	1	New title likh do Old title ki jagah r3551	READ:DOCX>EDIT:DOCX	NO_OVERWRITE;NO_CREATE_NEW_SOURCE
3552	edit_docx	short	DOCX	1	change Pending to Done r3552	READ:DOCX>EDIT:DOCX	NO_OVERWRITE;NO_CREATE_NEW_SOURCE
3553	edit_docx	long	DOCX	1	word me Alpha ko Beta kar do r3553	READ:DOCX>EDIT:DOCX	NO_OVERWRITE;NO_CREATE_NEW_SOURCE
3554	edit_docx	reversed	DOCX	1	please update Version 1 as Version 2 r3554	READ:DOCX>EDIT:DOCX	NO_OVERWRITE;NO_CREATE_NEW_SOURCE
3555	edit_docx	nopunct	DOCX	1	Mumbai ko Pune se replace karo r3555	READ:DOCX>EDIT:DOCX	NO_OVERWRITE;NO_CREATE_NEW_SOURCE
3556	edit_docx	followup	DOCX	1	modify this word: replace Monday with Friday r3556	READ:DOCX>EDIT:DOCX	NO_OVERWRITE;NO_CREATE_NEW_SOURCE
3557	edit_docx	hinglish	DOCX	1	Ravi ki jagah Raj likh do r3557	READ:DOCX>EDIT:DOCX	NO_OVERWRITE;NO_CREATE_NEW_SOURCE
3558	edit_docx	english	DOCX	1	replace Draft with Final r3558	READ:DOCX>EDIT:DOCX	NO_OVERWRITE;NO_CREATE_NEW_SOURCE
3559	edit_docx	spelling	DOCX	1	New title likh do Old title ki jagah r3559	READ:DOCX>EDIT:DOCX	NO_OVERWRITE;NO_CREATE_NEW_SOURCE
3560	edit_docx	short	DOCX	1	change Pending to Done r3560	READ:DOCX>EDIT:DOCX	NO_OVERWRITE;NO_CREATE_NEW_SOURCE
3561	edit_docx	long	DOCX	1	word me Alpha ko Beta kar do r3561	READ:DOCX>EDIT:DOCX	NO_OVERWRITE;NO_CREATE_NEW_SOURCE
3562	edit_docx	reversed	DOCX	1	please update Version 1 as Version 2 r3562	READ:DOCX>EDIT:DOCX	NO_OVERWRITE;NO_CREATE_NEW_SOURCE
3563	edit_docx	nopunct	DOCX	1	Mumbai ko Pune se replace karo r3563	READ:DOCX>EDIT:DOCX	NO_OVERWRITE;NO_CREATE_NEW_SOURCE
3564	edit_docx	followup	DOCX	1	modify this word: replace Monday with Friday r3564	READ:DOCX>EDIT:DOCX	NO_OVERWRITE;NO_CREATE_NEW_SOURCE
3565	edit_docx	hinglish	DOCX	1	Ravi ki jagah Raj likh do r3565	READ:DOCX>EDIT:DOCX	NO_OVERWRITE;NO_CREATE_NEW_SOURCE
3566	edit_docx	english	DOCX	1	replace Draft with Final r3566	READ:DOCX>EDIT:DOCX	NO_OVERWRITE;NO_CREATE_NEW_SOURCE
3567	edit_docx	spelling	DOCX	1	New title likh do Old title ki jagah r3567	READ:DOCX>EDIT:DOCX	NO_OVERWRITE;NO_CREATE_NEW_SOURCE
3568	edit_docx	short	DOCX	1	change Pending to Done r3568	READ:DOCX>EDIT:DOCX	NO_OVERWRITE;NO_CREATE_NEW_SOURCE
3569	edit_docx	long	DOCX	1	word me Alpha ko Beta kar do r3569	READ:DOCX>EDIT:DOCX	NO_OVERWRITE;NO_CREATE_NEW_SOURCE
3570	edit_docx	reversed	DOCX	1	please update Version 1 as Version 2 r3570	READ:DOCX>EDIT:DOCX	NO_OVERWRITE;NO_CREATE_NEW_SOURCE
3571	edit_docx	nopunct	DOCX	1	Mumbai ko Pune se replace karo r3571	READ:DOCX>EDIT:DOCX	NO_OVERWRITE;NO_CREATE_NEW_SOURCE
3572	edit_docx	followup	DOCX	1	modify this word: replace Monday with Friday r3572	READ:DOCX>EDIT:DOCX	NO_OVERWRITE;NO_CREATE_NEW_SOURCE
3573	edit_docx	hinglish	DOCX	1	Ravi ki jagah Raj likh do r3573	READ:DOCX>EDIT:DOCX	NO_OVERWRITE;NO_CREATE_NEW_SOURCE
3574	edit_docx	english	DOCX	1	replace Draft with Final r3574	READ:DOCX>EDIT:DOCX	NO_OVERWRITE;NO_CREATE_NEW_SOURCE
3575	edit_docx	spelling	DOCX	1	New title likh do Old title ki jagah r3575	READ:DOCX>EDIT:DOCX	NO_OVERWRITE;NO_CREATE_NEW_SOURCE
3576	edit_docx	short	DOCX	1	change Pending to Done r3576	READ:DOCX>EDIT:DOCX	NO_OVERWRITE;NO_CREATE_NEW_SOURCE
3577	edit_docx	long	DOCX	1	word me Alpha ko Beta kar do r3577	READ:DOCX>EDIT:DOCX	NO_OVERWRITE;NO_CREATE_NEW_SOURCE
3578	edit_docx	reversed	DOCX	1	please update Version 1 as Version 2 r3578	READ:DOCX>EDIT:DOCX	NO_OVERWRITE;NO_CREATE_NEW_SOURCE
3579	edit_docx	nopunct	DOCX	1	Mumbai ko Pune se replace karo r3579	READ:DOCX>EDIT:DOCX	NO_OVERWRITE;NO_CREATE_NEW_SOURCE
3580	edit_docx	followup	DOCX	1	modify this word: replace Monday with Friday r3580	READ:DOCX>EDIT:DOCX	NO_OVERWRITE;NO_CREATE_NEW_SOURCE
3581	edit_docx	hinglish	DOCX	1	Ravi ki jagah Raj likh do r3581	READ:DOCX>EDIT:DOCX	NO_OVERWRITE;NO_CREATE_NEW_SOURCE
3582	edit_docx	english	DOCX	1	replace Draft with Final r3582	READ:DOCX>EDIT:DOCX	NO_OVERWRITE;NO_CREATE_NEW_SOURCE
3583	edit_docx	spelling	DOCX	1	New title likh do Old title ki jagah r3583	READ:DOCX>EDIT:DOCX	NO_OVERWRITE;NO_CREATE_NEW_SOURCE
3584	edit_docx	short	DOCX	1	change Pending to Done r3584	READ:DOCX>EDIT:DOCX	NO_OVERWRITE;NO_CREATE_NEW_SOURCE
3585	edit_docx	long	DOCX	1	word me Alpha ko Beta kar do r3585	READ:DOCX>EDIT:DOCX	NO_OVERWRITE;NO_CREATE_NEW_SOURCE
3586	edit_docx	reversed	DOCX	1	please update Version 1 as Version 2 r3586	READ:DOCX>EDIT:DOCX	NO_OVERWRITE;NO_CREATE_NEW_SOURCE
3587	edit_docx	nopunct	DOCX	1	Mumbai ko Pune se replace karo r3587	READ:DOCX>EDIT:DOCX	NO_OVERWRITE;NO_CREATE_NEW_SOURCE
3588	edit_docx	followup	DOCX	1	modify this word: replace Monday with Friday r3588	READ:DOCX>EDIT:DOCX	NO_OVERWRITE;NO_CREATE_NEW_SOURCE
3589	edit_docx	hinglish	DOCX	1	Ravi ki jagah Raj likh do r3589	READ:DOCX>EDIT:DOCX	NO_OVERWRITE;NO_CREATE_NEW_SOURCE
3590	edit_docx	english	DOCX	1	replace Draft with Final r3590	READ:DOCX>EDIT:DOCX	NO_OVERWRITE;NO_CREATE_NEW_SOURCE
3591	edit_docx	spelling	DOCX	1	New title likh do Old title ki jagah r3591	READ:DOCX>EDIT:DOCX	NO_OVERWRITE;NO_CREATE_NEW_SOURCE
3592	edit_docx	short	DOCX	1	change Pending to Done r3592	READ:DOCX>EDIT:DOCX	NO_OVERWRITE;NO_CREATE_NEW_SOURCE
3593	edit_docx	long	DOCX	1	word me Alpha ko Beta kar do r3593	READ:DOCX>EDIT:DOCX	NO_OVERWRITE;NO_CREATE_NEW_SOURCE
3594	edit_docx	reversed	DOCX	1	please update Version 1 as Version 2 r3594	READ:DOCX>EDIT:DOCX	NO_OVERWRITE;NO_CREATE_NEW_SOURCE
3595	edit_docx	nopunct	DOCX	1	Mumbai ko Pune se replace karo r3595	READ:DOCX>EDIT:DOCX	NO_OVERWRITE;NO_CREATE_NEW_SOURCE
3596	edit_docx	followup	DOCX	1	modify this word: replace Monday with Friday r3596	READ:DOCX>EDIT:DOCX	NO_OVERWRITE;NO_CREATE_NEW_SOURCE
3597	edit_docx	hinglish	DOCX	1	Ravi ki jagah Raj likh do r3597	READ:DOCX>EDIT:DOCX	NO_OVERWRITE;NO_CREATE_NEW_SOURCE
3598	edit_docx	english	DOCX	1	replace Draft with Final r3598	READ:DOCX>EDIT:DOCX	NO_OVERWRITE;NO_CREATE_NEW_SOURCE
3599	edit_docx	spelling	DOCX	1	New title likh do Old title ki jagah r3599	READ:DOCX>EDIT:DOCX	NO_OVERWRITE;NO_CREATE_NEW_SOURCE
3600	edit_docx	short	DOCX	1	change Pending to Done r3600	READ:DOCX>EDIT:DOCX	NO_OVERWRITE;NO_CREATE_NEW_SOURCE
3601	edit_docx	long	DOCX	1	word me Alpha ko Beta kar do r3601	READ:DOCX>EDIT:DOCX	NO_OVERWRITE;NO_CREATE_NEW_SOURCE
3602	edit_docx	reversed	DOCX	1	please update Version 1 as Version 2 r3602	READ:DOCX>EDIT:DOCX	NO_OVERWRITE;NO_CREATE_NEW_SOURCE
3603	edit_docx	nopunct	DOCX	1	Mumbai ko Pune se replace karo r3603	READ:DOCX>EDIT:DOCX	NO_OVERWRITE;NO_CREATE_NEW_SOURCE
3604	edit_docx	followup	DOCX	1	modify this word: replace Monday with Friday r3604	READ:DOCX>EDIT:DOCX	NO_OVERWRITE;NO_CREATE_NEW_SOURCE
3605	edit_docx	hinglish	DOCX	1	Ravi ki jagah Raj likh do r3605	READ:DOCX>EDIT:DOCX	NO_OVERWRITE;NO_CREATE_NEW_SOURCE
3606	edit_docx	english	DOCX	1	replace Draft with Final r3606	READ:DOCX>EDIT:DOCX	NO_OVERWRITE;NO_CREATE_NEW_SOURCE
3607	edit_docx	spelling	DOCX	1	New title likh do Old title ki jagah r3607	READ:DOCX>EDIT:DOCX	NO_OVERWRITE;NO_CREATE_NEW_SOURCE
3608	edit_docx	short	DOCX	1	change Pending to Done r3608	READ:DOCX>EDIT:DOCX	NO_OVERWRITE;NO_CREATE_NEW_SOURCE
3609	edit_docx	long	DOCX	1	word me Alpha ko Beta kar do r3609	READ:DOCX>EDIT:DOCX	NO_OVERWRITE;NO_CREATE_NEW_SOURCE
3610	edit_docx	reversed	DOCX	1	please update Version 1 as Version 2 r3610	READ:DOCX>EDIT:DOCX	NO_OVERWRITE;NO_CREATE_NEW_SOURCE
3611	edit_docx	nopunct	DOCX	1	Mumbai ko Pune se replace karo r3611	READ:DOCX>EDIT:DOCX	NO_OVERWRITE;NO_CREATE_NEW_SOURCE
3612	edit_docx	followup	DOCX	1	modify this word: replace Monday with Friday r3612	READ:DOCX>EDIT:DOCX	NO_OVERWRITE;NO_CREATE_NEW_SOURCE
3613	edit_docx	hinglish	DOCX	1	Ravi ki jagah Raj likh do r3613	READ:DOCX>EDIT:DOCX	NO_OVERWRITE;NO_CREATE_NEW_SOURCE
3614	edit_docx	english	DOCX	1	replace Draft with Final r3614	READ:DOCX>EDIT:DOCX	NO_OVERWRITE;NO_CREATE_NEW_SOURCE
3615	edit_docx	spelling	DOCX	1	New title likh do Old title ki jagah r3615	READ:DOCX>EDIT:DOCX	NO_OVERWRITE;NO_CREATE_NEW_SOURCE
3616	edit_docx	short	DOCX	1	change Pending to Done r3616	READ:DOCX>EDIT:DOCX	NO_OVERWRITE;NO_CREATE_NEW_SOURCE
3617	edit_docx	long	DOCX	1	word me Alpha ko Beta kar do r3617	READ:DOCX>EDIT:DOCX	NO_OVERWRITE;NO_CREATE_NEW_SOURCE
3618	edit_docx	reversed	DOCX	1	please update Version 1 as Version 2 r3618	READ:DOCX>EDIT:DOCX	NO_OVERWRITE;NO_CREATE_NEW_SOURCE
3619	edit_docx	nopunct	DOCX	1	Mumbai ko Pune se replace karo r3619	READ:DOCX>EDIT:DOCX	NO_OVERWRITE;NO_CREATE_NEW_SOURCE
3620	edit_docx	followup	DOCX	1	modify this word: replace Monday with Friday r3620	READ:DOCX>EDIT:DOCX	NO_OVERWRITE;NO_CREATE_NEW_SOURCE
3621	edit_docx	hinglish	DOCX	1	Ravi ki jagah Raj likh do r3621	READ:DOCX>EDIT:DOCX	NO_OVERWRITE;NO_CREATE_NEW_SOURCE
3622	edit_docx	english	DOCX	1	replace Draft with Final r3622	READ:DOCX>EDIT:DOCX	NO_OVERWRITE;NO_CREATE_NEW_SOURCE
3623	edit_docx	spelling	DOCX	1	New title likh do Old title ki jagah r3623	READ:DOCX>EDIT:DOCX	NO_OVERWRITE;NO_CREATE_NEW_SOURCE
3624	edit_docx	short	DOCX	1	change Pending to Done r3624	READ:DOCX>EDIT:DOCX	NO_OVERWRITE;NO_CREATE_NEW_SOURCE
3625	edit_docx	long	DOCX	1	word me Alpha ko Beta kar do r3625	READ:DOCX>EDIT:DOCX	NO_OVERWRITE;NO_CREATE_NEW_SOURCE
3626	edit_docx	reversed	DOCX	1	please update Version 1 as Version 2 r3626	READ:DOCX>EDIT:DOCX	NO_OVERWRITE;NO_CREATE_NEW_SOURCE
3627	edit_docx	nopunct	DOCX	1	Mumbai ko Pune se replace karo r3627	READ:DOCX>EDIT:DOCX	NO_OVERWRITE;NO_CREATE_NEW_SOURCE
3628	edit_docx	followup	DOCX	1	modify this word: replace Monday with Friday r3628	READ:DOCX>EDIT:DOCX	NO_OVERWRITE;NO_CREATE_NEW_SOURCE
3629	edit_docx	hinglish	DOCX	1	Ravi ki jagah Raj likh do r3629	READ:DOCX>EDIT:DOCX	NO_OVERWRITE;NO_CREATE_NEW_SOURCE
3630	edit_docx	english	DOCX	1	replace Draft with Final r3630	READ:DOCX>EDIT:DOCX	NO_OVERWRITE;NO_CREATE_NEW_SOURCE
3631	edit_docx	spelling	DOCX	1	New title likh do Old title ki jagah r3631	READ:DOCX>EDIT:DOCX	NO_OVERWRITE;NO_CREATE_NEW_SOURCE
3632	edit_docx	short	DOCX	1	change Pending to Done r3632	READ:DOCX>EDIT:DOCX	NO_OVERWRITE;NO_CREATE_NEW_SOURCE
3633	edit_docx	long	DOCX	1	word me Alpha ko Beta kar do r3633	READ:DOCX>EDIT:DOCX	NO_OVERWRITE;NO_CREATE_NEW_SOURCE
3634	edit_docx	reversed	DOCX	1	please update Version 1 as Version 2 r3634	READ:DOCX>EDIT:DOCX	NO_OVERWRITE;NO_CREATE_NEW_SOURCE
3635	edit_docx	nopunct	DOCX	1	Mumbai ko Pune se replace karo r3635	READ:DOCX>EDIT:DOCX	NO_OVERWRITE;NO_CREATE_NEW_SOURCE
3636	edit_docx	followup	DOCX	1	modify this word: replace Monday with Friday r3636	READ:DOCX>EDIT:DOCX	NO_OVERWRITE;NO_CREATE_NEW_SOURCE
3637	edit_docx	hinglish	DOCX	1	Ravi ki jagah Raj likh do r3637	READ:DOCX>EDIT:DOCX	NO_OVERWRITE;NO_CREATE_NEW_SOURCE
3638	edit_docx	english	DOCX	1	replace Draft with Final r3638	READ:DOCX>EDIT:DOCX	NO_OVERWRITE;NO_CREATE_NEW_SOURCE
3639	edit_docx	spelling	DOCX	1	New title likh do Old title ki jagah r3639	READ:DOCX>EDIT:DOCX	NO_OVERWRITE;NO_CREATE_NEW_SOURCE
3640	edit_docx	short	DOCX	1	change Pending to Done r3640	READ:DOCX>EDIT:DOCX	NO_OVERWRITE;NO_CREATE_NEW_SOURCE
3641	edit_docx	long	DOCX	1	word me Alpha ko Beta kar do r3641	READ:DOCX>EDIT:DOCX	NO_OVERWRITE;NO_CREATE_NEW_SOURCE
3642	edit_docx	reversed	DOCX	1	please update Version 1 as Version 2 r3642	READ:DOCX>EDIT:DOCX	NO_OVERWRITE;NO_CREATE_NEW_SOURCE
3643	edit_docx	nopunct	DOCX	1	Mumbai ko Pune se replace karo r3643	READ:DOCX>EDIT:DOCX	NO_OVERWRITE;NO_CREATE_NEW_SOURCE
3644	edit_docx	followup	DOCX	1	modify this word: replace Monday with Friday r3644	READ:DOCX>EDIT:DOCX	NO_OVERWRITE;NO_CREATE_NEW_SOURCE
3645	edit_docx	hinglish	DOCX	1	Ravi ki jagah Raj likh do r3645	READ:DOCX>EDIT:DOCX	NO_OVERWRITE;NO_CREATE_NEW_SOURCE
3646	edit_docx	english	DOCX	1	replace Draft with Final r3646	READ:DOCX>EDIT:DOCX	NO_OVERWRITE;NO_CREATE_NEW_SOURCE
3647	edit_docx	spelling	DOCX	1	New title likh do Old title ki jagah r3647	READ:DOCX>EDIT:DOCX	NO_OVERWRITE;NO_CREATE_NEW_SOURCE
3648	edit_docx	short	DOCX	1	change Pending to Done r3648	READ:DOCX>EDIT:DOCX	NO_OVERWRITE;NO_CREATE_NEW_SOURCE
3649	edit_docx	long	DOCX	1	word me Alpha ko Beta kar do r3649	READ:DOCX>EDIT:DOCX	NO_OVERWRITE;NO_CREATE_NEW_SOURCE
3650	edit_docx	reversed	DOCX	1	please update Version 1 as Version 2 r3650	READ:DOCX>EDIT:DOCX	NO_OVERWRITE;NO_CREATE_NEW_SOURCE
3651	edit_docx	nopunct	DOCX	1	Mumbai ko Pune se replace karo r3651	READ:DOCX>EDIT:DOCX	NO_OVERWRITE;NO_CREATE_NEW_SOURCE
3652	edit_docx	followup	DOCX	1	modify this word: replace Monday with Friday r3652	READ:DOCX>EDIT:DOCX	NO_OVERWRITE;NO_CREATE_NEW_SOURCE
3653	edit_docx	hinglish	DOCX	1	Ravi ki jagah Raj likh do r3653	READ:DOCX>EDIT:DOCX	NO_OVERWRITE;NO_CREATE_NEW_SOURCE
3654	edit_docx	english	DOCX	1	replace Draft with Final r3654	READ:DOCX>EDIT:DOCX	NO_OVERWRITE;NO_CREATE_NEW_SOURCE
3655	edit_docx	spelling	DOCX	1	New title likh do Old title ki jagah r3655	READ:DOCX>EDIT:DOCX	NO_OVERWRITE;NO_CREATE_NEW_SOURCE
3656	edit_docx	short	DOCX	1	change Pending to Done r3656	READ:DOCX>EDIT:DOCX	NO_OVERWRITE;NO_CREATE_NEW_SOURCE
3657	edit_docx	long	DOCX	1	word me Alpha ko Beta kar do r3657	READ:DOCX>EDIT:DOCX	NO_OVERWRITE;NO_CREATE_NEW_SOURCE
3658	edit_docx	reversed	DOCX	1	please update Version 1 as Version 2 r3658	READ:DOCX>EDIT:DOCX	NO_OVERWRITE;NO_CREATE_NEW_SOURCE
3659	edit_docx	nopunct	DOCX	1	Mumbai ko Pune se replace karo r3659	READ:DOCX>EDIT:DOCX	NO_OVERWRITE;NO_CREATE_NEW_SOURCE
3660	edit_docx	followup	DOCX	1	modify this word: replace Monday with Friday r3660	READ:DOCX>EDIT:DOCX	NO_OVERWRITE;NO_CREATE_NEW_SOURCE
3661	edit_docx	hinglish	DOCX	1	Ravi ki jagah Raj likh do r3661	READ:DOCX>EDIT:DOCX	NO_OVERWRITE;NO_CREATE_NEW_SOURCE
3662	edit_docx	english	DOCX	1	replace Draft with Final r3662	READ:DOCX>EDIT:DOCX	NO_OVERWRITE;NO_CREATE_NEW_SOURCE
3663	edit_docx	spelling	DOCX	1	New title likh do Old title ki jagah r3663	READ:DOCX>EDIT:DOCX	NO_OVERWRITE;NO_CREATE_NEW_SOURCE
3664	edit_docx	short	DOCX	1	change Pending to Done r3664	READ:DOCX>EDIT:DOCX	NO_OVERWRITE;NO_CREATE_NEW_SOURCE
3665	edit_docx	long	DOCX	1	word me Alpha ko Beta kar do r3665	READ:DOCX>EDIT:DOCX	NO_OVERWRITE;NO_CREATE_NEW_SOURCE
3666	edit_docx	reversed	DOCX	1	please update Version 1 as Version 2 r3666	READ:DOCX>EDIT:DOCX	NO_OVERWRITE;NO_CREATE_NEW_SOURCE
3667	edit_docx	nopunct	DOCX	1	Mumbai ko Pune se replace karo r3667	READ:DOCX>EDIT:DOCX	NO_OVERWRITE;NO_CREATE_NEW_SOURCE
3668	edit_docx	followup	DOCX	1	modify this word: replace Monday with Friday r3668	READ:DOCX>EDIT:DOCX	NO_OVERWRITE;NO_CREATE_NEW_SOURCE
3669	edit_docx	hinglish	DOCX	1	Ravi ki jagah Raj likh do r3669	READ:DOCX>EDIT:DOCX	NO_OVERWRITE;NO_CREATE_NEW_SOURCE
3670	edit_docx	english	DOCX	1	replace Draft with Final r3670	READ:DOCX>EDIT:DOCX	NO_OVERWRITE;NO_CREATE_NEW_SOURCE
3671	edit_docx	spelling	DOCX	1	New title likh do Old title ki jagah r3671	READ:DOCX>EDIT:DOCX	NO_OVERWRITE;NO_CREATE_NEW_SOURCE
3672	edit_docx	short	DOCX	1	change Pending to Done r3672	READ:DOCX>EDIT:DOCX	NO_OVERWRITE;NO_CREATE_NEW_SOURCE
3673	edit_docx	long	DOCX	1	word me Alpha ko Beta kar do r3673	READ:DOCX>EDIT:DOCX	NO_OVERWRITE;NO_CREATE_NEW_SOURCE
3674	edit_docx	reversed	DOCX	1	please update Version 1 as Version 2 r3674	READ:DOCX>EDIT:DOCX	NO_OVERWRITE;NO_CREATE_NEW_SOURCE
3675	edit_docx	nopunct	DOCX	1	Mumbai ko Pune se replace karo r3675	READ:DOCX>EDIT:DOCX	NO_OVERWRITE;NO_CREATE_NEW_SOURCE
3676	edit_docx	followup	DOCX	1	modify this word: replace Monday with Friday r3676	READ:DOCX>EDIT:DOCX	NO_OVERWRITE;NO_CREATE_NEW_SOURCE
3677	edit_docx	hinglish	DOCX	1	Ravi ki jagah Raj likh do r3677	READ:DOCX>EDIT:DOCX	NO_OVERWRITE;NO_CREATE_NEW_SOURCE
3678	edit_docx	english	DOCX	1	replace Draft with Final r3678	READ:DOCX>EDIT:DOCX	NO_OVERWRITE;NO_CREATE_NEW_SOURCE
3679	edit_docx	spelling	DOCX	1	New title likh do Old title ki jagah r3679	READ:DOCX>EDIT:DOCX	NO_OVERWRITE;NO_CREATE_NEW_SOURCE
3680	edit_docx	short	DOCX	1	change Pending to Done r3680	READ:DOCX>EDIT:DOCX	NO_OVERWRITE;NO_CREATE_NEW_SOURCE
3681	edit_docx	long	DOCX	1	word me Alpha ko Beta kar do r3681	READ:DOCX>EDIT:DOCX	NO_OVERWRITE;NO_CREATE_NEW_SOURCE
3682	edit_docx	reversed	DOCX	1	please update Version 1 as Version 2 r3682	READ:DOCX>EDIT:DOCX	NO_OVERWRITE;NO_CREATE_NEW_SOURCE
3683	edit_docx	nopunct	DOCX	1	Mumbai ko Pune se replace karo r3683	READ:DOCX>EDIT:DOCX	NO_OVERWRITE;NO_CREATE_NEW_SOURCE
3684	edit_docx	followup	DOCX	1	modify this word: replace Monday with Friday r3684	READ:DOCX>EDIT:DOCX	NO_OVERWRITE;NO_CREATE_NEW_SOURCE
3685	edit_docx	hinglish	DOCX	1	Ravi ki jagah Raj likh do r3685	READ:DOCX>EDIT:DOCX	NO_OVERWRITE;NO_CREATE_NEW_SOURCE
3686	edit_docx	english	DOCX	1	replace Draft with Final r3686	READ:DOCX>EDIT:DOCX	NO_OVERWRITE;NO_CREATE_NEW_SOURCE
3687	edit_docx	spelling	DOCX	1	New title likh do Old title ki jagah r3687	READ:DOCX>EDIT:DOCX	NO_OVERWRITE;NO_CREATE_NEW_SOURCE
3688	edit_docx	short	DOCX	1	change Pending to Done r3688	READ:DOCX>EDIT:DOCX	NO_OVERWRITE;NO_CREATE_NEW_SOURCE
3689	edit_docx	long	DOCX	1	word me Alpha ko Beta kar do r3689	READ:DOCX>EDIT:DOCX	NO_OVERWRITE;NO_CREATE_NEW_SOURCE
3690	edit_docx	reversed	DOCX	1	please update Version 1 as Version 2 r3690	READ:DOCX>EDIT:DOCX	NO_OVERWRITE;NO_CREATE_NEW_SOURCE
3691	edit_docx	nopunct	DOCX	1	Mumbai ko Pune se replace karo r3691	READ:DOCX>EDIT:DOCX	NO_OVERWRITE;NO_CREATE_NEW_SOURCE
3692	edit_docx	followup	DOCX	1	modify this word: replace Monday with Friday r3692	READ:DOCX>EDIT:DOCX	NO_OVERWRITE;NO_CREATE_NEW_SOURCE
3693	edit_docx	hinglish	DOCX	1	Ravi ki jagah Raj likh do r3693	READ:DOCX>EDIT:DOCX	NO_OVERWRITE;NO_CREATE_NEW_SOURCE
3694	edit_docx	english	DOCX	1	replace Draft with Final r3694	READ:DOCX>EDIT:DOCX	NO_OVERWRITE;NO_CREATE_NEW_SOURCE
3695	edit_docx	spelling	DOCX	1	New title likh do Old title ki jagah r3695	READ:DOCX>EDIT:DOCX	NO_OVERWRITE;NO_CREATE_NEW_SOURCE
3696	edit_docx	short	DOCX	1	change Pending to Done r3696	READ:DOCX>EDIT:DOCX	NO_OVERWRITE;NO_CREATE_NEW_SOURCE
3697	edit_docx	long	DOCX	1	word me Alpha ko Beta kar do r3697	READ:DOCX>EDIT:DOCX	NO_OVERWRITE;NO_CREATE_NEW_SOURCE
3698	edit_docx	reversed	DOCX	1	please update Version 1 as Version 2 r3698	READ:DOCX>EDIT:DOCX	NO_OVERWRITE;NO_CREATE_NEW_SOURCE
3699	edit_docx	nopunct	DOCX	1	Mumbai ko Pune se replace karo r3699	READ:DOCX>EDIT:DOCX	NO_OVERWRITE;NO_CREATE_NEW_SOURCE
3700	edit_docx	followup	DOCX	1	modify this word: replace Monday with Friday r3700	READ:DOCX>EDIT:DOCX	NO_OVERWRITE;NO_CREATE_NEW_SOURCE
3701	edit_xlsx	hinglish	XLSX	1	B2 me 125 likh do r3701	READ:XLSX>EDIT:XLSX	NO_OVERWRITE;NO_CREATE_NEW_SOURCE
3702	edit_xlsx	english	XLSX	1	set C3 to 250 r3702	READ:XLSX>EDIT:XLSX	NO_OVERWRITE;NO_CREATE_NEW_SOURCE
3703	edit_xlsx	spelling	XLSX	1	sheet Summary me D4 me 350 likh do r3703	READ:XLSX>EDIT:XLSX	NO_OVERWRITE;NO_CREATE_NEW_SOURCE
3704	edit_xlsx	short	XLSX	1	put 500 in E5 r3704	READ:XLSX>EDIT:XLSX	NO_OVERWRITE;NO_CREATE_NEW_SOURCE
3705	edit_xlsx	long	XLSX	1	excel me F6 ko 750 kar do r3705	READ:XLSX>EDIT:XLSX	NO_OVERWRITE;NO_CREATE_NEW_SOURCE
3706	edit_xlsx	reversed	XLSX	1	Input sheet mein G7 ki value 900 karna r3706	READ:XLSX>EDIT:XLSX	NO_OVERWRITE;NO_CREATE_NEW_SOURCE
3707	edit_xlsx	nopunct	XLSX	1	enter 42 at H8 r3707	READ:XLSX>EDIT:XLSX	NO_OVERWRITE;NO_CREATE_NEW_SOURCE
3708	edit_xlsx	followup	XLSX	1	A10 mein 1000 bhar do r3708	READ:XLSX>EDIT:XLSX	NO_OVERWRITE;NO_CREATE_NEW_SOURCE
3709	edit_xlsx	hinglish	XLSX	1	B2 me 125 likh do r3709	READ:XLSX>EDIT:XLSX	NO_OVERWRITE;NO_CREATE_NEW_SOURCE
3710	edit_xlsx	english	XLSX	1	set C3 to 250 r3710	READ:XLSX>EDIT:XLSX	NO_OVERWRITE;NO_CREATE_NEW_SOURCE
3711	edit_xlsx	spelling	XLSX	1	sheet Summary me D4 me 350 likh do r3711	READ:XLSX>EDIT:XLSX	NO_OVERWRITE;NO_CREATE_NEW_SOURCE
3712	edit_xlsx	short	XLSX	1	put 500 in E5 r3712	READ:XLSX>EDIT:XLSX	NO_OVERWRITE;NO_CREATE_NEW_SOURCE
3713	edit_xlsx	long	XLSX	1	excel me F6 ko 750 kar do r3713	READ:XLSX>EDIT:XLSX	NO_OVERWRITE;NO_CREATE_NEW_SOURCE
3714	edit_xlsx	reversed	XLSX	1	Input sheet mein G7 ki value 900 karna r3714	READ:XLSX>EDIT:XLSX	NO_OVERWRITE;NO_CREATE_NEW_SOURCE
3715	edit_xlsx	nopunct	XLSX	1	enter 42 at H8 r3715	READ:XLSX>EDIT:XLSX	NO_OVERWRITE;NO_CREATE_NEW_SOURCE
3716	edit_xlsx	followup	XLSX	1	A10 mein 1000 bhar do r3716	READ:XLSX>EDIT:XLSX	NO_OVERWRITE;NO_CREATE_NEW_SOURCE
3717	edit_xlsx	hinglish	XLSX	1	B2 me 125 likh do r3717	READ:XLSX>EDIT:XLSX	NO_OVERWRITE;NO_CREATE_NEW_SOURCE
3718	edit_xlsx	english	XLSX	1	set C3 to 250 r3718	READ:XLSX>EDIT:XLSX	NO_OVERWRITE;NO_CREATE_NEW_SOURCE
3719	edit_xlsx	spelling	XLSX	1	sheet Summary me D4 me 350 likh do r3719	READ:XLSX>EDIT:XLSX	NO_OVERWRITE;NO_CREATE_NEW_SOURCE
3720	edit_xlsx	short	XLSX	1	put 500 in E5 r3720	READ:XLSX>EDIT:XLSX	NO_OVERWRITE;NO_CREATE_NEW_SOURCE
3721	edit_xlsx	long	XLSX	1	excel me F6 ko 750 kar do r3721	READ:XLSX>EDIT:XLSX	NO_OVERWRITE;NO_CREATE_NEW_SOURCE
3722	edit_xlsx	reversed	XLSX	1	Input sheet mein G7 ki value 900 karna r3722	READ:XLSX>EDIT:XLSX	NO_OVERWRITE;NO_CREATE_NEW_SOURCE
3723	edit_xlsx	nopunct	XLSX	1	enter 42 at H8 r3723	READ:XLSX>EDIT:XLSX	NO_OVERWRITE;NO_CREATE_NEW_SOURCE
3724	edit_xlsx	followup	XLSX	1	A10 mein 1000 bhar do r3724	READ:XLSX>EDIT:XLSX	NO_OVERWRITE;NO_CREATE_NEW_SOURCE
3725	edit_xlsx	hinglish	XLSX	1	B2 me 125 likh do r3725	READ:XLSX>EDIT:XLSX	NO_OVERWRITE;NO_CREATE_NEW_SOURCE
3726	edit_xlsx	english	XLSX	1	set C3 to 250 r3726	READ:XLSX>EDIT:XLSX	NO_OVERWRITE;NO_CREATE_NEW_SOURCE
3727	edit_xlsx	spelling	XLSX	1	sheet Summary me D4 me 350 likh do r3727	READ:XLSX>EDIT:XLSX	NO_OVERWRITE;NO_CREATE_NEW_SOURCE
3728	edit_xlsx	short	XLSX	1	put 500 in E5 r3728	READ:XLSX>EDIT:XLSX	NO_OVERWRITE;NO_CREATE_NEW_SOURCE
3729	edit_xlsx	long	XLSX	1	excel me F6 ko 750 kar do r3729	READ:XLSX>EDIT:XLSX	NO_OVERWRITE;NO_CREATE_NEW_SOURCE
3730	edit_xlsx	reversed	XLSX	1	Input sheet mein G7 ki value 900 karna r3730	READ:XLSX>EDIT:XLSX	NO_OVERWRITE;NO_CREATE_NEW_SOURCE
3731	edit_xlsx	nopunct	XLSX	1	enter 42 at H8 r3731	READ:XLSX>EDIT:XLSX	NO_OVERWRITE;NO_CREATE_NEW_SOURCE
3732	edit_xlsx	followup	XLSX	1	A10 mein 1000 bhar do r3732	READ:XLSX>EDIT:XLSX	NO_OVERWRITE;NO_CREATE_NEW_SOURCE
3733	edit_xlsx	hinglish	XLSX	1	B2 me 125 likh do r3733	READ:XLSX>EDIT:XLSX	NO_OVERWRITE;NO_CREATE_NEW_SOURCE
3734	edit_xlsx	english	XLSX	1	set C3 to 250 r3734	READ:XLSX>EDIT:XLSX	NO_OVERWRITE;NO_CREATE_NEW_SOURCE
3735	edit_xlsx	spelling	XLSX	1	sheet Summary me D4 me 350 likh do r3735	READ:XLSX>EDIT:XLSX	NO_OVERWRITE;NO_CREATE_NEW_SOURCE
3736	edit_xlsx	short	XLSX	1	put 500 in E5 r3736	READ:XLSX>EDIT:XLSX	NO_OVERWRITE;NO_CREATE_NEW_SOURCE
3737	edit_xlsx	long	XLSX	1	excel me F6 ko 750 kar do r3737	READ:XLSX>EDIT:XLSX	NO_OVERWRITE;NO_CREATE_NEW_SOURCE
3738	edit_xlsx	reversed	XLSX	1	Input sheet mein G7 ki value 900 karna r3738	READ:XLSX>EDIT:XLSX	NO_OVERWRITE;NO_CREATE_NEW_SOURCE
3739	edit_xlsx	nopunct	XLSX	1	enter 42 at H8 r3739	READ:XLSX>EDIT:XLSX	NO_OVERWRITE;NO_CREATE_NEW_SOURCE
3740	edit_xlsx	followup	XLSX	1	A10 mein 1000 bhar do r3740	READ:XLSX>EDIT:XLSX	NO_OVERWRITE;NO_CREATE_NEW_SOURCE
3741	edit_xlsx	hinglish	XLSX	1	B2 me 125 likh do r3741	READ:XLSX>EDIT:XLSX	NO_OVERWRITE;NO_CREATE_NEW_SOURCE
3742	edit_xlsx	english	XLSX	1	set C3 to 250 r3742	READ:XLSX>EDIT:XLSX	NO_OVERWRITE;NO_CREATE_NEW_SOURCE
3743	edit_xlsx	spelling	XLSX	1	sheet Summary me D4 me 350 likh do r3743	READ:XLSX>EDIT:XLSX	NO_OVERWRITE;NO_CREATE_NEW_SOURCE
3744	edit_xlsx	short	XLSX	1	put 500 in E5 r3744	READ:XLSX>EDIT:XLSX	NO_OVERWRITE;NO_CREATE_NEW_SOURCE
3745	edit_xlsx	long	XLSX	1	excel me F6 ko 750 kar do r3745	READ:XLSX>EDIT:XLSX	NO_OVERWRITE;NO_CREATE_NEW_SOURCE
3746	edit_xlsx	reversed	XLSX	1	Input sheet mein G7 ki value 900 karna r3746	READ:XLSX>EDIT:XLSX	NO_OVERWRITE;NO_CREATE_NEW_SOURCE
3747	edit_xlsx	nopunct	XLSX	1	enter 42 at H8 r3747	READ:XLSX>EDIT:XLSX	NO_OVERWRITE;NO_CREATE_NEW_SOURCE
3748	edit_xlsx	followup	XLSX	1	A10 mein 1000 bhar do r3748	READ:XLSX>EDIT:XLSX	NO_OVERWRITE;NO_CREATE_NEW_SOURCE
3749	edit_xlsx	hinglish	XLSX	1	B2 me 125 likh do r3749	READ:XLSX>EDIT:XLSX	NO_OVERWRITE;NO_CREATE_NEW_SOURCE
3750	edit_xlsx	english	XLSX	1	set C3 to 250 r3750	READ:XLSX>EDIT:XLSX	NO_OVERWRITE;NO_CREATE_NEW_SOURCE
3751	edit_xlsx	spelling	XLSX	1	sheet Summary me D4 me 350 likh do r3751	READ:XLSX>EDIT:XLSX	NO_OVERWRITE;NO_CREATE_NEW_SOURCE
3752	edit_xlsx	short	XLSX	1	put 500 in E5 r3752	READ:XLSX>EDIT:XLSX	NO_OVERWRITE;NO_CREATE_NEW_SOURCE
3753	edit_xlsx	long	XLSX	1	excel me F6 ko 750 kar do r3753	READ:XLSX>EDIT:XLSX	NO_OVERWRITE;NO_CREATE_NEW_SOURCE
3754	edit_xlsx	reversed	XLSX	1	Input sheet mein G7 ki value 900 karna r3754	READ:XLSX>EDIT:XLSX	NO_OVERWRITE;NO_CREATE_NEW_SOURCE
3755	edit_xlsx	nopunct	XLSX	1	enter 42 at H8 r3755	READ:XLSX>EDIT:XLSX	NO_OVERWRITE;NO_CREATE_NEW_SOURCE
3756	edit_xlsx	followup	XLSX	1	A10 mein 1000 bhar do r3756	READ:XLSX>EDIT:XLSX	NO_OVERWRITE;NO_CREATE_NEW_SOURCE
3757	edit_xlsx	hinglish	XLSX	1	B2 me 125 likh do r3757	READ:XLSX>EDIT:XLSX	NO_OVERWRITE;NO_CREATE_NEW_SOURCE
3758	edit_xlsx	english	XLSX	1	set C3 to 250 r3758	READ:XLSX>EDIT:XLSX	NO_OVERWRITE;NO_CREATE_NEW_SOURCE
3759	edit_xlsx	spelling	XLSX	1	sheet Summary me D4 me 350 likh do r3759	READ:XLSX>EDIT:XLSX	NO_OVERWRITE;NO_CREATE_NEW_SOURCE
3760	edit_xlsx	short	XLSX	1	put 500 in E5 r3760	READ:XLSX>EDIT:XLSX	NO_OVERWRITE;NO_CREATE_NEW_SOURCE
3761	edit_xlsx	long	XLSX	1	excel me F6 ko 750 kar do r3761	READ:XLSX>EDIT:XLSX	NO_OVERWRITE;NO_CREATE_NEW_SOURCE
3762	edit_xlsx	reversed	XLSX	1	Input sheet mein G7 ki value 900 karna r3762	READ:XLSX>EDIT:XLSX	NO_OVERWRITE;NO_CREATE_NEW_SOURCE
3763	edit_xlsx	nopunct	XLSX	1	enter 42 at H8 r3763	READ:XLSX>EDIT:XLSX	NO_OVERWRITE;NO_CREATE_NEW_SOURCE
3764	edit_xlsx	followup	XLSX	1	A10 mein 1000 bhar do r3764	READ:XLSX>EDIT:XLSX	NO_OVERWRITE;NO_CREATE_NEW_SOURCE
3765	edit_xlsx	hinglish	XLSX	1	B2 me 125 likh do r3765	READ:XLSX>EDIT:XLSX	NO_OVERWRITE;NO_CREATE_NEW_SOURCE
3766	edit_xlsx	english	XLSX	1	set C3 to 250 r3766	READ:XLSX>EDIT:XLSX	NO_OVERWRITE;NO_CREATE_NEW_SOURCE
3767	edit_xlsx	spelling	XLSX	1	sheet Summary me D4 me 350 likh do r3767	READ:XLSX>EDIT:XLSX	NO_OVERWRITE;NO_CREATE_NEW_SOURCE
3768	edit_xlsx	short	XLSX	1	put 500 in E5 r3768	READ:XLSX>EDIT:XLSX	NO_OVERWRITE;NO_CREATE_NEW_SOURCE
3769	edit_xlsx	long	XLSX	1	excel me F6 ko 750 kar do r3769	READ:XLSX>EDIT:XLSX	NO_OVERWRITE;NO_CREATE_NEW_SOURCE
3770	edit_xlsx	reversed	XLSX	1	Input sheet mein G7 ki value 900 karna r3770	READ:XLSX>EDIT:XLSX	NO_OVERWRITE;NO_CREATE_NEW_SOURCE
3771	edit_xlsx	nopunct	XLSX	1	enter 42 at H8 r3771	READ:XLSX>EDIT:XLSX	NO_OVERWRITE;NO_CREATE_NEW_SOURCE
3772	edit_xlsx	followup	XLSX	1	A10 mein 1000 bhar do r3772	READ:XLSX>EDIT:XLSX	NO_OVERWRITE;NO_CREATE_NEW_SOURCE
3773	edit_xlsx	hinglish	XLSX	1	B2 me 125 likh do r3773	READ:XLSX>EDIT:XLSX	NO_OVERWRITE;NO_CREATE_NEW_SOURCE
3774	edit_xlsx	english	XLSX	1	set C3 to 250 r3774	READ:XLSX>EDIT:XLSX	NO_OVERWRITE;NO_CREATE_NEW_SOURCE
3775	edit_xlsx	spelling	XLSX	1	sheet Summary me D4 me 350 likh do r3775	READ:XLSX>EDIT:XLSX	NO_OVERWRITE;NO_CREATE_NEW_SOURCE
3776	edit_xlsx	short	XLSX	1	put 500 in E5 r3776	READ:XLSX>EDIT:XLSX	NO_OVERWRITE;NO_CREATE_NEW_SOURCE
3777	edit_xlsx	long	XLSX	1	excel me F6 ko 750 kar do r3777	READ:XLSX>EDIT:XLSX	NO_OVERWRITE;NO_CREATE_NEW_SOURCE
3778	edit_xlsx	reversed	XLSX	1	Input sheet mein G7 ki value 900 karna r3778	READ:XLSX>EDIT:XLSX	NO_OVERWRITE;NO_CREATE_NEW_SOURCE
3779	edit_xlsx	nopunct	XLSX	1	enter 42 at H8 r3779	READ:XLSX>EDIT:XLSX	NO_OVERWRITE;NO_CREATE_NEW_SOURCE
3780	edit_xlsx	followup	XLSX	1	A10 mein 1000 bhar do r3780	READ:XLSX>EDIT:XLSX	NO_OVERWRITE;NO_CREATE_NEW_SOURCE
3781	edit_xlsx	hinglish	XLSX	1	B2 me 125 likh do r3781	READ:XLSX>EDIT:XLSX	NO_OVERWRITE;NO_CREATE_NEW_SOURCE
3782	edit_xlsx	english	XLSX	1	set C3 to 250 r3782	READ:XLSX>EDIT:XLSX	NO_OVERWRITE;NO_CREATE_NEW_SOURCE
3783	edit_xlsx	spelling	XLSX	1	sheet Summary me D4 me 350 likh do r3783	READ:XLSX>EDIT:XLSX	NO_OVERWRITE;NO_CREATE_NEW_SOURCE
3784	edit_xlsx	short	XLSX	1	put 500 in E5 r3784	READ:XLSX>EDIT:XLSX	NO_OVERWRITE;NO_CREATE_NEW_SOURCE
3785	edit_xlsx	long	XLSX	1	excel me F6 ko 750 kar do r3785	READ:XLSX>EDIT:XLSX	NO_OVERWRITE;NO_CREATE_NEW_SOURCE
3786	edit_xlsx	reversed	XLSX	1	Input sheet mein G7 ki value 900 karna r3786	READ:XLSX>EDIT:XLSX	NO_OVERWRITE;NO_CREATE_NEW_SOURCE
3787	edit_xlsx	nopunct	XLSX	1	enter 42 at H8 r3787	READ:XLSX>EDIT:XLSX	NO_OVERWRITE;NO_CREATE_NEW_SOURCE
3788	edit_xlsx	followup	XLSX	1	A10 mein 1000 bhar do r3788	READ:XLSX>EDIT:XLSX	NO_OVERWRITE;NO_CREATE_NEW_SOURCE
3789	edit_xlsx	hinglish	XLSX	1	B2 me 125 likh do r3789	READ:XLSX>EDIT:XLSX	NO_OVERWRITE;NO_CREATE_NEW_SOURCE
3790	edit_xlsx	english	XLSX	1	set C3 to 250 r3790	READ:XLSX>EDIT:XLSX	NO_OVERWRITE;NO_CREATE_NEW_SOURCE
3791	edit_xlsx	spelling	XLSX	1	sheet Summary me D4 me 350 likh do r3791	READ:XLSX>EDIT:XLSX	NO_OVERWRITE;NO_CREATE_NEW_SOURCE
3792	edit_xlsx	short	XLSX	1	put 500 in E5 r3792	READ:XLSX>EDIT:XLSX	NO_OVERWRITE;NO_CREATE_NEW_SOURCE
3793	edit_xlsx	long	XLSX	1	excel me F6 ko 750 kar do r3793	READ:XLSX>EDIT:XLSX	NO_OVERWRITE;NO_CREATE_NEW_SOURCE
3794	edit_xlsx	reversed	XLSX	1	Input sheet mein G7 ki value 900 karna r3794	READ:XLSX>EDIT:XLSX	NO_OVERWRITE;NO_CREATE_NEW_SOURCE
3795	edit_xlsx	nopunct	XLSX	1	enter 42 at H8 r3795	READ:XLSX>EDIT:XLSX	NO_OVERWRITE;NO_CREATE_NEW_SOURCE
3796	edit_xlsx	followup	XLSX	1	A10 mein 1000 bhar do r3796	READ:XLSX>EDIT:XLSX	NO_OVERWRITE;NO_CREATE_NEW_SOURCE
3797	edit_xlsx	hinglish	XLSX	1	B2 me 125 likh do r3797	READ:XLSX>EDIT:XLSX	NO_OVERWRITE;NO_CREATE_NEW_SOURCE
3798	edit_xlsx	english	XLSX	1	set C3 to 250 r3798	READ:XLSX>EDIT:XLSX	NO_OVERWRITE;NO_CREATE_NEW_SOURCE
3799	edit_xlsx	spelling	XLSX	1	sheet Summary me D4 me 350 likh do r3799	READ:XLSX>EDIT:XLSX	NO_OVERWRITE;NO_CREATE_NEW_SOURCE
3800	edit_xlsx	short	XLSX	1	put 500 in E5 r3800	READ:XLSX>EDIT:XLSX	NO_OVERWRITE;NO_CREATE_NEW_SOURCE
3801	edit_xlsx	long	XLSX	1	excel me F6 ko 750 kar do r3801	READ:XLSX>EDIT:XLSX	NO_OVERWRITE;NO_CREATE_NEW_SOURCE
3802	edit_xlsx	reversed	XLSX	1	Input sheet mein G7 ki value 900 karna r3802	READ:XLSX>EDIT:XLSX	NO_OVERWRITE;NO_CREATE_NEW_SOURCE
3803	edit_xlsx	nopunct	XLSX	1	enter 42 at H8 r3803	READ:XLSX>EDIT:XLSX	NO_OVERWRITE;NO_CREATE_NEW_SOURCE
3804	edit_xlsx	followup	XLSX	1	A10 mein 1000 bhar do r3804	READ:XLSX>EDIT:XLSX	NO_OVERWRITE;NO_CREATE_NEW_SOURCE
3805	edit_xlsx	hinglish	XLSX	1	B2 me 125 likh do r3805	READ:XLSX>EDIT:XLSX	NO_OVERWRITE;NO_CREATE_NEW_SOURCE
3806	edit_xlsx	english	XLSX	1	set C3 to 250 r3806	READ:XLSX>EDIT:XLSX	NO_OVERWRITE;NO_CREATE_NEW_SOURCE
3807	edit_xlsx	spelling	XLSX	1	sheet Summary me D4 me 350 likh do r3807	READ:XLSX>EDIT:XLSX	NO_OVERWRITE;NO_CREATE_NEW_SOURCE
3808	edit_xlsx	short	XLSX	1	put 500 in E5 r3808	READ:XLSX>EDIT:XLSX	NO_OVERWRITE;NO_CREATE_NEW_SOURCE
3809	edit_xlsx	long	XLSX	1	excel me F6 ko 750 kar do r3809	READ:XLSX>EDIT:XLSX	NO_OVERWRITE;NO_CREATE_NEW_SOURCE
3810	edit_xlsx	reversed	XLSX	1	Input sheet mein G7 ki value 900 karna r3810	READ:XLSX>EDIT:XLSX	NO_OVERWRITE;NO_CREATE_NEW_SOURCE
3811	edit_xlsx	nopunct	XLSX	1	enter 42 at H8 r3811	READ:XLSX>EDIT:XLSX	NO_OVERWRITE;NO_CREATE_NEW_SOURCE
3812	edit_xlsx	followup	XLSX	1	A10 mein 1000 bhar do r3812	READ:XLSX>EDIT:XLSX	NO_OVERWRITE;NO_CREATE_NEW_SOURCE
3813	edit_xlsx	hinglish	XLSX	1	B2 me 125 likh do r3813	READ:XLSX>EDIT:XLSX	NO_OVERWRITE;NO_CREATE_NEW_SOURCE
3814	edit_xlsx	english	XLSX	1	set C3 to 250 r3814	READ:XLSX>EDIT:XLSX	NO_OVERWRITE;NO_CREATE_NEW_SOURCE
3815	edit_xlsx	spelling	XLSX	1	sheet Summary me D4 me 350 likh do r3815	READ:XLSX>EDIT:XLSX	NO_OVERWRITE;NO_CREATE_NEW_SOURCE
3816	edit_xlsx	short	XLSX	1	put 500 in E5 r3816	READ:XLSX>EDIT:XLSX	NO_OVERWRITE;NO_CREATE_NEW_SOURCE
3817	edit_xlsx	long	XLSX	1	excel me F6 ko 750 kar do r3817	READ:XLSX>EDIT:XLSX	NO_OVERWRITE;NO_CREATE_NEW_SOURCE
3818	edit_xlsx	reversed	XLSX	1	Input sheet mein G7 ki value 900 karna r3818	READ:XLSX>EDIT:XLSX	NO_OVERWRITE;NO_CREATE_NEW_SOURCE
3819	edit_xlsx	nopunct	XLSX	1	enter 42 at H8 r3819	READ:XLSX>EDIT:XLSX	NO_OVERWRITE;NO_CREATE_NEW_SOURCE
3820	edit_xlsx	followup	XLSX	1	A10 mein 1000 bhar do r3820	READ:XLSX>EDIT:XLSX	NO_OVERWRITE;NO_CREATE_NEW_SOURCE
3821	edit_xlsx	hinglish	XLSX	1	B2 me 125 likh do r3821	READ:XLSX>EDIT:XLSX	NO_OVERWRITE;NO_CREATE_NEW_SOURCE
3822	edit_xlsx	english	XLSX	1	set C3 to 250 r3822	READ:XLSX>EDIT:XLSX	NO_OVERWRITE;NO_CREATE_NEW_SOURCE
3823	edit_xlsx	spelling	XLSX	1	sheet Summary me D4 me 350 likh do r3823	READ:XLSX>EDIT:XLSX	NO_OVERWRITE;NO_CREATE_NEW_SOURCE
3824	edit_xlsx	short	XLSX	1	put 500 in E5 r3824	READ:XLSX>EDIT:XLSX	NO_OVERWRITE;NO_CREATE_NEW_SOURCE
3825	edit_xlsx	long	XLSX	1	excel me F6 ko 750 kar do r3825	READ:XLSX>EDIT:XLSX	NO_OVERWRITE;NO_CREATE_NEW_SOURCE
3826	edit_xlsx	reversed	XLSX	1	Input sheet mein G7 ki value 900 karna r3826	READ:XLSX>EDIT:XLSX	NO_OVERWRITE;NO_CREATE_NEW_SOURCE
3827	edit_xlsx	nopunct	XLSX	1	enter 42 at H8 r3827	READ:XLSX>EDIT:XLSX	NO_OVERWRITE;NO_CREATE_NEW_SOURCE
3828	edit_xlsx	followup	XLSX	1	A10 mein 1000 bhar do r3828	READ:XLSX>EDIT:XLSX	NO_OVERWRITE;NO_CREATE_NEW_SOURCE
3829	edit_xlsx	hinglish	XLSX	1	B2 me 125 likh do r3829	READ:XLSX>EDIT:XLSX	NO_OVERWRITE;NO_CREATE_NEW_SOURCE
3830	edit_xlsx	english	XLSX	1	set C3 to 250 r3830	READ:XLSX>EDIT:XLSX	NO_OVERWRITE;NO_CREATE_NEW_SOURCE
3831	edit_xlsx	spelling	XLSX	1	sheet Summary me D4 me 350 likh do r3831	READ:XLSX>EDIT:XLSX	NO_OVERWRITE;NO_CREATE_NEW_SOURCE
3832	edit_xlsx	short	XLSX	1	put 500 in E5 r3832	READ:XLSX>EDIT:XLSX	NO_OVERWRITE;NO_CREATE_NEW_SOURCE
3833	edit_xlsx	long	XLSX	1	excel me F6 ko 750 kar do r3833	READ:XLSX>EDIT:XLSX	NO_OVERWRITE;NO_CREATE_NEW_SOURCE
3834	edit_xlsx	reversed	XLSX	1	Input sheet mein G7 ki value 900 karna r3834	READ:XLSX>EDIT:XLSX	NO_OVERWRITE;NO_CREATE_NEW_SOURCE
3835	edit_xlsx	nopunct	XLSX	1	enter 42 at H8 r3835	READ:XLSX>EDIT:XLSX	NO_OVERWRITE;NO_CREATE_NEW_SOURCE
3836	edit_xlsx	followup	XLSX	1	A10 mein 1000 bhar do r3836	READ:XLSX>EDIT:XLSX	NO_OVERWRITE;NO_CREATE_NEW_SOURCE
3837	edit_xlsx	hinglish	XLSX	1	B2 me 125 likh do r3837	READ:XLSX>EDIT:XLSX	NO_OVERWRITE;NO_CREATE_NEW_SOURCE
3838	edit_xlsx	english	XLSX	1	set C3 to 250 r3838	READ:XLSX>EDIT:XLSX	NO_OVERWRITE;NO_CREATE_NEW_SOURCE
3839	edit_xlsx	spelling	XLSX	1	sheet Summary me D4 me 350 likh do r3839	READ:XLSX>EDIT:XLSX	NO_OVERWRITE;NO_CREATE_NEW_SOURCE
3840	edit_xlsx	short	XLSX	1	put 500 in E5 r3840	READ:XLSX>EDIT:XLSX	NO_OVERWRITE;NO_CREATE_NEW_SOURCE
3841	edit_xlsx	long	XLSX	1	excel me F6 ko 750 kar do r3841	READ:XLSX>EDIT:XLSX	NO_OVERWRITE;NO_CREATE_NEW_SOURCE
3842	edit_xlsx	reversed	XLSX	1	Input sheet mein G7 ki value 900 karna r3842	READ:XLSX>EDIT:XLSX	NO_OVERWRITE;NO_CREATE_NEW_SOURCE
3843	edit_xlsx	nopunct	XLSX	1	enter 42 at H8 r3843	READ:XLSX>EDIT:XLSX	NO_OVERWRITE;NO_CREATE_NEW_SOURCE
3844	edit_xlsx	followup	XLSX	1	A10 mein 1000 bhar do r3844	READ:XLSX>EDIT:XLSX	NO_OVERWRITE;NO_CREATE_NEW_SOURCE
3845	edit_xlsx	hinglish	XLSX	1	B2 me 125 likh do r3845	READ:XLSX>EDIT:XLSX	NO_OVERWRITE;NO_CREATE_NEW_SOURCE
3846	edit_xlsx	english	XLSX	1	set C3 to 250 r3846	READ:XLSX>EDIT:XLSX	NO_OVERWRITE;NO_CREATE_NEW_SOURCE
3847	edit_xlsx	spelling	XLSX	1	sheet Summary me D4 me 350 likh do r3847	READ:XLSX>EDIT:XLSX	NO_OVERWRITE;NO_CREATE_NEW_SOURCE
3848	edit_xlsx	short	XLSX	1	put 500 in E5 r3848	READ:XLSX>EDIT:XLSX	NO_OVERWRITE;NO_CREATE_NEW_SOURCE
3849	edit_xlsx	long	XLSX	1	excel me F6 ko 750 kar do r3849	READ:XLSX>EDIT:XLSX	NO_OVERWRITE;NO_CREATE_NEW_SOURCE
3850	edit_xlsx	reversed	XLSX	1	Input sheet mein G7 ki value 900 karna r3850	READ:XLSX>EDIT:XLSX	NO_OVERWRITE;NO_CREATE_NEW_SOURCE
3851	edit_xlsx	nopunct	XLSX	1	enter 42 at H8 r3851	READ:XLSX>EDIT:XLSX	NO_OVERWRITE;NO_CREATE_NEW_SOURCE
3852	edit_xlsx	followup	XLSX	1	A10 mein 1000 bhar do r3852	READ:XLSX>EDIT:XLSX	NO_OVERWRITE;NO_CREATE_NEW_SOURCE
3853	edit_xlsx	hinglish	XLSX	1	B2 me 125 likh do r3853	READ:XLSX>EDIT:XLSX	NO_OVERWRITE;NO_CREATE_NEW_SOURCE
3854	edit_xlsx	english	XLSX	1	set C3 to 250 r3854	READ:XLSX>EDIT:XLSX	NO_OVERWRITE;NO_CREATE_NEW_SOURCE
3855	edit_xlsx	spelling	XLSX	1	sheet Summary me D4 me 350 likh do r3855	READ:XLSX>EDIT:XLSX	NO_OVERWRITE;NO_CREATE_NEW_SOURCE
3856	edit_xlsx	short	XLSX	1	put 500 in E5 r3856	READ:XLSX>EDIT:XLSX	NO_OVERWRITE;NO_CREATE_NEW_SOURCE
3857	edit_xlsx	long	XLSX	1	excel me F6 ko 750 kar do r3857	READ:XLSX>EDIT:XLSX	NO_OVERWRITE;NO_CREATE_NEW_SOURCE
3858	edit_xlsx	reversed	XLSX	1	Input sheet mein G7 ki value 900 karna r3858	READ:XLSX>EDIT:XLSX	NO_OVERWRITE;NO_CREATE_NEW_SOURCE
3859	edit_xlsx	nopunct	XLSX	1	enter 42 at H8 r3859	READ:XLSX>EDIT:XLSX	NO_OVERWRITE;NO_CREATE_NEW_SOURCE
3860	edit_xlsx	followup	XLSX	1	A10 mein 1000 bhar do r3860	READ:XLSX>EDIT:XLSX	NO_OVERWRITE;NO_CREATE_NEW_SOURCE
3861	edit_xlsx	hinglish	XLSX	1	B2 me 125 likh do r3861	READ:XLSX>EDIT:XLSX	NO_OVERWRITE;NO_CREATE_NEW_SOURCE
3862	edit_xlsx	english	XLSX	1	set C3 to 250 r3862	READ:XLSX>EDIT:XLSX	NO_OVERWRITE;NO_CREATE_NEW_SOURCE
3863	edit_xlsx	spelling	XLSX	1	sheet Summary me D4 me 350 likh do r3863	READ:XLSX>EDIT:XLSX	NO_OVERWRITE;NO_CREATE_NEW_SOURCE
3864	edit_xlsx	short	XLSX	1	put 500 in E5 r3864	READ:XLSX>EDIT:XLSX	NO_OVERWRITE;NO_CREATE_NEW_SOURCE
3865	edit_xlsx	long	XLSX	1	excel me F6 ko 750 kar do r3865	READ:XLSX>EDIT:XLSX	NO_OVERWRITE;NO_CREATE_NEW_SOURCE
3866	edit_xlsx	reversed	XLSX	1	Input sheet mein G7 ki value 900 karna r3866	READ:XLSX>EDIT:XLSX	NO_OVERWRITE;NO_CREATE_NEW_SOURCE
3867	edit_xlsx	nopunct	XLSX	1	enter 42 at H8 r3867	READ:XLSX>EDIT:XLSX	NO_OVERWRITE;NO_CREATE_NEW_SOURCE
3868	edit_xlsx	followup	XLSX	1	A10 mein 1000 bhar do r3868	READ:XLSX>EDIT:XLSX	NO_OVERWRITE;NO_CREATE_NEW_SOURCE
3869	edit_xlsx	hinglish	XLSX	1	B2 me 125 likh do r3869	READ:XLSX>EDIT:XLSX	NO_OVERWRITE;NO_CREATE_NEW_SOURCE
3870	edit_xlsx	english	XLSX	1	set C3 to 250 r3870	READ:XLSX>EDIT:XLSX	NO_OVERWRITE;NO_CREATE_NEW_SOURCE
3871	edit_xlsx	spelling	XLSX	1	sheet Summary me D4 me 350 likh do r3871	READ:XLSX>EDIT:XLSX	NO_OVERWRITE;NO_CREATE_NEW_SOURCE
3872	edit_xlsx	short	XLSX	1	put 500 in E5 r3872	READ:XLSX>EDIT:XLSX	NO_OVERWRITE;NO_CREATE_NEW_SOURCE
3873	edit_xlsx	long	XLSX	1	excel me F6 ko 750 kar do r3873	READ:XLSX>EDIT:XLSX	NO_OVERWRITE;NO_CREATE_NEW_SOURCE
3874	edit_xlsx	reversed	XLSX	1	Input sheet mein G7 ki value 900 karna r3874	READ:XLSX>EDIT:XLSX	NO_OVERWRITE;NO_CREATE_NEW_SOURCE
3875	edit_xlsx	nopunct	XLSX	1	enter 42 at H8 r3875	READ:XLSX>EDIT:XLSX	NO_OVERWRITE;NO_CREATE_NEW_SOURCE
3876	edit_xlsx	followup	XLSX	1	A10 mein 1000 bhar do r3876	READ:XLSX>EDIT:XLSX	NO_OVERWRITE;NO_CREATE_NEW_SOURCE
3877	edit_xlsx	hinglish	XLSX	1	B2 me 125 likh do r3877	READ:XLSX>EDIT:XLSX	NO_OVERWRITE;NO_CREATE_NEW_SOURCE
3878	edit_xlsx	english	XLSX	1	set C3 to 250 r3878	READ:XLSX>EDIT:XLSX	NO_OVERWRITE;NO_CREATE_NEW_SOURCE
3879	edit_xlsx	spelling	XLSX	1	sheet Summary me D4 me 350 likh do r3879	READ:XLSX>EDIT:XLSX	NO_OVERWRITE;NO_CREATE_NEW_SOURCE
3880	edit_xlsx	short	XLSX	1	put 500 in E5 r3880	READ:XLSX>EDIT:XLSX	NO_OVERWRITE;NO_CREATE_NEW_SOURCE
3881	edit_xlsx	long	XLSX	1	excel me F6 ko 750 kar do r3881	READ:XLSX>EDIT:XLSX	NO_OVERWRITE;NO_CREATE_NEW_SOURCE
3882	edit_xlsx	reversed	XLSX	1	Input sheet mein G7 ki value 900 karna r3882	READ:XLSX>EDIT:XLSX	NO_OVERWRITE;NO_CREATE_NEW_SOURCE
3883	edit_xlsx	nopunct	XLSX	1	enter 42 at H8 r3883	READ:XLSX>EDIT:XLSX	NO_OVERWRITE;NO_CREATE_NEW_SOURCE
3884	edit_xlsx	followup	XLSX	1	A10 mein 1000 bhar do r3884	READ:XLSX>EDIT:XLSX	NO_OVERWRITE;NO_CREATE_NEW_SOURCE
3885	edit_xlsx	hinglish	XLSX	1	B2 me 125 likh do r3885	READ:XLSX>EDIT:XLSX	NO_OVERWRITE;NO_CREATE_NEW_SOURCE
3886	edit_xlsx	english	XLSX	1	set C3 to 250 r3886	READ:XLSX>EDIT:XLSX	NO_OVERWRITE;NO_CREATE_NEW_SOURCE
3887	edit_xlsx	spelling	XLSX	1	sheet Summary me D4 me 350 likh do r3887	READ:XLSX>EDIT:XLSX	NO_OVERWRITE;NO_CREATE_NEW_SOURCE
3888	edit_xlsx	short	XLSX	1	put 500 in E5 r3888	READ:XLSX>EDIT:XLSX	NO_OVERWRITE;NO_CREATE_NEW_SOURCE
3889	edit_xlsx	long	XLSX	1	excel me F6 ko 750 kar do r3889	READ:XLSX>EDIT:XLSX	NO_OVERWRITE;NO_CREATE_NEW_SOURCE
3890	edit_xlsx	reversed	XLSX	1	Input sheet mein G7 ki value 900 karna r3890	READ:XLSX>EDIT:XLSX	NO_OVERWRITE;NO_CREATE_NEW_SOURCE
3891	edit_xlsx	nopunct	XLSX	1	enter 42 at H8 r3891	READ:XLSX>EDIT:XLSX	NO_OVERWRITE;NO_CREATE_NEW_SOURCE
3892	edit_xlsx	followup	XLSX	1	A10 mein 1000 bhar do r3892	READ:XLSX>EDIT:XLSX	NO_OVERWRITE;NO_CREATE_NEW_SOURCE
3893	edit_xlsx	hinglish	XLSX	1	B2 me 125 likh do r3893	READ:XLSX>EDIT:XLSX	NO_OVERWRITE;NO_CREATE_NEW_SOURCE
3894	edit_xlsx	english	XLSX	1	set C3 to 250 r3894	READ:XLSX>EDIT:XLSX	NO_OVERWRITE;NO_CREATE_NEW_SOURCE
3895	edit_xlsx	spelling	XLSX	1	sheet Summary me D4 me 350 likh do r3895	READ:XLSX>EDIT:XLSX	NO_OVERWRITE;NO_CREATE_NEW_SOURCE
3896	edit_xlsx	short	XLSX	1	put 500 in E5 r3896	READ:XLSX>EDIT:XLSX	NO_OVERWRITE;NO_CREATE_NEW_SOURCE
3897	edit_xlsx	long	XLSX	1	excel me F6 ko 750 kar do r3897	READ:XLSX>EDIT:XLSX	NO_OVERWRITE;NO_CREATE_NEW_SOURCE
3898	edit_xlsx	reversed	XLSX	1	Input sheet mein G7 ki value 900 karna r3898	READ:XLSX>EDIT:XLSX	NO_OVERWRITE;NO_CREATE_NEW_SOURCE
3899	edit_xlsx	nopunct	XLSX	1	enter 42 at H8 r3899	READ:XLSX>EDIT:XLSX	NO_OVERWRITE;NO_CREATE_NEW_SOURCE
3900	edit_xlsx	followup	XLSX	1	A10 mein 1000 bhar do r3900	READ:XLSX>EDIT:XLSX	NO_OVERWRITE;NO_CREATE_NEW_SOURCE
3901	edit_pptx	hinglish	PPTX	1	Ravi ki jagah Raj likh do r3901	READ:PPTX>EDIT:PPTX	NO_OVERWRITE;NO_CREATE_NEW_SOURCE
3902	edit_pptx	english	PPTX	1	replace Draft with Final r3902	READ:PPTX>EDIT:PPTX	NO_OVERWRITE;NO_CREATE_NEW_SOURCE
3903	edit_pptx	spelling	PPTX	1	New title likh do Old title ki jagah r3903	READ:PPTX>EDIT:PPTX	NO_OVERWRITE;NO_CREATE_NEW_SOURCE
3904	edit_pptx	short	PPTX	1	change Pending to Done r3904	READ:PPTX>EDIT:PPTX	NO_OVERWRITE;NO_CREATE_NEW_SOURCE
3905	edit_pptx	long	PPTX	1	ppt me Alpha ko Beta kar do r3905	READ:PPTX>EDIT:PPTX	NO_OVERWRITE;NO_CREATE_NEW_SOURCE
3906	edit_pptx	reversed	PPTX	1	please update Version 1 as Version 2 r3906	READ:PPTX>EDIT:PPTX	NO_OVERWRITE;NO_CREATE_NEW_SOURCE
3907	edit_pptx	nopunct	PPTX	1	Mumbai ko Pune se replace karo r3907	READ:PPTX>EDIT:PPTX	NO_OVERWRITE;NO_CREATE_NEW_SOURCE
3908	edit_pptx	followup	PPTX	1	modify this ppt: replace Monday with Friday r3908	READ:PPTX>EDIT:PPTX	NO_OVERWRITE;NO_CREATE_NEW_SOURCE
3909	edit_pptx	hinglish	PPTX	1	Ravi ki jagah Raj likh do r3909	READ:PPTX>EDIT:PPTX	NO_OVERWRITE;NO_CREATE_NEW_SOURCE
3910	edit_pptx	english	PPTX	1	replace Draft with Final r3910	READ:PPTX>EDIT:PPTX	NO_OVERWRITE;NO_CREATE_NEW_SOURCE
3911	edit_pptx	spelling	PPTX	1	New title likh do Old title ki jagah r3911	READ:PPTX>EDIT:PPTX	NO_OVERWRITE;NO_CREATE_NEW_SOURCE
3912	edit_pptx	short	PPTX	1	change Pending to Done r3912	READ:PPTX>EDIT:PPTX	NO_OVERWRITE;NO_CREATE_NEW_SOURCE
3913	edit_pptx	long	PPTX	1	ppt me Alpha ko Beta kar do r3913	READ:PPTX>EDIT:PPTX	NO_OVERWRITE;NO_CREATE_NEW_SOURCE
3914	edit_pptx	reversed	PPTX	1	please update Version 1 as Version 2 r3914	READ:PPTX>EDIT:PPTX	NO_OVERWRITE;NO_CREATE_NEW_SOURCE
3915	edit_pptx	nopunct	PPTX	1	Mumbai ko Pune se replace karo r3915	READ:PPTX>EDIT:PPTX	NO_OVERWRITE;NO_CREATE_NEW_SOURCE
3916	edit_pptx	followup	PPTX	1	modify this ppt: replace Monday with Friday r3916	READ:PPTX>EDIT:PPTX	NO_OVERWRITE;NO_CREATE_NEW_SOURCE
3917	edit_pptx	hinglish	PPTX	1	Ravi ki jagah Raj likh do r3917	READ:PPTX>EDIT:PPTX	NO_OVERWRITE;NO_CREATE_NEW_SOURCE
3918	edit_pptx	english	PPTX	1	replace Draft with Final r3918	READ:PPTX>EDIT:PPTX	NO_OVERWRITE;NO_CREATE_NEW_SOURCE
3919	edit_pptx	spelling	PPTX	1	New title likh do Old title ki jagah r3919	READ:PPTX>EDIT:PPTX	NO_OVERWRITE;NO_CREATE_NEW_SOURCE
3920	edit_pptx	short	PPTX	1	change Pending to Done r3920	READ:PPTX>EDIT:PPTX	NO_OVERWRITE;NO_CREATE_NEW_SOURCE
3921	edit_pptx	long	PPTX	1	ppt me Alpha ko Beta kar do r3921	READ:PPTX>EDIT:PPTX	NO_OVERWRITE;NO_CREATE_NEW_SOURCE
3922	edit_pptx	reversed	PPTX	1	please update Version 1 as Version 2 r3922	READ:PPTX>EDIT:PPTX	NO_OVERWRITE;NO_CREATE_NEW_SOURCE
3923	edit_pptx	nopunct	PPTX	1	Mumbai ko Pune se replace karo r3923	READ:PPTX>EDIT:PPTX	NO_OVERWRITE;NO_CREATE_NEW_SOURCE
3924	edit_pptx	followup	PPTX	1	modify this ppt: replace Monday with Friday r3924	READ:PPTX>EDIT:PPTX	NO_OVERWRITE;NO_CREATE_NEW_SOURCE
3925	edit_pptx	hinglish	PPTX	1	Ravi ki jagah Raj likh do r3925	READ:PPTX>EDIT:PPTX	NO_OVERWRITE;NO_CREATE_NEW_SOURCE
3926	edit_pptx	english	PPTX	1	replace Draft with Final r3926	READ:PPTX>EDIT:PPTX	NO_OVERWRITE;NO_CREATE_NEW_SOURCE
3927	edit_pptx	spelling	PPTX	1	New title likh do Old title ki jagah r3927	READ:PPTX>EDIT:PPTX	NO_OVERWRITE;NO_CREATE_NEW_SOURCE
3928	edit_pptx	short	PPTX	1	change Pending to Done r3928	READ:PPTX>EDIT:PPTX	NO_OVERWRITE;NO_CREATE_NEW_SOURCE
3929	edit_pptx	long	PPTX	1	ppt me Alpha ko Beta kar do r3929	READ:PPTX>EDIT:PPTX	NO_OVERWRITE;NO_CREATE_NEW_SOURCE
3930	edit_pptx	reversed	PPTX	1	please update Version 1 as Version 2 r3930	READ:PPTX>EDIT:PPTX	NO_OVERWRITE;NO_CREATE_NEW_SOURCE
3931	edit_pptx	nopunct	PPTX	1	Mumbai ko Pune se replace karo r3931	READ:PPTX>EDIT:PPTX	NO_OVERWRITE;NO_CREATE_NEW_SOURCE
3932	edit_pptx	followup	PPTX	1	modify this ppt: replace Monday with Friday r3932	READ:PPTX>EDIT:PPTX	NO_OVERWRITE;NO_CREATE_NEW_SOURCE
3933	edit_pptx	hinglish	PPTX	1	Ravi ki jagah Raj likh do r3933	READ:PPTX>EDIT:PPTX	NO_OVERWRITE;NO_CREATE_NEW_SOURCE
3934	edit_pptx	english	PPTX	1	replace Draft with Final r3934	READ:PPTX>EDIT:PPTX	NO_OVERWRITE;NO_CREATE_NEW_SOURCE
3935	edit_pptx	spelling	PPTX	1	New title likh do Old title ki jagah r3935	READ:PPTX>EDIT:PPTX	NO_OVERWRITE;NO_CREATE_NEW_SOURCE
3936	edit_pptx	short	PPTX	1	change Pending to Done r3936	READ:PPTX>EDIT:PPTX	NO_OVERWRITE;NO_CREATE_NEW_SOURCE
3937	edit_pptx	long	PPTX	1	ppt me Alpha ko Beta kar do r3937	READ:PPTX>EDIT:PPTX	NO_OVERWRITE;NO_CREATE_NEW_SOURCE
3938	edit_pptx	reversed	PPTX	1	please update Version 1 as Version 2 r3938	READ:PPTX>EDIT:PPTX	NO_OVERWRITE;NO_CREATE_NEW_SOURCE
3939	edit_pptx	nopunct	PPTX	1	Mumbai ko Pune se replace karo r3939	READ:PPTX>EDIT:PPTX	NO_OVERWRITE;NO_CREATE_NEW_SOURCE
3940	edit_pptx	followup	PPTX	1	modify this ppt: replace Monday with Friday r3940	READ:PPTX>EDIT:PPTX	NO_OVERWRITE;NO_CREATE_NEW_SOURCE
3941	edit_pptx	hinglish	PPTX	1	Ravi ki jagah Raj likh do r3941	READ:PPTX>EDIT:PPTX	NO_OVERWRITE;NO_CREATE_NEW_SOURCE
3942	edit_pptx	english	PPTX	1	replace Draft with Final r3942	READ:PPTX>EDIT:PPTX	NO_OVERWRITE;NO_CREATE_NEW_SOURCE
3943	edit_pptx	spelling	PPTX	1	New title likh do Old title ki jagah r3943	READ:PPTX>EDIT:PPTX	NO_OVERWRITE;NO_CREATE_NEW_SOURCE
3944	edit_pptx	short	PPTX	1	change Pending to Done r3944	READ:PPTX>EDIT:PPTX	NO_OVERWRITE;NO_CREATE_NEW_SOURCE
3945	edit_pptx	long	PPTX	1	ppt me Alpha ko Beta kar do r3945	READ:PPTX>EDIT:PPTX	NO_OVERWRITE;NO_CREATE_NEW_SOURCE
3946	edit_pptx	reversed	PPTX	1	please update Version 1 as Version 2 r3946	READ:PPTX>EDIT:PPTX	NO_OVERWRITE;NO_CREATE_NEW_SOURCE
3947	edit_pptx	nopunct	PPTX	1	Mumbai ko Pune se replace karo r3947	READ:PPTX>EDIT:PPTX	NO_OVERWRITE;NO_CREATE_NEW_SOURCE
3948	edit_pptx	followup	PPTX	1	modify this ppt: replace Monday with Friday r3948	READ:PPTX>EDIT:PPTX	NO_OVERWRITE;NO_CREATE_NEW_SOURCE
3949	edit_pptx	hinglish	PPTX	1	Ravi ki jagah Raj likh do r3949	READ:PPTX>EDIT:PPTX	NO_OVERWRITE;NO_CREATE_NEW_SOURCE
3950	edit_pptx	english	PPTX	1	replace Draft with Final r3950	READ:PPTX>EDIT:PPTX	NO_OVERWRITE;NO_CREATE_NEW_SOURCE
3951	edit_pptx	spelling	PPTX	1	New title likh do Old title ki jagah r3951	READ:PPTX>EDIT:PPTX	NO_OVERWRITE;NO_CREATE_NEW_SOURCE
3952	edit_pptx	short	PPTX	1	change Pending to Done r3952	READ:PPTX>EDIT:PPTX	NO_OVERWRITE;NO_CREATE_NEW_SOURCE
3953	edit_pptx	long	PPTX	1	ppt me Alpha ko Beta kar do r3953	READ:PPTX>EDIT:PPTX	NO_OVERWRITE;NO_CREATE_NEW_SOURCE
3954	edit_pptx	reversed	PPTX	1	please update Version 1 as Version 2 r3954	READ:PPTX>EDIT:PPTX	NO_OVERWRITE;NO_CREATE_NEW_SOURCE
3955	edit_pptx	nopunct	PPTX	1	Mumbai ko Pune se replace karo r3955	READ:PPTX>EDIT:PPTX	NO_OVERWRITE;NO_CREATE_NEW_SOURCE
3956	edit_pptx	followup	PPTX	1	modify this ppt: replace Monday with Friday r3956	READ:PPTX>EDIT:PPTX	NO_OVERWRITE;NO_CREATE_NEW_SOURCE
3957	edit_pptx	hinglish	PPTX	1	Ravi ki jagah Raj likh do r3957	READ:PPTX>EDIT:PPTX	NO_OVERWRITE;NO_CREATE_NEW_SOURCE
3958	edit_pptx	english	PPTX	1	replace Draft with Final r3958	READ:PPTX>EDIT:PPTX	NO_OVERWRITE;NO_CREATE_NEW_SOURCE
3959	edit_pptx	spelling	PPTX	1	New title likh do Old title ki jagah r3959	READ:PPTX>EDIT:PPTX	NO_OVERWRITE;NO_CREATE_NEW_SOURCE
3960	edit_pptx	short	PPTX	1	change Pending to Done r3960	READ:PPTX>EDIT:PPTX	NO_OVERWRITE;NO_CREATE_NEW_SOURCE
3961	edit_pptx	long	PPTX	1	ppt me Alpha ko Beta kar do r3961	READ:PPTX>EDIT:PPTX	NO_OVERWRITE;NO_CREATE_NEW_SOURCE
3962	edit_pptx	reversed	PPTX	1	please update Version 1 as Version 2 r3962	READ:PPTX>EDIT:PPTX	NO_OVERWRITE;NO_CREATE_NEW_SOURCE
3963	edit_pptx	nopunct	PPTX	1	Mumbai ko Pune se replace karo r3963	READ:PPTX>EDIT:PPTX	NO_OVERWRITE;NO_CREATE_NEW_SOURCE
3964	edit_pptx	followup	PPTX	1	modify this ppt: replace Monday with Friday r3964	READ:PPTX>EDIT:PPTX	NO_OVERWRITE;NO_CREATE_NEW_SOURCE
3965	edit_pptx	hinglish	PPTX	1	Ravi ki jagah Raj likh do r3965	READ:PPTX>EDIT:PPTX	NO_OVERWRITE;NO_CREATE_NEW_SOURCE
3966	edit_pptx	english	PPTX	1	replace Draft with Final r3966	READ:PPTX>EDIT:PPTX	NO_OVERWRITE;NO_CREATE_NEW_SOURCE
3967	edit_pptx	spelling	PPTX	1	New title likh do Old title ki jagah r3967	READ:PPTX>EDIT:PPTX	NO_OVERWRITE;NO_CREATE_NEW_SOURCE
3968	edit_pptx	short	PPTX	1	change Pending to Done r3968	READ:PPTX>EDIT:PPTX	NO_OVERWRITE;NO_CREATE_NEW_SOURCE
3969	edit_pptx	long	PPTX	1	ppt me Alpha ko Beta kar do r3969	READ:PPTX>EDIT:PPTX	NO_OVERWRITE;NO_CREATE_NEW_SOURCE
3970	edit_pptx	reversed	PPTX	1	please update Version 1 as Version 2 r3970	READ:PPTX>EDIT:PPTX	NO_OVERWRITE;NO_CREATE_NEW_SOURCE
3971	edit_pptx	nopunct	PPTX	1	Mumbai ko Pune se replace karo r3971	READ:PPTX>EDIT:PPTX	NO_OVERWRITE;NO_CREATE_NEW_SOURCE
3972	edit_pptx	followup	PPTX	1	modify this ppt: replace Monday with Friday r3972	READ:PPTX>EDIT:PPTX	NO_OVERWRITE;NO_CREATE_NEW_SOURCE
3973	edit_pptx	hinglish	PPTX	1	Ravi ki jagah Raj likh do r3973	READ:PPTX>EDIT:PPTX	NO_OVERWRITE;NO_CREATE_NEW_SOURCE
3974	edit_pptx	english	PPTX	1	replace Draft with Final r3974	READ:PPTX>EDIT:PPTX	NO_OVERWRITE;NO_CREATE_NEW_SOURCE
3975	edit_pptx	spelling	PPTX	1	New title likh do Old title ki jagah r3975	READ:PPTX>EDIT:PPTX	NO_OVERWRITE;NO_CREATE_NEW_SOURCE
3976	edit_pptx	short	PPTX	1	change Pending to Done r3976	READ:PPTX>EDIT:PPTX	NO_OVERWRITE;NO_CREATE_NEW_SOURCE
3977	edit_pptx	long	PPTX	1	ppt me Alpha ko Beta kar do r3977	READ:PPTX>EDIT:PPTX	NO_OVERWRITE;NO_CREATE_NEW_SOURCE
3978	edit_pptx	reversed	PPTX	1	please update Version 1 as Version 2 r3978	READ:PPTX>EDIT:PPTX	NO_OVERWRITE;NO_CREATE_NEW_SOURCE
3979	edit_pptx	nopunct	PPTX	1	Mumbai ko Pune se replace karo r3979	READ:PPTX>EDIT:PPTX	NO_OVERWRITE;NO_CREATE_NEW_SOURCE
3980	edit_pptx	followup	PPTX	1	modify this ppt: replace Monday with Friday r3980	READ:PPTX>EDIT:PPTX	NO_OVERWRITE;NO_CREATE_NEW_SOURCE
3981	edit_pptx	hinglish	PPTX	1	Ravi ki jagah Raj likh do r3981	READ:PPTX>EDIT:PPTX	NO_OVERWRITE;NO_CREATE_NEW_SOURCE
3982	edit_pptx	english	PPTX	1	replace Draft with Final r3982	READ:PPTX>EDIT:PPTX	NO_OVERWRITE;NO_CREATE_NEW_SOURCE
3983	edit_pptx	spelling	PPTX	1	New title likh do Old title ki jagah r3983	READ:PPTX>EDIT:PPTX	NO_OVERWRITE;NO_CREATE_NEW_SOURCE
3984	edit_pptx	short	PPTX	1	change Pending to Done r3984	READ:PPTX>EDIT:PPTX	NO_OVERWRITE;NO_CREATE_NEW_SOURCE
3985	edit_pptx	long	PPTX	1	ppt me Alpha ko Beta kar do r3985	READ:PPTX>EDIT:PPTX	NO_OVERWRITE;NO_CREATE_NEW_SOURCE
3986	edit_pptx	reversed	PPTX	1	please update Version 1 as Version 2 r3986	READ:PPTX>EDIT:PPTX	NO_OVERWRITE;NO_CREATE_NEW_SOURCE
3987	edit_pptx	nopunct	PPTX	1	Mumbai ko Pune se replace karo r3987	READ:PPTX>EDIT:PPTX	NO_OVERWRITE;NO_CREATE_NEW_SOURCE
3988	edit_pptx	followup	PPTX	1	modify this ppt: replace Monday with Friday r3988	READ:PPTX>EDIT:PPTX	NO_OVERWRITE;NO_CREATE_NEW_SOURCE
3989	edit_pptx	hinglish	PPTX	1	Ravi ki jagah Raj likh do r3989	READ:PPTX>EDIT:PPTX	NO_OVERWRITE;NO_CREATE_NEW_SOURCE
3990	edit_pptx	english	PPTX	1	replace Draft with Final r3990	READ:PPTX>EDIT:PPTX	NO_OVERWRITE;NO_CREATE_NEW_SOURCE
3991	edit_pptx	spelling	PPTX	1	New title likh do Old title ki jagah r3991	READ:PPTX>EDIT:PPTX	NO_OVERWRITE;NO_CREATE_NEW_SOURCE
3992	edit_pptx	short	PPTX	1	change Pending to Done r3992	READ:PPTX>EDIT:PPTX	NO_OVERWRITE;NO_CREATE_NEW_SOURCE
3993	edit_pptx	long	PPTX	1	ppt me Alpha ko Beta kar do r3993	READ:PPTX>EDIT:PPTX	NO_OVERWRITE;NO_CREATE_NEW_SOURCE
3994	edit_pptx	reversed	PPTX	1	please update Version 1 as Version 2 r3994	READ:PPTX>EDIT:PPTX	NO_OVERWRITE;NO_CREATE_NEW_SOURCE
3995	edit_pptx	nopunct	PPTX	1	Mumbai ko Pune se replace karo r3995	READ:PPTX>EDIT:PPTX	NO_OVERWRITE;NO_CREATE_NEW_SOURCE
3996	edit_pptx	followup	PPTX	1	modify this ppt: replace Monday with Friday r3996	READ:PPTX>EDIT:PPTX	NO_OVERWRITE;NO_CREATE_NEW_SOURCE
3997	edit_pptx	hinglish	PPTX	1	Ravi ki jagah Raj likh do r3997	READ:PPTX>EDIT:PPTX	NO_OVERWRITE;NO_CREATE_NEW_SOURCE
3998	edit_pptx	english	PPTX	1	replace Draft with Final r3998	READ:PPTX>EDIT:PPTX	NO_OVERWRITE;NO_CREATE_NEW_SOURCE
3999	edit_pptx	spelling	PPTX	1	New title likh do Old title ki jagah r3999	READ:PPTX>EDIT:PPTX	NO_OVERWRITE;NO_CREATE_NEW_SOURCE
4000	edit_pptx	short	PPTX	1	change Pending to Done r4000	READ:PPTX>EDIT:PPTX	NO_OVERWRITE;NO_CREATE_NEW_SOURCE
4001	edit_pptx	long	PPTX	1	ppt me Alpha ko Beta kar do r4001	READ:PPTX>EDIT:PPTX	NO_OVERWRITE;NO_CREATE_NEW_SOURCE
4002	edit_pptx	reversed	PPTX	1	please update Version 1 as Version 2 r4002	READ:PPTX>EDIT:PPTX	NO_OVERWRITE;NO_CREATE_NEW_SOURCE
4003	edit_pptx	nopunct	PPTX	1	Mumbai ko Pune se replace karo r4003	READ:PPTX>EDIT:PPTX	NO_OVERWRITE;NO_CREATE_NEW_SOURCE
4004	edit_pptx	followup	PPTX	1	modify this ppt: replace Monday with Friday r4004	READ:PPTX>EDIT:PPTX	NO_OVERWRITE;NO_CREATE_NEW_SOURCE
4005	edit_pptx	hinglish	PPTX	1	Ravi ki jagah Raj likh do r4005	READ:PPTX>EDIT:PPTX	NO_OVERWRITE;NO_CREATE_NEW_SOURCE
4006	edit_pptx	english	PPTX	1	replace Draft with Final r4006	READ:PPTX>EDIT:PPTX	NO_OVERWRITE;NO_CREATE_NEW_SOURCE
4007	edit_pptx	spelling	PPTX	1	New title likh do Old title ki jagah r4007	READ:PPTX>EDIT:PPTX	NO_OVERWRITE;NO_CREATE_NEW_SOURCE
4008	edit_pptx	short	PPTX	1	change Pending to Done r4008	READ:PPTX>EDIT:PPTX	NO_OVERWRITE;NO_CREATE_NEW_SOURCE
4009	edit_pptx	long	PPTX	1	ppt me Alpha ko Beta kar do r4009	READ:PPTX>EDIT:PPTX	NO_OVERWRITE;NO_CREATE_NEW_SOURCE
4010	edit_pptx	reversed	PPTX	1	please update Version 1 as Version 2 r4010	READ:PPTX>EDIT:PPTX	NO_OVERWRITE;NO_CREATE_NEW_SOURCE
4011	edit_pptx	nopunct	PPTX	1	Mumbai ko Pune se replace karo r4011	READ:PPTX>EDIT:PPTX	NO_OVERWRITE;NO_CREATE_NEW_SOURCE
4012	edit_pptx	followup	PPTX	1	modify this ppt: replace Monday with Friday r4012	READ:PPTX>EDIT:PPTX	NO_OVERWRITE;NO_CREATE_NEW_SOURCE
4013	edit_pptx	hinglish	PPTX	1	Ravi ki jagah Raj likh do r4013	READ:PPTX>EDIT:PPTX	NO_OVERWRITE;NO_CREATE_NEW_SOURCE
4014	edit_pptx	english	PPTX	1	replace Draft with Final r4014	READ:PPTX>EDIT:PPTX	NO_OVERWRITE;NO_CREATE_NEW_SOURCE
4015	edit_pptx	spelling	PPTX	1	New title likh do Old title ki jagah r4015	READ:PPTX>EDIT:PPTX	NO_OVERWRITE;NO_CREATE_NEW_SOURCE
4016	edit_pptx	short	PPTX	1	change Pending to Done r4016	READ:PPTX>EDIT:PPTX	NO_OVERWRITE;NO_CREATE_NEW_SOURCE
4017	edit_pptx	long	PPTX	1	ppt me Alpha ko Beta kar do r4017	READ:PPTX>EDIT:PPTX	NO_OVERWRITE;NO_CREATE_NEW_SOURCE
4018	edit_pptx	reversed	PPTX	1	please update Version 1 as Version 2 r4018	READ:PPTX>EDIT:PPTX	NO_OVERWRITE;NO_CREATE_NEW_SOURCE
4019	edit_pptx	nopunct	PPTX	1	Mumbai ko Pune se replace karo r4019	READ:PPTX>EDIT:PPTX	NO_OVERWRITE;NO_CREATE_NEW_SOURCE
4020	edit_pptx	followup	PPTX	1	modify this ppt: replace Monday with Friday r4020	READ:PPTX>EDIT:PPTX	NO_OVERWRITE;NO_CREATE_NEW_SOURCE
4021	edit_pptx	hinglish	PPTX	1	Ravi ki jagah Raj likh do r4021	READ:PPTX>EDIT:PPTX	NO_OVERWRITE;NO_CREATE_NEW_SOURCE
4022	edit_pptx	english	PPTX	1	replace Draft with Final r4022	READ:PPTX>EDIT:PPTX	NO_OVERWRITE;NO_CREATE_NEW_SOURCE
4023	edit_pptx	spelling	PPTX	1	New title likh do Old title ki jagah r4023	READ:PPTX>EDIT:PPTX	NO_OVERWRITE;NO_CREATE_NEW_SOURCE
4024	edit_pptx	short	PPTX	1	change Pending to Done r4024	READ:PPTX>EDIT:PPTX	NO_OVERWRITE;NO_CREATE_NEW_SOURCE
4025	edit_pptx	long	PPTX	1	ppt me Alpha ko Beta kar do r4025	READ:PPTX>EDIT:PPTX	NO_OVERWRITE;NO_CREATE_NEW_SOURCE
4026	edit_pptx	reversed	PPTX	1	please update Version 1 as Version 2 r4026	READ:PPTX>EDIT:PPTX	NO_OVERWRITE;NO_CREATE_NEW_SOURCE
4027	edit_pptx	nopunct	PPTX	1	Mumbai ko Pune se replace karo r4027	READ:PPTX>EDIT:PPTX	NO_OVERWRITE;NO_CREATE_NEW_SOURCE
4028	edit_pptx	followup	PPTX	1	modify this ppt: replace Monday with Friday r4028	READ:PPTX>EDIT:PPTX	NO_OVERWRITE;NO_CREATE_NEW_SOURCE
4029	edit_pptx	hinglish	PPTX	1	Ravi ki jagah Raj likh do r4029	READ:PPTX>EDIT:PPTX	NO_OVERWRITE;NO_CREATE_NEW_SOURCE
4030	edit_pptx	english	PPTX	1	replace Draft with Final r4030	READ:PPTX>EDIT:PPTX	NO_OVERWRITE;NO_CREATE_NEW_SOURCE
4031	edit_pptx	spelling	PPTX	1	New title likh do Old title ki jagah r4031	READ:PPTX>EDIT:PPTX	NO_OVERWRITE;NO_CREATE_NEW_SOURCE
4032	edit_pptx	short	PPTX	1	change Pending to Done r4032	READ:PPTX>EDIT:PPTX	NO_OVERWRITE;NO_CREATE_NEW_SOURCE
4033	edit_pptx	long	PPTX	1	ppt me Alpha ko Beta kar do r4033	READ:PPTX>EDIT:PPTX	NO_OVERWRITE;NO_CREATE_NEW_SOURCE
4034	edit_pptx	reversed	PPTX	1	please update Version 1 as Version 2 r4034	READ:PPTX>EDIT:PPTX	NO_OVERWRITE;NO_CREATE_NEW_SOURCE
4035	edit_pptx	nopunct	PPTX	1	Mumbai ko Pune se replace karo r4035	READ:PPTX>EDIT:PPTX	NO_OVERWRITE;NO_CREATE_NEW_SOURCE
4036	edit_pptx	followup	PPTX	1	modify this ppt: replace Monday with Friday r4036	READ:PPTX>EDIT:PPTX	NO_OVERWRITE;NO_CREATE_NEW_SOURCE
4037	edit_pptx	hinglish	PPTX	1	Ravi ki jagah Raj likh do r4037	READ:PPTX>EDIT:PPTX	NO_OVERWRITE;NO_CREATE_NEW_SOURCE
4038	edit_pptx	english	PPTX	1	replace Draft with Final r4038	READ:PPTX>EDIT:PPTX	NO_OVERWRITE;NO_CREATE_NEW_SOURCE
4039	edit_pptx	spelling	PPTX	1	New title likh do Old title ki jagah r4039	READ:PPTX>EDIT:PPTX	NO_OVERWRITE;NO_CREATE_NEW_SOURCE
4040	edit_pptx	short	PPTX	1	change Pending to Done r4040	READ:PPTX>EDIT:PPTX	NO_OVERWRITE;NO_CREATE_NEW_SOURCE
4041	edit_pptx	long	PPTX	1	ppt me Alpha ko Beta kar do r4041	READ:PPTX>EDIT:PPTX	NO_OVERWRITE;NO_CREATE_NEW_SOURCE
4042	edit_pptx	reversed	PPTX	1	please update Version 1 as Version 2 r4042	READ:PPTX>EDIT:PPTX	NO_OVERWRITE;NO_CREATE_NEW_SOURCE
4043	edit_pptx	nopunct	PPTX	1	Mumbai ko Pune se replace karo r4043	READ:PPTX>EDIT:PPTX	NO_OVERWRITE;NO_CREATE_NEW_SOURCE
4044	edit_pptx	followup	PPTX	1	modify this ppt: replace Monday with Friday r4044	READ:PPTX>EDIT:PPTX	NO_OVERWRITE;NO_CREATE_NEW_SOURCE
4045	edit_pptx	hinglish	PPTX	1	Ravi ki jagah Raj likh do r4045	READ:PPTX>EDIT:PPTX	NO_OVERWRITE;NO_CREATE_NEW_SOURCE
4046	edit_pptx	english	PPTX	1	replace Draft with Final r4046	READ:PPTX>EDIT:PPTX	NO_OVERWRITE;NO_CREATE_NEW_SOURCE
4047	edit_pptx	spelling	PPTX	1	New title likh do Old title ki jagah r4047	READ:PPTX>EDIT:PPTX	NO_OVERWRITE;NO_CREATE_NEW_SOURCE
4048	edit_pptx	short	PPTX	1	change Pending to Done r4048	READ:PPTX>EDIT:PPTX	NO_OVERWRITE;NO_CREATE_NEW_SOURCE
4049	edit_pptx	long	PPTX	1	ppt me Alpha ko Beta kar do r4049	READ:PPTX>EDIT:PPTX	NO_OVERWRITE;NO_CREATE_NEW_SOURCE
4050	edit_pptx	reversed	PPTX	1	please update Version 1 as Version 2 r4050	READ:PPTX>EDIT:PPTX	NO_OVERWRITE;NO_CREATE_NEW_SOURCE
4051	edit_pptx	nopunct	PPTX	1	Mumbai ko Pune se replace karo r4051	READ:PPTX>EDIT:PPTX	NO_OVERWRITE;NO_CREATE_NEW_SOURCE
4052	edit_pptx	followup	PPTX	1	modify this ppt: replace Monday with Friday r4052	READ:PPTX>EDIT:PPTX	NO_OVERWRITE;NO_CREATE_NEW_SOURCE
4053	edit_pptx	hinglish	PPTX	1	Ravi ki jagah Raj likh do r4053	READ:PPTX>EDIT:PPTX	NO_OVERWRITE;NO_CREATE_NEW_SOURCE
4054	edit_pptx	english	PPTX	1	replace Draft with Final r4054	READ:PPTX>EDIT:PPTX	NO_OVERWRITE;NO_CREATE_NEW_SOURCE
4055	edit_pptx	spelling	PPTX	1	New title likh do Old title ki jagah r4055	READ:PPTX>EDIT:PPTX	NO_OVERWRITE;NO_CREATE_NEW_SOURCE
4056	edit_pptx	short	PPTX	1	change Pending to Done r4056	READ:PPTX>EDIT:PPTX	NO_OVERWRITE;NO_CREATE_NEW_SOURCE
4057	edit_pptx	long	PPTX	1	ppt me Alpha ko Beta kar do r4057	READ:PPTX>EDIT:PPTX	NO_OVERWRITE;NO_CREATE_NEW_SOURCE
4058	edit_pptx	reversed	PPTX	1	please update Version 1 as Version 2 r4058	READ:PPTX>EDIT:PPTX	NO_OVERWRITE;NO_CREATE_NEW_SOURCE
4059	edit_pptx	nopunct	PPTX	1	Mumbai ko Pune se replace karo r4059	READ:PPTX>EDIT:PPTX	NO_OVERWRITE;NO_CREATE_NEW_SOURCE
4060	edit_pptx	followup	PPTX	1	modify this ppt: replace Monday with Friday r4060	READ:PPTX>EDIT:PPTX	NO_OVERWRITE;NO_CREATE_NEW_SOURCE
4061	edit_pptx	hinglish	PPTX	1	Ravi ki jagah Raj likh do r4061	READ:PPTX>EDIT:PPTX	NO_OVERWRITE;NO_CREATE_NEW_SOURCE
4062	edit_pptx	english	PPTX	1	replace Draft with Final r4062	READ:PPTX>EDIT:PPTX	NO_OVERWRITE;NO_CREATE_NEW_SOURCE
4063	edit_pptx	spelling	PPTX	1	New title likh do Old title ki jagah r4063	READ:PPTX>EDIT:PPTX	NO_OVERWRITE;NO_CREATE_NEW_SOURCE
4064	edit_pptx	short	PPTX	1	change Pending to Done r4064	READ:PPTX>EDIT:PPTX	NO_OVERWRITE;NO_CREATE_NEW_SOURCE
4065	edit_pptx	long	PPTX	1	ppt me Alpha ko Beta kar do r4065	READ:PPTX>EDIT:PPTX	NO_OVERWRITE;NO_CREATE_NEW_SOURCE
4066	edit_pptx	reversed	PPTX	1	please update Version 1 as Version 2 r4066	READ:PPTX>EDIT:PPTX	NO_OVERWRITE;NO_CREATE_NEW_SOURCE
4067	edit_pptx	nopunct	PPTX	1	Mumbai ko Pune se replace karo r4067	READ:PPTX>EDIT:PPTX	NO_OVERWRITE;NO_CREATE_NEW_SOURCE
4068	edit_pptx	followup	PPTX	1	modify this ppt: replace Monday with Friday r4068	READ:PPTX>EDIT:PPTX	NO_OVERWRITE;NO_CREATE_NEW_SOURCE
4069	edit_pptx	hinglish	PPTX	1	Ravi ki jagah Raj likh do r4069	READ:PPTX>EDIT:PPTX	NO_OVERWRITE;NO_CREATE_NEW_SOURCE
4070	edit_pptx	english	PPTX	1	replace Draft with Final r4070	READ:PPTX>EDIT:PPTX	NO_OVERWRITE;NO_CREATE_NEW_SOURCE
4071	edit_pptx	spelling	PPTX	1	New title likh do Old title ki jagah r4071	READ:PPTX>EDIT:PPTX	NO_OVERWRITE;NO_CREATE_NEW_SOURCE
4072	edit_pptx	short	PPTX	1	change Pending to Done r4072	READ:PPTX>EDIT:PPTX	NO_OVERWRITE;NO_CREATE_NEW_SOURCE
4073	edit_pptx	long	PPTX	1	ppt me Alpha ko Beta kar do r4073	READ:PPTX>EDIT:PPTX	NO_OVERWRITE;NO_CREATE_NEW_SOURCE
4074	edit_pptx	reversed	PPTX	1	please update Version 1 as Version 2 r4074	READ:PPTX>EDIT:PPTX	NO_OVERWRITE;NO_CREATE_NEW_SOURCE
4075	edit_pptx	nopunct	PPTX	1	Mumbai ko Pune se replace karo r4075	READ:PPTX>EDIT:PPTX	NO_OVERWRITE;NO_CREATE_NEW_SOURCE
4076	edit_pptx	followup	PPTX	1	modify this ppt: replace Monday with Friday r4076	READ:PPTX>EDIT:PPTX	NO_OVERWRITE;NO_CREATE_NEW_SOURCE
4077	edit_pptx	hinglish	PPTX	1	Ravi ki jagah Raj likh do r4077	READ:PPTX>EDIT:PPTX	NO_OVERWRITE;NO_CREATE_NEW_SOURCE
4078	edit_pptx	english	PPTX	1	replace Draft with Final r4078	READ:PPTX>EDIT:PPTX	NO_OVERWRITE;NO_CREATE_NEW_SOURCE
4079	edit_pptx	spelling	PPTX	1	New title likh do Old title ki jagah r4079	READ:PPTX>EDIT:PPTX	NO_OVERWRITE;NO_CREATE_NEW_SOURCE
4080	edit_pptx	short	PPTX	1	change Pending to Done r4080	READ:PPTX>EDIT:PPTX	NO_OVERWRITE;NO_CREATE_NEW_SOURCE
4081	edit_pptx	long	PPTX	1	ppt me Alpha ko Beta kar do r4081	READ:PPTX>EDIT:PPTX	NO_OVERWRITE;NO_CREATE_NEW_SOURCE
4082	edit_pptx	reversed	PPTX	1	please update Version 1 as Version 2 r4082	READ:PPTX>EDIT:PPTX	NO_OVERWRITE;NO_CREATE_NEW_SOURCE
4083	edit_pptx	nopunct	PPTX	1	Mumbai ko Pune se replace karo r4083	READ:PPTX>EDIT:PPTX	NO_OVERWRITE;NO_CREATE_NEW_SOURCE
4084	edit_pptx	followup	PPTX	1	modify this ppt: replace Monday with Friday r4084	READ:PPTX>EDIT:PPTX	NO_OVERWRITE;NO_CREATE_NEW_SOURCE
4085	edit_pptx	hinglish	PPTX	1	Ravi ki jagah Raj likh do r4085	READ:PPTX>EDIT:PPTX	NO_OVERWRITE;NO_CREATE_NEW_SOURCE
4086	edit_pptx	english	PPTX	1	replace Draft with Final r4086	READ:PPTX>EDIT:PPTX	NO_OVERWRITE;NO_CREATE_NEW_SOURCE
4087	edit_pptx	spelling	PPTX	1	New title likh do Old title ki jagah r4087	READ:PPTX>EDIT:PPTX	NO_OVERWRITE;NO_CREATE_NEW_SOURCE
4088	edit_pptx	short	PPTX	1	change Pending to Done r4088	READ:PPTX>EDIT:PPTX	NO_OVERWRITE;NO_CREATE_NEW_SOURCE
4089	edit_pptx	long	PPTX	1	ppt me Alpha ko Beta kar do r4089	READ:PPTX>EDIT:PPTX	NO_OVERWRITE;NO_CREATE_NEW_SOURCE
4090	edit_pptx	reversed	PPTX	1	please update Version 1 as Version 2 r4090	READ:PPTX>EDIT:PPTX	NO_OVERWRITE;NO_CREATE_NEW_SOURCE
4091	edit_pptx	nopunct	PPTX	1	Mumbai ko Pune se replace karo r4091	READ:PPTX>EDIT:PPTX	NO_OVERWRITE;NO_CREATE_NEW_SOURCE
4092	edit_pptx	followup	PPTX	1	modify this ppt: replace Monday with Friday r4092	READ:PPTX>EDIT:PPTX	NO_OVERWRITE;NO_CREATE_NEW_SOURCE
4093	edit_pptx	hinglish	PPTX	1	Ravi ki jagah Raj likh do r4093	READ:PPTX>EDIT:PPTX	NO_OVERWRITE;NO_CREATE_NEW_SOURCE
4094	edit_pptx	english	PPTX	1	replace Draft with Final r4094	READ:PPTX>EDIT:PPTX	NO_OVERWRITE;NO_CREATE_NEW_SOURCE
4095	edit_pptx	spelling	PPTX	1	New title likh do Old title ki jagah r4095	READ:PPTX>EDIT:PPTX	NO_OVERWRITE;NO_CREATE_NEW_SOURCE
4096	edit_pptx	short	PPTX	1	change Pending to Done r4096	READ:PPTX>EDIT:PPTX	NO_OVERWRITE;NO_CREATE_NEW_SOURCE
4097	edit_pptx	long	PPTX	1	ppt me Alpha ko Beta kar do r4097	READ:PPTX>EDIT:PPTX	NO_OVERWRITE;NO_CREATE_NEW_SOURCE
4098	edit_pptx	reversed	PPTX	1	please update Version 1 as Version 2 r4098	READ:PPTX>EDIT:PPTX	NO_OVERWRITE;NO_CREATE_NEW_SOURCE
4099	edit_pptx	nopunct	PPTX	1	Mumbai ko Pune se replace karo r4099	READ:PPTX>EDIT:PPTX	NO_OVERWRITE;NO_CREATE_NEW_SOURCE
4100	edit_pptx	followup	PPTX	1	modify this ppt: replace Monday with Friday r4100	READ:PPTX>EDIT:PPTX	NO_OVERWRITE;NO_CREATE_NEW_SOURCE
4101	multi	hinglish	-	1	AI basics par word aur excel dono banao r4101	CREATE:DOCX>CREATE:XLSX	NO_FALSE_READY;NO_OVERWRITE;MAX_3_TASKS
4102	multi	english	-	0	create a pdf about solar energy and a powerpoint about electric cars r4102	CREATE:PDF_CREATOR>CREATE:PPTX	NO_FALSE_READY;NO_OVERWRITE;MAX_3_TASKS
4103	multi	spelling	-	0	water cycle par word banao phir pdf banao r4103	CREATE:DOCX>CREATE:PDF_CREATOR	NO_FALSE_READY;NO_OVERWRITE;MAX_3_TASKS
4104	multi	short	DOCX	0	is word file ko pdf me convert karo aur ppt create r4104	READ:DOCX>CREATE:PDF_CREATOR>CREATE:PPTX	NO_FALSE_READY;NO_OVERWRITE;MAX_3_TASKS
4105	multi	long	XLSX	0	Bhai please is excel sheet ko word file me convert karo phir pdf banao jaldi kar do r4105	READ:XLSX>CREATE:DOCX>CREATE:PDF_CREATOR	NO_FALSE_READY;NO_OVERWRITE;MAX_3_TASKS
4106	multi	reversed	PPTX	0	is ppt ko pdf me convert karo aur word file banao r4106	READ:PPTX>CREATE:PDF_CREATOR>CREATE:DOCX	NO_FALSE_READY;NO_OVERWRITE;MAX_3_TASKS
4107	multi	nopunct	DOCX,XLSX	0	dono files padho and ppt banao r4107	READ:DOCX>READ:XLSX>CREATE:PPTX	NO_FALSE_READY;NO_OVERWRITE;MAX_3_TASKS
4108	multi	followup	PDF	0	is pdf ko word me convert karo then excel banao r4108	READ:PDF_READER>CREATE:DOCX>CREATE:XLSX	NO_FALSE_READY;NO_OVERWRITE;MAX_3_TASKS
4109	multi	hinglish	XLSX	0	B2 me 500 likh do aur report ppt banao r4109	READ:XLSX>EDIT:XLSX>CREATE:PPTX	NO_FALSE_READY;NO_OVERWRITE;MAX_3_TASKS
4110	multi	english	DOCX,PPTX	0	files padho aur pdf banao r4110	READ:DOCX>READ:PPTX>CREATE:PDF_CREATOR	NO_FALSE_READY;NO_OVERWRITE;MAX_3_TASKS
4111	multi	spelling	-	1	electric cars par wrod aur excle dono bnao r4111	CREATE:DOCX>CREATE:XLSX	NO_FALSE_READY;NO_OVERWRITE;MAX_3_TASKS
4112	multi	short	-	0	create a pdf about startup funding and a powerpoint about Python basics r4112	CREATE:PDF_CREATOR>CREATE:PPTX	NO_FALSE_READY;NO_OVERWRITE;MAX_3_TASKS
4113	multi	long	-	0	Bhai please ocean life par word banao phir pdf banao jaldi kar do r4113	CREATE:DOCX>CREATE:PDF_CREATOR	NO_FALSE_READY;NO_OVERWRITE;MAX_3_TASKS
4114	multi	reversed	DOCX	0	is word file ko pdf me convert karo aur ppt banao r4114	READ:DOCX>CREATE:PDF_CREATOR>CREATE:PPTX	NO_FALSE_READY;NO_OVERWRITE;MAX_3_TASKS
4115	multi	nopunct	XLSX	0	is excel sheet ko word file me convert karo phir pdf banao r4115	READ:XLSX>CREATE:DOCX>CREATE:PDF_CREATOR	NO_FALSE_READY;NO_OVERWRITE;MAX_3_TASKS
4116	multi	followup	PPTX	0	is ppt ko pdf me convert karo aur word file banao r4116	READ:PPTX>CREATE:PDF_CREATOR>CREATE:DOCX	NO_FALSE_READY;NO_OVERWRITE;MAX_3_TASKS
4117	multi	hinglish	DOCX,XLSX	0	dono files padho aur ppt banao r4117	READ:DOCX>READ:XLSX>CREATE:PPTX	NO_FALSE_READY;NO_OVERWRITE;MAX_3_TASKS
4118	multi	english	PDF	0	is pdf ko word me convert karo phir excel banao r4118	READ:PDF_READER>CREATE:DOCX>CREATE:XLSX	NO_FALSE_READY;NO_OVERWRITE;MAX_3_TASKS
4119	multi	spelling	XLSX	0	B2 me 500 likh do aur report ppt banao r4119	READ:XLSX>EDIT:XLSX>CREATE:PPTX	NO_FALSE_READY;NO_OVERWRITE;MAX_3_TASKS
4120	multi	short	DOCX,PPTX	0	files padho aur pdf create r4120	READ:DOCX>READ:PPTX>CREATE:PDF_CREATOR	NO_FALSE_READY;NO_OVERWRITE;MAX_3_TASKS
4121	multi	long	-	1	Bhai please digital safety par word aur excel dono banao jaldi kar do r4121	CREATE:DOCX>CREATE:XLSX	NO_FALSE_READY;NO_OVERWRITE;MAX_3_TASKS
4122	multi	reversed	-	0	pdf about renewable power banao and a powerpoint about digital safety banao r4122	CREATE:PDF_CREATOR>CREATE:PPTX	NO_FALSE_READY;NO_OVERWRITE;MAX_3_TASKS
4123	multi	nopunct	-	0	internet history par word banao phir pdf banao r4123	CREATE:DOCX>CREATE:PDF_CREATOR	NO_FALSE_READY;NO_OVERWRITE;MAX_3_TASKS
4124	multi	followup	DOCX	0	is word file ko pdf me convert karo aur ppt banao r4124	READ:DOCX>CREATE:PDF_CREATOR>CREATE:PPTX	NO_FALSE_READY;NO_OVERWRITE;MAX_3_TASKS
4125	multi	hinglish	XLSX	0	is excel sheet ko word file me convert karo phir pdf banao r4125	READ:XLSX>CREATE:DOCX>CREATE:PDF_CREATOR	NO_FALSE_READY;NO_OVERWRITE;MAX_3_TASKS
4126	multi	english	PPTX	0	is ppt ko pdf me convert karo aur word file banao r4126	READ:PPTX>CREATE:PDF_CREATOR>CREATE:DOCX	NO_FALSE_READY;NO_OVERWRITE;MAX_3_TASKS
4127	multi	spelling	DOCX,XLSX	0	dono files padho aur ppt banao r4127	READ:DOCX>READ:XLSX>CREATE:PPTX	NO_FALSE_READY;NO_OVERWRITE;MAX_3_TASKS
4128	multi	short	PDF	0	is pdf ko word me convert karo phir excel create r4128	READ:PDF_READER>CREATE:DOCX>CREATE:XLSX	NO_FALSE_READY;NO_OVERWRITE;MAX_3_TASKS
4129	multi	long	XLSX	0	Bhai please B2 me 500 likh do aur report ppt banao jaldi kar do r4129	READ:XLSX>EDIT:XLSX>CREATE:PPTX	NO_FALSE_READY;NO_OVERWRITE;MAX_3_TASKS
4130	multi	reversed	DOCX,PPTX	0	files padho aur pdf banao r4130	READ:DOCX>READ:PPTX>CREATE:PDF_CREATOR	NO_FALSE_READY;NO_OVERWRITE;MAX_3_TASKS
4131	multi	nopunct	-	1	space travel par word and excel dono banao r4131	CREATE:DOCX>CREATE:XLSX	NO_FALSE_READY;NO_OVERWRITE;MAX_3_TASKS
4132	multi	followup	-	0	create a pdf about football and a powerpoint about AI basics r4132	CREATE:PDF_CREATOR>CREATE:PPTX	NO_FALSE_READY;NO_OVERWRITE;MAX_3_TASKS
4133	multi	hinglish	-	0	cricket par word banao phir pdf banao r4133	CREATE:DOCX>CREATE:PDF_CREATOR	NO_FALSE_READY;NO_OVERWRITE;MAX_3_TASKS
4134	multi	english	DOCX	0	is word file ko pdf me convert karo aur ppt banao r4134	READ:DOCX>CREATE:PDF_CREATOR>CREATE:PPTX	NO_FALSE_READY;NO_OVERWRITE;MAX_3_TASKS
4135	multi	spelling	XLSX	0	is excel sheet ko word file me convert karo phir pdf banao r4135	READ:XLSX>CREATE:DOCX>CREATE:PDF_CREATOR	NO_FALSE_READY;NO_OVERWRITE;MAX_3_TASKS
4136	multi	short	PPTX	0	is ppt ko pdf me convert karo aur word file create r4136	READ:PPTX>CREATE:PDF_CREATOR>CREATE:DOCX	NO_FALSE_READY;NO_OVERWRITE;MAX_3_TASKS
4137	multi	long	DOCX,XLSX	0	Bhai please dono files padho aur ppt banao jaldi kar do r4137	READ:DOCX>READ:XLSX>CREATE:PPTX	NO_FALSE_READY;NO_OVERWRITE;MAX_3_TASKS
4138	multi	reversed	PDF	0	is pdf ko word me convert karo phir excel banao r4138	READ:PDF_READER>CREATE:DOCX>CREATE:XLSX	NO_FALSE_READY;NO_OVERWRITE;MAX_3_TASKS
4139	multi	nopunct	XLSX	0	B2 me 500 likh do and report ppt banao r4139	READ:XLSX>EDIT:XLSX>CREATE:PPTX	NO_FALSE_READY;NO_OVERWRITE;MAX_3_TASKS
4140	multi	followup	DOCX,PPTX	0	files padho aur pdf banao r4140	READ:DOCX>READ:PPTX>CREATE:PDF_CREATOR	NO_FALSE_READY;NO_OVERWRITE;MAX_3_TASKS
4141	multi	hinglish	-	1	Python basics par word aur excel dono banao r4141	CREATE:DOCX>CREATE:XLSX	NO_FALSE_READY;NO_OVERWRITE;MAX_3_TASKS
4142	multi	english	-	0	create a pdf about Android apps and a powerpoint about space travel r4142	CREATE:PDF_CREATOR>CREATE:PPTX	NO_FALSE_READY;NO_OVERWRITE;MAX_3_TASKS
4143	multi	spelling	-	0	cloud computing par word banao phir pdf banao r4143	CREATE:DOCX>CREATE:PDF_CREATOR	NO_FALSE_READY;NO_OVERWRITE;MAX_3_TASKS
4144	multi	short	DOCX	0	is word file ko pdf me convert karo aur ppt create r4144	READ:DOCX>CREATE:PDF_CREATOR>CREATE:PPTX	NO_FALSE_READY;NO_OVERWRITE;MAX_3_TASKS
4145	multi	long	XLSX	0	Bhai please is excel sheet ko word file me convert karo phir pdf banao jaldi kar do r4145	READ:XLSX>CREATE:DOCX>CREATE:PDF_CREATOR	NO_FALSE_READY;NO_OVERWRITE;MAX_3_TASKS
4146	multi	reversed	PPTX	0	is ppt ko pdf me convert karo aur word file banao r4146	READ:PPTX>CREATE:PDF_CREATOR>CREATE:DOCX	NO_FALSE_READY;NO_OVERWRITE;MAX_3_TASKS
4147	multi	nopunct	DOCX,XLSX	0	dono files padho and ppt banao r4147	READ:DOCX>READ:XLSX>CREATE:PPTX	NO_FALSE_READY;NO_OVERWRITE;MAX_3_TASKS
4148	multi	followup	PDF	0	is pdf ko word me convert karo then excel banao r4148	READ:PDF_READER>CREATE:DOCX>CREATE:XLSX	NO_FALSE_READY;NO_OVERWRITE;MAX_3_TASKS
4149	multi	hinglish	XLSX	0	B2 me 500 likh do aur report ppt banao r4149	READ:XLSX>EDIT:XLSX>CREATE:PPTX	NO_FALSE_READY;NO_OVERWRITE;MAX_3_TASKS
4150	multi	english	DOCX,PPTX	0	files padho aur pdf banao r4150	READ:DOCX>READ:PPTX>CREATE:PDF_CREATOR	NO_FALSE_READY;NO_OVERWRITE;MAX_3_TASKS
4151	multi	spelling	-	1	AI basics par wrod aur excle dono bnao r4151	CREATE:DOCX>CREATE:XLSX	NO_FALSE_READY;NO_OVERWRITE;MAX_3_TASKS
4152	multi	short	-	0	create a pdf about solar energy and a powerpoint about electric cars r4152	CREATE:PDF_CREATOR>CREATE:PPTX	NO_FALSE_READY;NO_OVERWRITE;MAX_3_TASKS
4153	multi	long	-	0	Bhai please water cycle par word banao phir pdf banao jaldi kar do r4153	CREATE:DOCX>CREATE:PDF_CREATOR	NO_FALSE_READY;NO_OVERWRITE;MAX_3_TASKS
4154	multi	reversed	DOCX	0	is word file ko pdf me convert karo aur ppt banao r4154	READ:DOCX>CREATE:PDF_CREATOR>CREATE:PPTX	NO_FALSE_READY;NO_OVERWRITE;MAX_3_TASKS
4155	multi	nopunct	XLSX	0	is excel sheet ko word file me convert karo phir pdf banao r4155	READ:XLSX>CREATE:DOCX>CREATE:PDF_CREATOR	NO_FALSE_READY;NO_OVERWRITE;MAX_3_TASKS
4156	multi	followup	PPTX	0	is ppt ko pdf me convert karo aur word file banao r4156	READ:PPTX>CREATE:PDF_CREATOR>CREATE:DOCX	NO_FALSE_READY;NO_OVERWRITE;MAX_3_TASKS
4157	multi	hinglish	DOCX,XLSX	0	dono files padho aur ppt banao r4157	READ:DOCX>READ:XLSX>CREATE:PPTX	NO_FALSE_READY;NO_OVERWRITE;MAX_3_TASKS
4158	multi	english	PDF	0	is pdf ko word me convert karo phir excel banao r4158	READ:PDF_READER>CREATE:DOCX>CREATE:XLSX	NO_FALSE_READY;NO_OVERWRITE;MAX_3_TASKS
4159	multi	spelling	XLSX	0	B2 me 500 likh do aur report ppt banao r4159	READ:XLSX>EDIT:XLSX>CREATE:PPTX	NO_FALSE_READY;NO_OVERWRITE;MAX_3_TASKS
4160	multi	short	DOCX,PPTX	0	files padho aur pdf create r4160	READ:DOCX>READ:PPTX>CREATE:PDF_CREATOR	NO_FALSE_READY;NO_OVERWRITE;MAX_3_TASKS
4161	multi	long	-	1	Bhai please electric cars par word aur excel dono banao jaldi kar do r4161	CREATE:DOCX>CREATE:XLSX	NO_FALSE_READY;NO_OVERWRITE;MAX_3_TASKS
4162	multi	reversed	-	0	pdf about startup funding banao and a powerpoint about Python basics banao r4162	CREATE:PDF_CREATOR>CREATE:PPTX	NO_FALSE_READY;NO_OVERWRITE;MAX_3_TASKS
4163	multi	nopunct	-	0	ocean life par word banao phir pdf banao r4163	CREATE:DOCX>CREATE:PDF_CREATOR	NO_FALSE_READY;NO_OVERWRITE;MAX_3_TASKS
4164	multi	followup	DOCX	0	is word file ko pdf me convert karo aur ppt banao r4164	READ:DOCX>CREATE:PDF_CREATOR>CREATE:PPTX	NO_FALSE_READY;NO_OVERWRITE;MAX_3_TASKS
4165	multi	hinglish	XLSX	0	is excel sheet ko word file me convert karo phir pdf banao r4165	READ:XLSX>CREATE:DOCX>CREATE:PDF_CREATOR	NO_FALSE_READY;NO_OVERWRITE;MAX_3_TASKS
4166	multi	english	PPTX	0	is ppt ko pdf me convert karo aur word file banao r4166	READ:PPTX>CREATE:PDF_CREATOR>CREATE:DOCX	NO_FALSE_READY;NO_OVERWRITE;MAX_3_TASKS
4167	multi	spelling	DOCX,XLSX	0	dono files padho aur ppt banao r4167	READ:DOCX>READ:XLSX>CREATE:PPTX	NO_FALSE_READY;NO_OVERWRITE;MAX_3_TASKS
4168	multi	short	PDF	0	is pdf ko word me convert karo phir excel create r4168	READ:PDF_READER>CREATE:DOCX>CREATE:XLSX	NO_FALSE_READY;NO_OVERWRITE;MAX_3_TASKS
4169	multi	long	XLSX	0	Bhai please B2 me 500 likh do aur report ppt banao jaldi kar do r4169	READ:XLSX>EDIT:XLSX>CREATE:PPTX	NO_FALSE_READY;NO_OVERWRITE;MAX_3_TASKS
4170	multi	reversed	DOCX,PPTX	0	files padho aur pdf banao r4170	READ:DOCX>READ:PPTX>CREATE:PDF_CREATOR	NO_FALSE_READY;NO_OVERWRITE;MAX_3_TASKS
4171	multi	nopunct	-	1	digital safety par word and excel dono banao r4171	CREATE:DOCX>CREATE:XLSX	NO_FALSE_READY;NO_OVERWRITE;MAX_3_TASKS
4172	multi	followup	-	0	create a pdf about renewable power and a powerpoint about digital safety r4172	CREATE:PDF_CREATOR>CREATE:PPTX	NO_FALSE_READY;NO_OVERWRITE;MAX_3_TASKS
4173	multi	hinglish	-	0	internet history par word banao phir pdf banao r4173	CREATE:DOCX>CREATE:PDF_CREATOR	NO_FALSE_READY;NO_OVERWRITE;MAX_3_TASKS
4174	multi	english	DOCX	0	is word file ko pdf me convert karo aur ppt banao r4174	READ:DOCX>CREATE:PDF_CREATOR>CREATE:PPTX	NO_FALSE_READY;NO_OVERWRITE;MAX_3_TASKS
4175	multi	spelling	XLSX	0	is excel sheet ko word file me convert karo phir pdf banao r4175	READ:XLSX>CREATE:DOCX>CREATE:PDF_CREATOR	NO_FALSE_READY;NO_OVERWRITE;MAX_3_TASKS
4176	multi	short	PPTX	0	is ppt ko pdf me convert karo aur word file create r4176	READ:PPTX>CREATE:PDF_CREATOR>CREATE:DOCX	NO_FALSE_READY;NO_OVERWRITE;MAX_3_TASKS
4177	multi	long	DOCX,XLSX	0	Bhai please dono files padho aur ppt banao jaldi kar do r4177	READ:DOCX>READ:XLSX>CREATE:PPTX	NO_FALSE_READY;NO_OVERWRITE;MAX_3_TASKS
4178	multi	reversed	PDF	0	is pdf ko word me convert karo phir excel banao r4178	READ:PDF_READER>CREATE:DOCX>CREATE:XLSX	NO_FALSE_READY;NO_OVERWRITE;MAX_3_TASKS
4179	multi	nopunct	XLSX	0	B2 me 500 likh do and report ppt banao r4179	READ:XLSX>EDIT:XLSX>CREATE:PPTX	NO_FALSE_READY;NO_OVERWRITE;MAX_3_TASKS
4180	multi	followup	DOCX,PPTX	0	files padho aur pdf banao r4180	READ:DOCX>READ:PPTX>CREATE:PDF_CREATOR	NO_FALSE_READY;NO_OVERWRITE;MAX_3_TASKS
4181	multi	hinglish	-	1	space travel par word aur excel dono banao r4181	CREATE:DOCX>CREATE:XLSX	NO_FALSE_READY;NO_OVERWRITE;MAX_3_TASKS
4182	multi	english	-	0	create a pdf about football and a powerpoint about AI basics r4182	CREATE:PDF_CREATOR>CREATE:PPTX	NO_FALSE_READY;NO_OVERWRITE;MAX_3_TASKS
4183	multi	spelling	-	0	cricket par word banao phir pdf banao r4183	CREATE:DOCX>CREATE:PDF_CREATOR	NO_FALSE_READY;NO_OVERWRITE;MAX_3_TASKS
4184	multi	short	DOCX	0	is word file ko pdf me convert karo aur ppt create r4184	READ:DOCX>CREATE:PDF_CREATOR>CREATE:PPTX	NO_FALSE_READY;NO_OVERWRITE;MAX_3_TASKS
4185	multi	long	XLSX	0	Bhai please is excel sheet ko word file me convert karo phir pdf banao jaldi kar do r4185	READ:XLSX>CREATE:DOCX>CREATE:PDF_CREATOR	NO_FALSE_READY;NO_OVERWRITE;MAX_3_TASKS
4186	multi	reversed	PPTX	0	is ppt ko pdf me convert karo aur word file banao r4186	READ:PPTX>CREATE:PDF_CREATOR>CREATE:DOCX	NO_FALSE_READY;NO_OVERWRITE;MAX_3_TASKS
4187	multi	nopunct	DOCX,XLSX	0	dono files padho and ppt banao r4187	READ:DOCX>READ:XLSX>CREATE:PPTX	NO_FALSE_READY;NO_OVERWRITE;MAX_3_TASKS
4188	multi	followup	PDF	0	is pdf ko word me convert karo then excel banao r4188	READ:PDF_READER>CREATE:DOCX>CREATE:XLSX	NO_FALSE_READY;NO_OVERWRITE;MAX_3_TASKS
4189	multi	hinglish	XLSX	0	B2 me 500 likh do aur report ppt banao r4189	READ:XLSX>EDIT:XLSX>CREATE:PPTX	NO_FALSE_READY;NO_OVERWRITE;MAX_3_TASKS
4190	multi	english	DOCX,PPTX	0	files padho aur pdf banao r4190	READ:DOCX>READ:PPTX>CREATE:PDF_CREATOR	NO_FALSE_READY;NO_OVERWRITE;MAX_3_TASKS
4191	multi	spelling	-	1	Python basics par wrod aur excle dono bnao r4191	CREATE:DOCX>CREATE:XLSX	NO_FALSE_READY;NO_OVERWRITE;MAX_3_TASKS
4192	multi	short	-	0	create a pdf about Android apps and a powerpoint about space travel r4192	CREATE:PDF_CREATOR>CREATE:PPTX	NO_FALSE_READY;NO_OVERWRITE;MAX_3_TASKS
4193	multi	long	-	0	Bhai please cloud computing par word banao phir pdf banao jaldi kar do r4193	CREATE:DOCX>CREATE:PDF_CREATOR	NO_FALSE_READY;NO_OVERWRITE;MAX_3_TASKS
4194	multi	reversed	DOCX	0	is word file ko pdf me convert karo aur ppt banao r4194	READ:DOCX>CREATE:PDF_CREATOR>CREATE:PPTX	NO_FALSE_READY;NO_OVERWRITE;MAX_3_TASKS
4195	multi	nopunct	XLSX	0	is excel sheet ko word file me convert karo phir pdf banao r4195	READ:XLSX>CREATE:DOCX>CREATE:PDF_CREATOR	NO_FALSE_READY;NO_OVERWRITE;MAX_3_TASKS
4196	multi	followup	PPTX	0	is ppt ko pdf me convert karo aur word file banao r4196	READ:PPTX>CREATE:PDF_CREATOR>CREATE:DOCX	NO_FALSE_READY;NO_OVERWRITE;MAX_3_TASKS
4197	multi	hinglish	DOCX,XLSX	0	dono files padho aur ppt banao r4197	READ:DOCX>READ:XLSX>CREATE:PPTX	NO_FALSE_READY;NO_OVERWRITE;MAX_3_TASKS
4198	multi	english	PDF	0	is pdf ko word me convert karo phir excel banao r4198	READ:PDF_READER>CREATE:DOCX>CREATE:XLSX	NO_FALSE_READY;NO_OVERWRITE;MAX_3_TASKS
4199	multi	spelling	XLSX	0	B2 me 500 likh do aur report ppt banao r4199	READ:XLSX>EDIT:XLSX>CREATE:PPTX	NO_FALSE_READY;NO_OVERWRITE;MAX_3_TASKS
4200	multi	short	DOCX,PPTX	0	files padho aur pdf create r4200	READ:DOCX>READ:PPTX>CREATE:PDF_CREATOR	NO_FALSE_READY;NO_OVERWRITE;MAX_3_TASKS
4201	multi	long	-	1	Bhai please AI basics par word aur excel dono banao jaldi kar do r4201	CREATE:DOCX>CREATE:XLSX	NO_FALSE_READY;NO_OVERWRITE;MAX_3_TASKS
4202	multi	reversed	-	0	pdf about solar energy banao and a powerpoint about electric cars banao r4202	CREATE:PDF_CREATOR>CREATE:PPTX	NO_FALSE_READY;NO_OVERWRITE;MAX_3_TASKS
4203	multi	nopunct	-	0	water cycle par word banao phir pdf banao r4203	CREATE:DOCX>CREATE:PDF_CREATOR	NO_FALSE_READY;NO_OVERWRITE;MAX_3_TASKS
4204	multi	followup	DOCX	0	is word file ko pdf me convert karo aur ppt banao r4204	READ:DOCX>CREATE:PDF_CREATOR>CREATE:PPTX	NO_FALSE_READY;NO_OVERWRITE;MAX_3_TASKS
4205	multi	hinglish	XLSX	0	is excel sheet ko word file me convert karo phir pdf banao r4205	READ:XLSX>CREATE:DOCX>CREATE:PDF_CREATOR	NO_FALSE_READY;NO_OVERWRITE;MAX_3_TASKS
4206	multi	english	PPTX	0	is ppt ko pdf me convert karo aur word file banao r4206	READ:PPTX>CREATE:PDF_CREATOR>CREATE:DOCX	NO_FALSE_READY;NO_OVERWRITE;MAX_3_TASKS
4207	multi	spelling	DOCX,XLSX	0	dono files padho aur ppt banao r4207	READ:DOCX>READ:XLSX>CREATE:PPTX	NO_FALSE_READY;NO_OVERWRITE;MAX_3_TASKS
4208	multi	short	PDF	0	is pdf ko word me convert karo phir excel create r4208	READ:PDF_READER>CREATE:DOCX>CREATE:XLSX	NO_FALSE_READY;NO_OVERWRITE;MAX_3_TASKS
4209	multi	long	XLSX	0	Bhai please B2 me 500 likh do aur report ppt banao jaldi kar do r4209	READ:XLSX>EDIT:XLSX>CREATE:PPTX	NO_FALSE_READY;NO_OVERWRITE;MAX_3_TASKS
4210	multi	reversed	DOCX,PPTX	0	files padho aur pdf banao r4210	READ:DOCX>READ:PPTX>CREATE:PDF_CREATOR	NO_FALSE_READY;NO_OVERWRITE;MAX_3_TASKS
4211	multi	nopunct	-	1	electric cars par word and excel dono banao r4211	CREATE:DOCX>CREATE:XLSX	NO_FALSE_READY;NO_OVERWRITE;MAX_3_TASKS
4212	multi	followup	-	0	create a pdf about startup funding and a powerpoint about Python basics r4212	CREATE:PDF_CREATOR>CREATE:PPTX	NO_FALSE_READY;NO_OVERWRITE;MAX_3_TASKS
4213	multi	hinglish	-	0	ocean life par word banao phir pdf banao r4213	CREATE:DOCX>CREATE:PDF_CREATOR	NO_FALSE_READY;NO_OVERWRITE;MAX_3_TASKS
4214	multi	english	DOCX	0	is word file ko pdf me convert karo aur ppt banao r4214	READ:DOCX>CREATE:PDF_CREATOR>CREATE:PPTX	NO_FALSE_READY;NO_OVERWRITE;MAX_3_TASKS
4215	multi	spelling	XLSX	0	is excel sheet ko word file me convert karo phir pdf banao r4215	READ:XLSX>CREATE:DOCX>CREATE:PDF_CREATOR	NO_FALSE_READY;NO_OVERWRITE;MAX_3_TASKS
4216	multi	short	PPTX	0	is ppt ko pdf me convert karo aur word file create r4216	READ:PPTX>CREATE:PDF_CREATOR>CREATE:DOCX	NO_FALSE_READY;NO_OVERWRITE;MAX_3_TASKS
4217	multi	long	DOCX,XLSX	0	Bhai please dono files padho aur ppt banao jaldi kar do r4217	READ:DOCX>READ:XLSX>CREATE:PPTX	NO_FALSE_READY;NO_OVERWRITE;MAX_3_TASKS
4218	multi	reversed	PDF	0	is pdf ko word me convert karo phir excel banao r4218	READ:PDF_READER>CREATE:DOCX>CREATE:XLSX	NO_FALSE_READY;NO_OVERWRITE;MAX_3_TASKS
4219	multi	nopunct	XLSX	0	B2 me 500 likh do and report ppt banao r4219	READ:XLSX>EDIT:XLSX>CREATE:PPTX	NO_FALSE_READY;NO_OVERWRITE;MAX_3_TASKS
4220	multi	followup	DOCX,PPTX	0	files padho aur pdf banao r4220	READ:DOCX>READ:PPTX>CREATE:PDF_CREATOR	NO_FALSE_READY;NO_OVERWRITE;MAX_3_TASKS
4221	multi	hinglish	-	1	digital safety par word aur excel dono banao r4221	CREATE:DOCX>CREATE:XLSX	NO_FALSE_READY;NO_OVERWRITE;MAX_3_TASKS
4222	multi	english	-	0	create a pdf about renewable power and a powerpoint about digital safety r4222	CREATE:PDF_CREATOR>CREATE:PPTX	NO_FALSE_READY;NO_OVERWRITE;MAX_3_TASKS
4223	multi	spelling	-	0	internet history par word banao phir pdf banao r4223	CREATE:DOCX>CREATE:PDF_CREATOR	NO_FALSE_READY;NO_OVERWRITE;MAX_3_TASKS
4224	multi	short	DOCX	0	is word file ko pdf me convert karo aur ppt create r4224	READ:DOCX>CREATE:PDF_CREATOR>CREATE:PPTX	NO_FALSE_READY;NO_OVERWRITE;MAX_3_TASKS
4225	multi	long	XLSX	0	Bhai please is excel sheet ko word file me convert karo phir pdf banao jaldi kar do r4225	READ:XLSX>CREATE:DOCX>CREATE:PDF_CREATOR	NO_FALSE_READY;NO_OVERWRITE;MAX_3_TASKS
4226	multi	reversed	PPTX	0	is ppt ko pdf me convert karo aur word file banao r4226	READ:PPTX>CREATE:PDF_CREATOR>CREATE:DOCX	NO_FALSE_READY;NO_OVERWRITE;MAX_3_TASKS
4227	multi	nopunct	DOCX,XLSX	0	dono files padho and ppt banao r4227	READ:DOCX>READ:XLSX>CREATE:PPTX	NO_FALSE_READY;NO_OVERWRITE;MAX_3_TASKS
4228	multi	followup	PDF	0	is pdf ko word me convert karo then excel banao r4228	READ:PDF_READER>CREATE:DOCX>CREATE:XLSX	NO_FALSE_READY;NO_OVERWRITE;MAX_3_TASKS
4229	multi	hinglish	XLSX	0	B2 me 500 likh do aur report ppt banao r4229	READ:XLSX>EDIT:XLSX>CREATE:PPTX	NO_FALSE_READY;NO_OVERWRITE;MAX_3_TASKS
4230	multi	english	DOCX,PPTX	0	files padho aur pdf banao r4230	READ:DOCX>READ:PPTX>CREATE:PDF_CREATOR	NO_FALSE_READY;NO_OVERWRITE;MAX_3_TASKS
4231	multi	spelling	-	1	space travel par wrod aur excle dono bnao r4231	CREATE:DOCX>CREATE:XLSX	NO_FALSE_READY;NO_OVERWRITE;MAX_3_TASKS
4232	multi	short	-	0	create a pdf about football and a powerpoint about AI basics r4232	CREATE:PDF_CREATOR>CREATE:PPTX	NO_FALSE_READY;NO_OVERWRITE;MAX_3_TASKS
4233	multi	long	-	0	Bhai please cricket par word banao phir pdf banao jaldi kar do r4233	CREATE:DOCX>CREATE:PDF_CREATOR	NO_FALSE_READY;NO_OVERWRITE;MAX_3_TASKS
4234	multi	reversed	DOCX	0	is word file ko pdf me convert karo aur ppt banao r4234	READ:DOCX>CREATE:PDF_CREATOR>CREATE:PPTX	NO_FALSE_READY;NO_OVERWRITE;MAX_3_TASKS
4235	multi	nopunct	XLSX	0	is excel sheet ko word file me convert karo phir pdf banao r4235	READ:XLSX>CREATE:DOCX>CREATE:PDF_CREATOR	NO_FALSE_READY;NO_OVERWRITE;MAX_3_TASKS
4236	multi	followup	PPTX	0	is ppt ko pdf me convert karo aur word file banao r4236	READ:PPTX>CREATE:PDF_CREATOR>CREATE:DOCX	NO_FALSE_READY;NO_OVERWRITE;MAX_3_TASKS
4237	multi	hinglish	DOCX,XLSX	0	dono files padho aur ppt banao r4237	READ:DOCX>READ:XLSX>CREATE:PPTX	NO_FALSE_READY;NO_OVERWRITE;MAX_3_TASKS
4238	multi	english	PDF	0	is pdf ko word me convert karo phir excel banao r4238	READ:PDF_READER>CREATE:DOCX>CREATE:XLSX	NO_FALSE_READY;NO_OVERWRITE;MAX_3_TASKS
4239	multi	spelling	XLSX	0	B2 me 500 likh do aur report ppt banao r4239	READ:XLSX>EDIT:XLSX>CREATE:PPTX	NO_FALSE_READY;NO_OVERWRITE;MAX_3_TASKS
4240	multi	short	DOCX,PPTX	0	files padho aur pdf create r4240	READ:DOCX>READ:PPTX>CREATE:PDF_CREATOR	NO_FALSE_READY;NO_OVERWRITE;MAX_3_TASKS
4241	multi	long	-	1	Bhai please Python basics par word aur excel dono banao jaldi kar do r4241	CREATE:DOCX>CREATE:XLSX	NO_FALSE_READY;NO_OVERWRITE;MAX_3_TASKS
4242	multi	reversed	-	0	pdf about Android apps banao and a powerpoint about space travel banao r4242	CREATE:PDF_CREATOR>CREATE:PPTX	NO_FALSE_READY;NO_OVERWRITE;MAX_3_TASKS
4243	multi	nopunct	-	0	cloud computing par word banao phir pdf banao r4243	CREATE:DOCX>CREATE:PDF_CREATOR	NO_FALSE_READY;NO_OVERWRITE;MAX_3_TASKS
4244	multi	followup	DOCX	0	is word file ko pdf me convert karo aur ppt banao r4244	READ:DOCX>CREATE:PDF_CREATOR>CREATE:PPTX	NO_FALSE_READY;NO_OVERWRITE;MAX_3_TASKS
4245	multi	hinglish	XLSX	0	is excel sheet ko word file me convert karo phir pdf banao r4245	READ:XLSX>CREATE:DOCX>CREATE:PDF_CREATOR	NO_FALSE_READY;NO_OVERWRITE;MAX_3_TASKS
4246	multi	english	PPTX	0	is ppt ko pdf me convert karo aur word file banao r4246	READ:PPTX>CREATE:PDF_CREATOR>CREATE:DOCX	NO_FALSE_READY;NO_OVERWRITE;MAX_3_TASKS
4247	multi	spelling	DOCX,XLSX	0	dono files padho aur ppt banao r4247	READ:DOCX>READ:XLSX>CREATE:PPTX	NO_FALSE_READY;NO_OVERWRITE;MAX_3_TASKS
4248	multi	short	PDF	0	is pdf ko word me convert karo phir excel create r4248	READ:PDF_READER>CREATE:DOCX>CREATE:XLSX	NO_FALSE_READY;NO_OVERWRITE;MAX_3_TASKS
4249	multi	long	XLSX	0	Bhai please B2 me 500 likh do aur report ppt banao jaldi kar do r4249	READ:XLSX>EDIT:XLSX>CREATE:PPTX	NO_FALSE_READY;NO_OVERWRITE;MAX_3_TASKS
4250	multi	reversed	DOCX,PPTX	0	files padho aur pdf banao r4250	READ:DOCX>READ:PPTX>CREATE:PDF_CREATOR	NO_FALSE_READY;NO_OVERWRITE;MAX_3_TASKS
4251	multi	nopunct	-	1	AI basics par word and excel dono banao r4251	CREATE:DOCX>CREATE:XLSX	NO_FALSE_READY;NO_OVERWRITE;MAX_3_TASKS
4252	multi	followup	-	0	create a pdf about solar energy and a powerpoint about electric cars r4252	CREATE:PDF_CREATOR>CREATE:PPTX	NO_FALSE_READY;NO_OVERWRITE;MAX_3_TASKS
4253	multi	hinglish	-	0	water cycle par word banao phir pdf banao r4253	CREATE:DOCX>CREATE:PDF_CREATOR	NO_FALSE_READY;NO_OVERWRITE;MAX_3_TASKS
4254	multi	english	DOCX	0	is word file ko pdf me convert karo aur ppt banao r4254	READ:DOCX>CREATE:PDF_CREATOR>CREATE:PPTX	NO_FALSE_READY;NO_OVERWRITE;MAX_3_TASKS
4255	multi	spelling	XLSX	0	is excel sheet ko word file me convert karo phir pdf banao r4255	READ:XLSX>CREATE:DOCX>CREATE:PDF_CREATOR	NO_FALSE_READY;NO_OVERWRITE;MAX_3_TASKS
4256	multi	short	PPTX	0	is ppt ko pdf me convert karo aur word file create r4256	READ:PPTX>CREATE:PDF_CREATOR>CREATE:DOCX	NO_FALSE_READY;NO_OVERWRITE;MAX_3_TASKS
4257	multi	long	DOCX,XLSX	0	Bhai please dono files padho aur ppt banao jaldi kar do r4257	READ:DOCX>READ:XLSX>CREATE:PPTX	NO_FALSE_READY;NO_OVERWRITE;MAX_3_TASKS
4258	multi	reversed	PDF	0	is pdf ko word me convert karo phir excel banao r4258	READ:PDF_READER>CREATE:DOCX>CREATE:XLSX	NO_FALSE_READY;NO_OVERWRITE;MAX_3_TASKS
4259	multi	nopunct	XLSX	0	B2 me 500 likh do and report ppt banao r4259	READ:XLSX>EDIT:XLSX>CREATE:PPTX	NO_FALSE_READY;NO_OVERWRITE;MAX_3_TASKS
4260	multi	followup	DOCX,PPTX	0	files padho aur pdf banao r4260	READ:DOCX>READ:PPTX>CREATE:PDF_CREATOR	NO_FALSE_READY;NO_OVERWRITE;MAX_3_TASKS
4261	multi	hinglish	-	1	electric cars par word aur excel dono banao r4261	CREATE:DOCX>CREATE:XLSX	NO_FALSE_READY;NO_OVERWRITE;MAX_3_TASKS
4262	multi	english	-	0	create a pdf about startup funding and a powerpoint about Python basics r4262	CREATE:PDF_CREATOR>CREATE:PPTX	NO_FALSE_READY;NO_OVERWRITE;MAX_3_TASKS
4263	multi	spelling	-	0	ocean life par word banao phir pdf banao r4263	CREATE:DOCX>CREATE:PDF_CREATOR	NO_FALSE_READY;NO_OVERWRITE;MAX_3_TASKS
4264	multi	short	DOCX	0	is word file ko pdf me convert karo aur ppt create r4264	READ:DOCX>CREATE:PDF_CREATOR>CREATE:PPTX	NO_FALSE_READY;NO_OVERWRITE;MAX_3_TASKS
4265	multi	long	XLSX	0	Bhai please is excel sheet ko word file me convert karo phir pdf banao jaldi kar do r4265	READ:XLSX>CREATE:DOCX>CREATE:PDF_CREATOR	NO_FALSE_READY;NO_OVERWRITE;MAX_3_TASKS
4266	multi	reversed	PPTX	0	is ppt ko pdf me convert karo aur word file banao r4266	READ:PPTX>CREATE:PDF_CREATOR>CREATE:DOCX	NO_FALSE_READY;NO_OVERWRITE;MAX_3_TASKS
4267	multi	nopunct	DOCX,XLSX	0	dono files padho and ppt banao r4267	READ:DOCX>READ:XLSX>CREATE:PPTX	NO_FALSE_READY;NO_OVERWRITE;MAX_3_TASKS
4268	multi	followup	PDF	0	is pdf ko word me convert karo then excel banao r4268	READ:PDF_READER>CREATE:DOCX>CREATE:XLSX	NO_FALSE_READY;NO_OVERWRITE;MAX_3_TASKS
4269	multi	hinglish	XLSX	0	B2 me 500 likh do aur report ppt banao r4269	READ:XLSX>EDIT:XLSX>CREATE:PPTX	NO_FALSE_READY;NO_OVERWRITE;MAX_3_TASKS
4270	multi	english	DOCX,PPTX	0	files padho aur pdf banao r4270	READ:DOCX>READ:PPTX>CREATE:PDF_CREATOR	NO_FALSE_READY;NO_OVERWRITE;MAX_3_TASKS
4271	multi	spelling	-	1	digital safety par wrod aur excle dono bnao r4271	CREATE:DOCX>CREATE:XLSX	NO_FALSE_READY;NO_OVERWRITE;MAX_3_TASKS
4272	multi	short	-	0	create a pdf about renewable power and a powerpoint about digital safety r4272	CREATE:PDF_CREATOR>CREATE:PPTX	NO_FALSE_READY;NO_OVERWRITE;MAX_3_TASKS
4273	multi	long	-	0	Bhai please internet history par word banao phir pdf banao jaldi kar do r4273	CREATE:DOCX>CREATE:PDF_CREATOR	NO_FALSE_READY;NO_OVERWRITE;MAX_3_TASKS
4274	multi	reversed	DOCX	0	is word file ko pdf me convert karo aur ppt banao r4274	READ:DOCX>CREATE:PDF_CREATOR>CREATE:PPTX	NO_FALSE_READY;NO_OVERWRITE;MAX_3_TASKS
4275	multi	nopunct	XLSX	0	is excel sheet ko word file me convert karo phir pdf banao r4275	READ:XLSX>CREATE:DOCX>CREATE:PDF_CREATOR	NO_FALSE_READY;NO_OVERWRITE;MAX_3_TASKS
4276	multi	followup	PPTX	0	is ppt ko pdf me convert karo aur word file banao r4276	READ:PPTX>CREATE:PDF_CREATOR>CREATE:DOCX	NO_FALSE_READY;NO_OVERWRITE;MAX_3_TASKS
4277	multi	hinglish	DOCX,XLSX	0	dono files padho aur ppt banao r4277	READ:DOCX>READ:XLSX>CREATE:PPTX	NO_FALSE_READY;NO_OVERWRITE;MAX_3_TASKS
4278	multi	english	PDF	0	is pdf ko word me convert karo phir excel banao r4278	READ:PDF_READER>CREATE:DOCX>CREATE:XLSX	NO_FALSE_READY;NO_OVERWRITE;MAX_3_TASKS
4279	multi	spelling	XLSX	0	B2 me 500 likh do aur report ppt banao r4279	READ:XLSX>EDIT:XLSX>CREATE:PPTX	NO_FALSE_READY;NO_OVERWRITE;MAX_3_TASKS
4280	multi	short	DOCX,PPTX	0	files padho aur pdf create r4280	READ:DOCX>READ:PPTX>CREATE:PDF_CREATOR	NO_FALSE_READY;NO_OVERWRITE;MAX_3_TASKS
4281	multi	long	-	1	Bhai please space travel par word aur excel dono banao jaldi kar do r4281	CREATE:DOCX>CREATE:XLSX	NO_FALSE_READY;NO_OVERWRITE;MAX_3_TASKS
4282	multi	reversed	-	0	pdf about football banao and a powerpoint about AI basics banao r4282	CREATE:PDF_CREATOR>CREATE:PPTX	NO_FALSE_READY;NO_OVERWRITE;MAX_3_TASKS
4283	multi	nopunct	-	0	cricket par word banao phir pdf banao r4283	CREATE:DOCX>CREATE:PDF_CREATOR	NO_FALSE_READY;NO_OVERWRITE;MAX_3_TASKS
4284	multi	followup	DOCX	0	is word file ko pdf me convert karo aur ppt banao r4284	READ:DOCX>CREATE:PDF_CREATOR>CREATE:PPTX	NO_FALSE_READY;NO_OVERWRITE;MAX_3_TASKS
4285	multi	hinglish	XLSX	0	is excel sheet ko word file me convert karo phir pdf banao r4285	READ:XLSX>CREATE:DOCX>CREATE:PDF_CREATOR	NO_FALSE_READY;NO_OVERWRITE;MAX_3_TASKS
4286	multi	english	PPTX	0	is ppt ko pdf me convert karo aur word file banao r4286	READ:PPTX>CREATE:PDF_CREATOR>CREATE:DOCX	NO_FALSE_READY;NO_OVERWRITE;MAX_3_TASKS
4287	multi	spelling	DOCX,XLSX	0	dono files padho aur ppt banao r4287	READ:DOCX>READ:XLSX>CREATE:PPTX	NO_FALSE_READY;NO_OVERWRITE;MAX_3_TASKS
4288	multi	short	PDF	0	is pdf ko word me convert karo phir excel create r4288	READ:PDF_READER>CREATE:DOCX>CREATE:XLSX	NO_FALSE_READY;NO_OVERWRITE;MAX_3_TASKS
4289	multi	long	XLSX	0	Bhai please B2 me 500 likh do aur report ppt banao jaldi kar do r4289	READ:XLSX>EDIT:XLSX>CREATE:PPTX	NO_FALSE_READY;NO_OVERWRITE;MAX_3_TASKS
4290	multi	reversed	DOCX,PPTX	0	files padho aur pdf banao r4290	READ:DOCX>READ:PPTX>CREATE:PDF_CREATOR	NO_FALSE_READY;NO_OVERWRITE;MAX_3_TASKS
4291	multi	nopunct	-	1	Python basics par word and excel dono banao r4291	CREATE:DOCX>CREATE:XLSX	NO_FALSE_READY;NO_OVERWRITE;MAX_3_TASKS
4292	multi	followup	-	0	create a pdf about Android apps and a powerpoint about space travel r4292	CREATE:PDF_CREATOR>CREATE:PPTX	NO_FALSE_READY;NO_OVERWRITE;MAX_3_TASKS
4293	multi	hinglish	-	0	cloud computing par word banao phir pdf banao r4293	CREATE:DOCX>CREATE:PDF_CREATOR	NO_FALSE_READY;NO_OVERWRITE;MAX_3_TASKS
4294	multi	english	DOCX	0	is word file ko pdf me convert karo aur ppt banao r4294	READ:DOCX>CREATE:PDF_CREATOR>CREATE:PPTX	NO_FALSE_READY;NO_OVERWRITE;MAX_3_TASKS
4295	multi	spelling	XLSX	0	is excel sheet ko word file me convert karo phir pdf banao r4295	READ:XLSX>CREATE:DOCX>CREATE:PDF_CREATOR	NO_FALSE_READY;NO_OVERWRITE;MAX_3_TASKS
4296	multi	short	PPTX	0	is ppt ko pdf me convert karo aur word file create r4296	READ:PPTX>CREATE:PDF_CREATOR>CREATE:DOCX	NO_FALSE_READY;NO_OVERWRITE;MAX_3_TASKS
4297	multi	long	DOCX,XLSX	0	Bhai please dono files padho aur ppt banao jaldi kar do r4297	READ:DOCX>READ:XLSX>CREATE:PPTX	NO_FALSE_READY;NO_OVERWRITE;MAX_3_TASKS
4298	multi	reversed	PDF	0	is pdf ko word me convert karo phir excel banao r4298	READ:PDF_READER>CREATE:DOCX>CREATE:XLSX	NO_FALSE_READY;NO_OVERWRITE;MAX_3_TASKS
4299	multi	nopunct	XLSX	0	B2 me 500 likh do and report ppt banao r4299	READ:XLSX>EDIT:XLSX>CREATE:PPTX	NO_FALSE_READY;NO_OVERWRITE;MAX_3_TASKS
4300	multi	followup	DOCX,PPTX	0	files padho aur pdf banao r4300	READ:DOCX>READ:PPTX>CREATE:PDF_CREATOR	NO_FALSE_READY;NO_OVERWRITE;MAX_3_TASKS
4301	multi	hinglish	-	1	AI basics par word aur excel dono banao r4301	CREATE:DOCX>CREATE:XLSX	NO_FALSE_READY;NO_OVERWRITE;MAX_3_TASKS
4302	multi	english	-	0	create a pdf about solar energy and a powerpoint about electric cars r4302	CREATE:PDF_CREATOR>CREATE:PPTX	NO_FALSE_READY;NO_OVERWRITE;MAX_3_TASKS
4303	multi	spelling	-	0	water cycle par word banao phir pdf banao r4303	CREATE:DOCX>CREATE:PDF_CREATOR	NO_FALSE_READY;NO_OVERWRITE;MAX_3_TASKS
4304	multi	short	DOCX	0	is word file ko pdf me convert karo aur ppt create r4304	READ:DOCX>CREATE:PDF_CREATOR>CREATE:PPTX	NO_FALSE_READY;NO_OVERWRITE;MAX_3_TASKS
4305	multi	long	XLSX	0	Bhai please is excel sheet ko word file me convert karo phir pdf banao jaldi kar do r4305	READ:XLSX>CREATE:DOCX>CREATE:PDF_CREATOR	NO_FALSE_READY;NO_OVERWRITE;MAX_3_TASKS
4306	multi	reversed	PPTX	0	is ppt ko pdf me convert karo aur word file banao r4306	READ:PPTX>CREATE:PDF_CREATOR>CREATE:DOCX	NO_FALSE_READY;NO_OVERWRITE;MAX_3_TASKS
4307	multi	nopunct	DOCX,XLSX	0	dono files padho and ppt banao r4307	READ:DOCX>READ:XLSX>CREATE:PPTX	NO_FALSE_READY;NO_OVERWRITE;MAX_3_TASKS
4308	multi	followup	PDF	0	is pdf ko word me convert karo then excel banao r4308	READ:PDF_READER>CREATE:DOCX>CREATE:XLSX	NO_FALSE_READY;NO_OVERWRITE;MAX_3_TASKS
4309	multi	hinglish	XLSX	0	B2 me 500 likh do aur report ppt banao r4309	READ:XLSX>EDIT:XLSX>CREATE:PPTX	NO_FALSE_READY;NO_OVERWRITE;MAX_3_TASKS
4310	multi	english	DOCX,PPTX	0	files padho aur pdf banao r4310	READ:DOCX>READ:PPTX>CREATE:PDF_CREATOR	NO_FALSE_READY;NO_OVERWRITE;MAX_3_TASKS
4311	multi	spelling	-	1	electric cars par wrod aur excle dono bnao r4311	CREATE:DOCX>CREATE:XLSX	NO_FALSE_READY;NO_OVERWRITE;MAX_3_TASKS
4312	multi	short	-	0	create a pdf about startup funding and a powerpoint about Python basics r4312	CREATE:PDF_CREATOR>CREATE:PPTX	NO_FALSE_READY;NO_OVERWRITE;MAX_3_TASKS
4313	multi	long	-	0	Bhai please ocean life par word banao phir pdf banao jaldi kar do r4313	CREATE:DOCX>CREATE:PDF_CREATOR	NO_FALSE_READY;NO_OVERWRITE;MAX_3_TASKS
4314	multi	reversed	DOCX	0	is word file ko pdf me convert karo aur ppt banao r4314	READ:DOCX>CREATE:PDF_CREATOR>CREATE:PPTX	NO_FALSE_READY;NO_OVERWRITE;MAX_3_TASKS
4315	multi	nopunct	XLSX	0	is excel sheet ko word file me convert karo phir pdf banao r4315	READ:XLSX>CREATE:DOCX>CREATE:PDF_CREATOR	NO_FALSE_READY;NO_OVERWRITE;MAX_3_TASKS
4316	multi	followup	PPTX	0	is ppt ko pdf me convert karo aur word file banao r4316	READ:PPTX>CREATE:PDF_CREATOR>CREATE:DOCX	NO_FALSE_READY;NO_OVERWRITE;MAX_3_TASKS
4317	multi	hinglish	DOCX,XLSX	0	dono files padho aur ppt banao r4317	READ:DOCX>READ:XLSX>CREATE:PPTX	NO_FALSE_READY;NO_OVERWRITE;MAX_3_TASKS
4318	multi	english	PDF	0	is pdf ko word me convert karo phir excel banao r4318	READ:PDF_READER>CREATE:DOCX>CREATE:XLSX	NO_FALSE_READY;NO_OVERWRITE;MAX_3_TASKS
4319	multi	spelling	XLSX	0	B2 me 500 likh do aur report ppt banao r4319	READ:XLSX>EDIT:XLSX>CREATE:PPTX	NO_FALSE_READY;NO_OVERWRITE;MAX_3_TASKS
4320	multi	short	DOCX,PPTX	0	files padho aur pdf create r4320	READ:DOCX>READ:PPTX>CREATE:PDF_CREATOR	NO_FALSE_READY;NO_OVERWRITE;MAX_3_TASKS
4321	multi	long	-	1	Bhai please digital safety par word aur excel dono banao jaldi kar do r4321	CREATE:DOCX>CREATE:XLSX	NO_FALSE_READY;NO_OVERWRITE;MAX_3_TASKS
4322	multi	reversed	-	0	pdf about renewable power banao and a powerpoint about digital safety banao r4322	CREATE:PDF_CREATOR>CREATE:PPTX	NO_FALSE_READY;NO_OVERWRITE;MAX_3_TASKS
4323	multi	nopunct	-	0	internet history par word banao phir pdf banao r4323	CREATE:DOCX>CREATE:PDF_CREATOR	NO_FALSE_READY;NO_OVERWRITE;MAX_3_TASKS
4324	multi	followup	DOCX	0	is word file ko pdf me convert karo aur ppt banao r4324	READ:DOCX>CREATE:PDF_CREATOR>CREATE:PPTX	NO_FALSE_READY;NO_OVERWRITE;MAX_3_TASKS
4325	multi	hinglish	XLSX	0	is excel sheet ko word file me convert karo phir pdf banao r4325	READ:XLSX>CREATE:DOCX>CREATE:PDF_CREATOR	NO_FALSE_READY;NO_OVERWRITE;MAX_3_TASKS
4326	multi	english	PPTX	0	is ppt ko pdf me convert karo aur word file banao r4326	READ:PPTX>CREATE:PDF_CREATOR>CREATE:DOCX	NO_FALSE_READY;NO_OVERWRITE;MAX_3_TASKS
4327	multi	spelling	DOCX,XLSX	0	dono files padho aur ppt banao r4327	READ:DOCX>READ:XLSX>CREATE:PPTX	NO_FALSE_READY;NO_OVERWRITE;MAX_3_TASKS
4328	multi	short	PDF	0	is pdf ko word me convert karo phir excel create r4328	READ:PDF_READER>CREATE:DOCX>CREATE:XLSX	NO_FALSE_READY;NO_OVERWRITE;MAX_3_TASKS
4329	multi	long	XLSX	0	Bhai please B2 me 500 likh do aur report ppt banao jaldi kar do r4329	READ:XLSX>EDIT:XLSX>CREATE:PPTX	NO_FALSE_READY;NO_OVERWRITE;MAX_3_TASKS
4330	multi	reversed	DOCX,PPTX	0	files padho aur pdf banao r4330	READ:DOCX>READ:PPTX>CREATE:PDF_CREATOR	NO_FALSE_READY;NO_OVERWRITE;MAX_3_TASKS
4331	multi	nopunct	-	1	space travel par word and excel dono banao r4331	CREATE:DOCX>CREATE:XLSX	NO_FALSE_READY;NO_OVERWRITE;MAX_3_TASKS
4332	multi	followup	-	0	create a pdf about football and a powerpoint about AI basics r4332	CREATE:PDF_CREATOR>CREATE:PPTX	NO_FALSE_READY;NO_OVERWRITE;MAX_3_TASKS
4333	multi	hinglish	-	0	cricket par word banao phir pdf banao r4333	CREATE:DOCX>CREATE:PDF_CREATOR	NO_FALSE_READY;NO_OVERWRITE;MAX_3_TASKS
4334	multi	english	DOCX	0	is word file ko pdf me convert karo aur ppt banao r4334	READ:DOCX>CREATE:PDF_CREATOR>CREATE:PPTX	NO_FALSE_READY;NO_OVERWRITE;MAX_3_TASKS
4335	multi	spelling	XLSX	0	is excel sheet ko word file me convert karo phir pdf banao r4335	READ:XLSX>CREATE:DOCX>CREATE:PDF_CREATOR	NO_FALSE_READY;NO_OVERWRITE;MAX_3_TASKS
4336	multi	short	PPTX	0	is ppt ko pdf me convert karo aur word file create r4336	READ:PPTX>CREATE:PDF_CREATOR>CREATE:DOCX	NO_FALSE_READY;NO_OVERWRITE;MAX_3_TASKS
4337	multi	long	DOCX,XLSX	0	Bhai please dono files padho aur ppt banao jaldi kar do r4337	READ:DOCX>READ:XLSX>CREATE:PPTX	NO_FALSE_READY;NO_OVERWRITE;MAX_3_TASKS
4338	multi	reversed	PDF	0	is pdf ko word me convert karo phir excel banao r4338	READ:PDF_READER>CREATE:DOCX>CREATE:XLSX	NO_FALSE_READY;NO_OVERWRITE;MAX_3_TASKS
4339	multi	nopunct	XLSX	0	B2 me 500 likh do and report ppt banao r4339	READ:XLSX>EDIT:XLSX>CREATE:PPTX	NO_FALSE_READY;NO_OVERWRITE;MAX_3_TASKS
4340	multi	followup	DOCX,PPTX	0	files padho aur pdf banao r4340	READ:DOCX>READ:PPTX>CREATE:PDF_CREATOR	NO_FALSE_READY;NO_OVERWRITE;MAX_3_TASKS
4341	multi	hinglish	-	1	Python basics par word aur excel dono banao r4341	CREATE:DOCX>CREATE:XLSX	NO_FALSE_READY;NO_OVERWRITE;MAX_3_TASKS
4342	multi	english	-	0	create a pdf about Android apps and a powerpoint about space travel r4342	CREATE:PDF_CREATOR>CREATE:PPTX	NO_FALSE_READY;NO_OVERWRITE;MAX_3_TASKS
4343	multi	spelling	-	0	cloud computing par word banao phir pdf banao r4343	CREATE:DOCX>CREATE:PDF_CREATOR	NO_FALSE_READY;NO_OVERWRITE;MAX_3_TASKS
4344	multi	short	DOCX	0	is word file ko pdf me convert karo aur ppt create r4344	READ:DOCX>CREATE:PDF_CREATOR>CREATE:PPTX	NO_FALSE_READY;NO_OVERWRITE;MAX_3_TASKS
4345	multi	long	XLSX	0	Bhai please is excel sheet ko word file me convert karo phir pdf banao jaldi kar do r4345	READ:XLSX>CREATE:DOCX>CREATE:PDF_CREATOR	NO_FALSE_READY;NO_OVERWRITE;MAX_3_TASKS
4346	multi	reversed	PPTX	0	is ppt ko pdf me convert karo aur word file banao r4346	READ:PPTX>CREATE:PDF_CREATOR>CREATE:DOCX	NO_FALSE_READY;NO_OVERWRITE;MAX_3_TASKS
4347	multi	nopunct	DOCX,XLSX	0	dono files padho and ppt banao r4347	READ:DOCX>READ:XLSX>CREATE:PPTX	NO_FALSE_READY;NO_OVERWRITE;MAX_3_TASKS
4348	multi	followup	PDF	0	is pdf ko word me convert karo then excel banao r4348	READ:PDF_READER>CREATE:DOCX>CREATE:XLSX	NO_FALSE_READY;NO_OVERWRITE;MAX_3_TASKS
4349	multi	hinglish	XLSX	0	B2 me 500 likh do aur report ppt banao r4349	READ:XLSX>EDIT:XLSX>CREATE:PPTX	NO_FALSE_READY;NO_OVERWRITE;MAX_3_TASKS
4350	multi	english	DOCX,PPTX	0	files padho aur pdf banao r4350	READ:DOCX>READ:PPTX>CREATE:PDF_CREATOR	NO_FALSE_READY;NO_OVERWRITE;MAX_3_TASKS
4351	multi	spelling	-	1	AI basics par wrod aur excle dono bnao r4351	CREATE:DOCX>CREATE:XLSX	NO_FALSE_READY;NO_OVERWRITE;MAX_3_TASKS
4352	multi	short	-	0	create a pdf about solar energy and a powerpoint about electric cars r4352	CREATE:PDF_CREATOR>CREATE:PPTX	NO_FALSE_READY;NO_OVERWRITE;MAX_3_TASKS
4353	multi	long	-	0	Bhai please water cycle par word banao phir pdf banao jaldi kar do r4353	CREATE:DOCX>CREATE:PDF_CREATOR	NO_FALSE_READY;NO_OVERWRITE;MAX_3_TASKS
4354	multi	reversed	DOCX	0	is word file ko pdf me convert karo aur ppt banao r4354	READ:DOCX>CREATE:PDF_CREATOR>CREATE:PPTX	NO_FALSE_READY;NO_OVERWRITE;MAX_3_TASKS
4355	multi	nopunct	XLSX	0	is excel sheet ko word file me convert karo phir pdf banao r4355	READ:XLSX>CREATE:DOCX>CREATE:PDF_CREATOR	NO_FALSE_READY;NO_OVERWRITE;MAX_3_TASKS
4356	multi	followup	PPTX	0	is ppt ko pdf me convert karo aur word file banao r4356	READ:PPTX>CREATE:PDF_CREATOR>CREATE:DOCX	NO_FALSE_READY;NO_OVERWRITE;MAX_3_TASKS
4357	multi	hinglish	DOCX,XLSX	0	dono files padho aur ppt banao r4357	READ:DOCX>READ:XLSX>CREATE:PPTX	NO_FALSE_READY;NO_OVERWRITE;MAX_3_TASKS
4358	multi	english	PDF	0	is pdf ko word me convert karo phir excel banao r4358	READ:PDF_READER>CREATE:DOCX>CREATE:XLSX	NO_FALSE_READY;NO_OVERWRITE;MAX_3_TASKS
4359	multi	spelling	XLSX	0	B2 me 500 likh do aur report ppt banao r4359	READ:XLSX>EDIT:XLSX>CREATE:PPTX	NO_FALSE_READY;NO_OVERWRITE;MAX_3_TASKS
4360	multi	short	DOCX,PPTX	0	files padho aur pdf create r4360	READ:DOCX>READ:PPTX>CREATE:PDF_CREATOR	NO_FALSE_READY;NO_OVERWRITE;MAX_3_TASKS
4361	multi	long	-	1	Bhai please electric cars par word aur excel dono banao jaldi kar do r4361	CREATE:DOCX>CREATE:XLSX	NO_FALSE_READY;NO_OVERWRITE;MAX_3_TASKS
4362	multi	reversed	-	0	pdf about startup funding banao and a powerpoint about Python basics banao r4362	CREATE:PDF_CREATOR>CREATE:PPTX	NO_FALSE_READY;NO_OVERWRITE;MAX_3_TASKS
4363	multi	nopunct	-	0	ocean life par word banao phir pdf banao r4363	CREATE:DOCX>CREATE:PDF_CREATOR	NO_FALSE_READY;NO_OVERWRITE;MAX_3_TASKS
4364	multi	followup	DOCX	0	is word file ko pdf me convert karo aur ppt banao r4364	READ:DOCX>CREATE:PDF_CREATOR>CREATE:PPTX	NO_FALSE_READY;NO_OVERWRITE;MAX_3_TASKS
4365	multi	hinglish	XLSX	0	is excel sheet ko word file me convert karo phir pdf banao r4365	READ:XLSX>CREATE:DOCX>CREATE:PDF_CREATOR	NO_FALSE_READY;NO_OVERWRITE;MAX_3_TASKS
4366	multi	english	PPTX	0	is ppt ko pdf me convert karo aur word file banao r4366	READ:PPTX>CREATE:PDF_CREATOR>CREATE:DOCX	NO_FALSE_READY;NO_OVERWRITE;MAX_3_TASKS
4367	multi	spelling	DOCX,XLSX	0	dono files padho aur ppt banao r4367	READ:DOCX>READ:XLSX>CREATE:PPTX	NO_FALSE_READY;NO_OVERWRITE;MAX_3_TASKS
4368	multi	short	PDF	0	is pdf ko word me convert karo phir excel create r4368	READ:PDF_READER>CREATE:DOCX>CREATE:XLSX	NO_FALSE_READY;NO_OVERWRITE;MAX_3_TASKS
4369	multi	long	XLSX	0	Bhai please B2 me 500 likh do aur report ppt banao jaldi kar do r4369	READ:XLSX>EDIT:XLSX>CREATE:PPTX	NO_FALSE_READY;NO_OVERWRITE;MAX_3_TASKS
4370	multi	reversed	DOCX,PPTX	0	files padho aur pdf banao r4370	READ:DOCX>READ:PPTX>CREATE:PDF_CREATOR	NO_FALSE_READY;NO_OVERWRITE;MAX_3_TASKS
4371	multi	nopunct	-	1	digital safety par word and excel dono banao r4371	CREATE:DOCX>CREATE:XLSX	NO_FALSE_READY;NO_OVERWRITE;MAX_3_TASKS
4372	multi	followup	-	0	create a pdf about renewable power and a powerpoint about digital safety r4372	CREATE:PDF_CREATOR>CREATE:PPTX	NO_FALSE_READY;NO_OVERWRITE;MAX_3_TASKS
4373	multi	hinglish	-	0	internet history par word banao phir pdf banao r4373	CREATE:DOCX>CREATE:PDF_CREATOR	NO_FALSE_READY;NO_OVERWRITE;MAX_3_TASKS
4374	multi	english	DOCX	0	is word file ko pdf me convert karo aur ppt banao r4374	READ:DOCX>CREATE:PDF_CREATOR>CREATE:PPTX	NO_FALSE_READY;NO_OVERWRITE;MAX_3_TASKS
4375	multi	spelling	XLSX	0	is excel sheet ko word file me convert karo phir pdf banao r4375	READ:XLSX>CREATE:DOCX>CREATE:PDF_CREATOR	NO_FALSE_READY;NO_OVERWRITE;MAX_3_TASKS
4376	multi	short	PPTX	0	is ppt ko pdf me convert karo aur word file create r4376	READ:PPTX>CREATE:PDF_CREATOR>CREATE:DOCX	NO_FALSE_READY;NO_OVERWRITE;MAX_3_TASKS
4377	multi	long	DOCX,XLSX	0	Bhai please dono files padho aur ppt banao jaldi kar do r4377	READ:DOCX>READ:XLSX>CREATE:PPTX	NO_FALSE_READY;NO_OVERWRITE;MAX_3_TASKS
4378	multi	reversed	PDF	0	is pdf ko word me convert karo phir excel banao r4378	READ:PDF_READER>CREATE:DOCX>CREATE:XLSX	NO_FALSE_READY;NO_OVERWRITE;MAX_3_TASKS
4379	multi	nopunct	XLSX	0	B2 me 500 likh do and report ppt banao r4379	READ:XLSX>EDIT:XLSX>CREATE:PPTX	NO_FALSE_READY;NO_OVERWRITE;MAX_3_TASKS
4380	multi	followup	DOCX,PPTX	0	files padho aur pdf banao r4380	READ:DOCX>READ:PPTX>CREATE:PDF_CREATOR	NO_FALSE_READY;NO_OVERWRITE;MAX_3_TASKS
4381	multi	hinglish	-	1	space travel par word aur excel dono banao r4381	CREATE:DOCX>CREATE:XLSX	NO_FALSE_READY;NO_OVERWRITE;MAX_3_TASKS
4382	multi	english	-	0	create a pdf about football and a powerpoint about AI basics r4382	CREATE:PDF_CREATOR>CREATE:PPTX	NO_FALSE_READY;NO_OVERWRITE;MAX_3_TASKS
4383	multi	spelling	-	0	cricket par word banao phir pdf banao r4383	CREATE:DOCX>CREATE:PDF_CREATOR	NO_FALSE_READY;NO_OVERWRITE;MAX_3_TASKS
4384	multi	short	DOCX	0	is word file ko pdf me convert karo aur ppt create r4384	READ:DOCX>CREATE:PDF_CREATOR>CREATE:PPTX	NO_FALSE_READY;NO_OVERWRITE;MAX_3_TASKS
4385	multi	long	XLSX	0	Bhai please is excel sheet ko word file me convert karo phir pdf banao jaldi kar do r4385	READ:XLSX>CREATE:DOCX>CREATE:PDF_CREATOR	NO_FALSE_READY;NO_OVERWRITE;MAX_3_TASKS
4386	multi	reversed	PPTX	0	is ppt ko pdf me convert karo aur word file banao r4386	READ:PPTX>CREATE:PDF_CREATOR>CREATE:DOCX	NO_FALSE_READY;NO_OVERWRITE;MAX_3_TASKS
4387	multi	nopunct	DOCX,XLSX	0	dono files padho and ppt banao r4387	READ:DOCX>READ:XLSX>CREATE:PPTX	NO_FALSE_READY;NO_OVERWRITE;MAX_3_TASKS
4388	multi	followup	PDF	0	is pdf ko word me convert karo then excel banao r4388	READ:PDF_READER>CREATE:DOCX>CREATE:XLSX	NO_FALSE_READY;NO_OVERWRITE;MAX_3_TASKS
4389	multi	hinglish	XLSX	0	B2 me 500 likh do aur report ppt banao r4389	READ:XLSX>EDIT:XLSX>CREATE:PPTX	NO_FALSE_READY;NO_OVERWRITE;MAX_3_TASKS
4390	multi	english	DOCX,PPTX	0	files padho aur pdf banao r4390	READ:DOCX>READ:PPTX>CREATE:PDF_CREATOR	NO_FALSE_READY;NO_OVERWRITE;MAX_3_TASKS
4391	multi	spelling	-	1	Python basics par wrod aur excle dono bnao r4391	CREATE:DOCX>CREATE:XLSX	NO_FALSE_READY;NO_OVERWRITE;MAX_3_TASKS
4392	multi	short	-	0	create a pdf about Android apps and a powerpoint about space travel r4392	CREATE:PDF_CREATOR>CREATE:PPTX	NO_FALSE_READY;NO_OVERWRITE;MAX_3_TASKS
4393	multi	long	-	0	Bhai please cloud computing par word banao phir pdf banao jaldi kar do r4393	CREATE:DOCX>CREATE:PDF_CREATOR	NO_FALSE_READY;NO_OVERWRITE;MAX_3_TASKS
4394	multi	reversed	DOCX	0	is word file ko pdf me convert karo aur ppt banao r4394	READ:DOCX>CREATE:PDF_CREATOR>CREATE:PPTX	NO_FALSE_READY;NO_OVERWRITE;MAX_3_TASKS
4395	multi	nopunct	XLSX	0	is excel sheet ko word file me convert karo phir pdf banao r4395	READ:XLSX>CREATE:DOCX>CREATE:PDF_CREATOR	NO_FALSE_READY;NO_OVERWRITE;MAX_3_TASKS
4396	multi	followup	PPTX	0	is ppt ko pdf me convert karo aur word file banao r4396	READ:PPTX>CREATE:PDF_CREATOR>CREATE:DOCX	NO_FALSE_READY;NO_OVERWRITE;MAX_3_TASKS
4397	multi	hinglish	DOCX,XLSX	0	dono files padho aur ppt banao r4397	READ:DOCX>READ:XLSX>CREATE:PPTX	NO_FALSE_READY;NO_OVERWRITE;MAX_3_TASKS
4398	multi	english	PDF	0	is pdf ko word me convert karo phir excel banao r4398	READ:PDF_READER>CREATE:DOCX>CREATE:XLSX	NO_FALSE_READY;NO_OVERWRITE;MAX_3_TASKS
4399	multi	spelling	XLSX	0	B2 me 500 likh do aur report ppt banao r4399	READ:XLSX>EDIT:XLSX>CREATE:PPTX	NO_FALSE_READY;NO_OVERWRITE;MAX_3_TASKS
4400	multi	short	DOCX,PPTX	0	files padho aur pdf create r4400	READ:DOCX>READ:PPTX>CREATE:PDF_CREATOR	NO_FALSE_READY;NO_OVERWRITE;MAX_3_TASKS
4401	multi	long	-	1	Bhai please AI basics par word aur excel dono banao jaldi kar do r4401	CREATE:DOCX>CREATE:XLSX	NO_FALSE_READY;NO_OVERWRITE;MAX_3_TASKS
4402	multi	reversed	-	0	pdf about solar energy banao and a powerpoint about electric cars banao r4402	CREATE:PDF_CREATOR>CREATE:PPTX	NO_FALSE_READY;NO_OVERWRITE;MAX_3_TASKS
4403	multi	nopunct	-	0	water cycle par word banao phir pdf banao r4403	CREATE:DOCX>CREATE:PDF_CREATOR	NO_FALSE_READY;NO_OVERWRITE;MAX_3_TASKS
4404	multi	followup	DOCX	0	is word file ko pdf me convert karo aur ppt banao r4404	READ:DOCX>CREATE:PDF_CREATOR>CREATE:PPTX	NO_FALSE_READY;NO_OVERWRITE;MAX_3_TASKS
4405	multi	hinglish	XLSX	0	is excel sheet ko word file me convert karo phir pdf banao r4405	READ:XLSX>CREATE:DOCX>CREATE:PDF_CREATOR	NO_FALSE_READY;NO_OVERWRITE;MAX_3_TASKS
4406	multi	english	PPTX	0	is ppt ko pdf me convert karo aur word file banao r4406	READ:PPTX>CREATE:PDF_CREATOR>CREATE:DOCX	NO_FALSE_READY;NO_OVERWRITE;MAX_3_TASKS
4407	multi	spelling	DOCX,XLSX	0	dono files padho aur ppt banao r4407	READ:DOCX>READ:XLSX>CREATE:PPTX	NO_FALSE_READY;NO_OVERWRITE;MAX_3_TASKS
4408	multi	short	PDF	0	is pdf ko word me convert karo phir excel create r4408	READ:PDF_READER>CREATE:DOCX>CREATE:XLSX	NO_FALSE_READY;NO_OVERWRITE;MAX_3_TASKS
4409	multi	long	XLSX	0	Bhai please B2 me 500 likh do aur report ppt banao jaldi kar do r4409	READ:XLSX>EDIT:XLSX>CREATE:PPTX	NO_FALSE_READY;NO_OVERWRITE;MAX_3_TASKS
4410	multi	reversed	DOCX,PPTX	0	files padho aur pdf banao r4410	READ:DOCX>READ:PPTX>CREATE:PDF_CREATOR	NO_FALSE_READY;NO_OVERWRITE;MAX_3_TASKS
4411	multi	nopunct	-	1	electric cars par word and excel dono banao r4411	CREATE:DOCX>CREATE:XLSX	NO_FALSE_READY;NO_OVERWRITE;MAX_3_TASKS
4412	multi	followup	-	0	create a pdf about startup funding and a powerpoint about Python basics r4412	CREATE:PDF_CREATOR>CREATE:PPTX	NO_FALSE_READY;NO_OVERWRITE;MAX_3_TASKS
4413	multi	hinglish	-	0	ocean life par word banao phir pdf banao r4413	CREATE:DOCX>CREATE:PDF_CREATOR	NO_FALSE_READY;NO_OVERWRITE;MAX_3_TASKS
4414	multi	english	DOCX	0	is word file ko pdf me convert karo aur ppt banao r4414	READ:DOCX>CREATE:PDF_CREATOR>CREATE:PPTX	NO_FALSE_READY;NO_OVERWRITE;MAX_3_TASKS
4415	multi	spelling	XLSX	0	is excel sheet ko word file me convert karo phir pdf banao r4415	READ:XLSX>CREATE:DOCX>CREATE:PDF_CREATOR	NO_FALSE_READY;NO_OVERWRITE;MAX_3_TASKS
4416	multi	short	PPTX	0	is ppt ko pdf me convert karo aur word file create r4416	READ:PPTX>CREATE:PDF_CREATOR>CREATE:DOCX	NO_FALSE_READY;NO_OVERWRITE;MAX_3_TASKS
4417	multi	long	DOCX,XLSX	0	Bhai please dono files padho aur ppt banao jaldi kar do r4417	READ:DOCX>READ:XLSX>CREATE:PPTX	NO_FALSE_READY;NO_OVERWRITE;MAX_3_TASKS
4418	multi	reversed	PDF	0	is pdf ko word me convert karo phir excel banao r4418	READ:PDF_READER>CREATE:DOCX>CREATE:XLSX	NO_FALSE_READY;NO_OVERWRITE;MAX_3_TASKS
4419	multi	nopunct	XLSX	0	B2 me 500 likh do and report ppt banao r4419	READ:XLSX>EDIT:XLSX>CREATE:PPTX	NO_FALSE_READY;NO_OVERWRITE;MAX_3_TASKS
4420	multi	followup	DOCX,PPTX	0	files padho aur pdf banao r4420	READ:DOCX>READ:PPTX>CREATE:PDF_CREATOR	NO_FALSE_READY;NO_OVERWRITE;MAX_3_TASKS
4421	multi	hinglish	-	1	digital safety par word aur excel dono banao r4421	CREATE:DOCX>CREATE:XLSX	NO_FALSE_READY;NO_OVERWRITE;MAX_3_TASKS
4422	multi	english	-	0	create a pdf about renewable power and a powerpoint about digital safety r4422	CREATE:PDF_CREATOR>CREATE:PPTX	NO_FALSE_READY;NO_OVERWRITE;MAX_3_TASKS
4423	multi	spelling	-	0	internet history par word banao phir pdf banao r4423	CREATE:DOCX>CREATE:PDF_CREATOR	NO_FALSE_READY;NO_OVERWRITE;MAX_3_TASKS
4424	multi	short	DOCX	0	is word file ko pdf me convert karo aur ppt create r4424	READ:DOCX>CREATE:PDF_CREATOR>CREATE:PPTX	NO_FALSE_READY;NO_OVERWRITE;MAX_3_TASKS
4425	multi	long	XLSX	0	Bhai please is excel sheet ko word file me convert karo phir pdf banao jaldi kar do r4425	READ:XLSX>CREATE:DOCX>CREATE:PDF_CREATOR	NO_FALSE_READY;NO_OVERWRITE;MAX_3_TASKS
4426	multi	reversed	PPTX	0	is ppt ko pdf me convert karo aur word file banao r4426	READ:PPTX>CREATE:PDF_CREATOR>CREATE:DOCX	NO_FALSE_READY;NO_OVERWRITE;MAX_3_TASKS
4427	multi	nopunct	DOCX,XLSX	0	dono files padho and ppt banao r4427	READ:DOCX>READ:XLSX>CREATE:PPTX	NO_FALSE_READY;NO_OVERWRITE;MAX_3_TASKS
4428	multi	followup	PDF	0	is pdf ko word me convert karo then excel banao r4428	READ:PDF_READER>CREATE:DOCX>CREATE:XLSX	NO_FALSE_READY;NO_OVERWRITE;MAX_3_TASKS
4429	multi	hinglish	XLSX	0	B2 me 500 likh do aur report ppt banao r4429	READ:XLSX>EDIT:XLSX>CREATE:PPTX	NO_FALSE_READY;NO_OVERWRITE;MAX_3_TASKS
4430	multi	english	DOCX,PPTX	0	files padho aur pdf banao r4430	READ:DOCX>READ:PPTX>CREATE:PDF_CREATOR	NO_FALSE_READY;NO_OVERWRITE;MAX_3_TASKS
4431	multi	spelling	-	1	space travel par wrod aur excle dono bnao r4431	CREATE:DOCX>CREATE:XLSX	NO_FALSE_READY;NO_OVERWRITE;MAX_3_TASKS
4432	multi	short	-	0	create a pdf about football and a powerpoint about AI basics r4432	CREATE:PDF_CREATOR>CREATE:PPTX	NO_FALSE_READY;NO_OVERWRITE;MAX_3_TASKS
4433	multi	long	-	0	Bhai please cricket par word banao phir pdf banao jaldi kar do r4433	CREATE:DOCX>CREATE:PDF_CREATOR	NO_FALSE_READY;NO_OVERWRITE;MAX_3_TASKS
4434	multi	reversed	DOCX	0	is word file ko pdf me convert karo aur ppt banao r4434	READ:DOCX>CREATE:PDF_CREATOR>CREATE:PPTX	NO_FALSE_READY;NO_OVERWRITE;MAX_3_TASKS
4435	multi	nopunct	XLSX	0	is excel sheet ko word file me convert karo phir pdf banao r4435	READ:XLSX>CREATE:DOCX>CREATE:PDF_CREATOR	NO_FALSE_READY;NO_OVERWRITE;MAX_3_TASKS
4436	multi	followup	PPTX	0	is ppt ko pdf me convert karo aur word file banao r4436	READ:PPTX>CREATE:PDF_CREATOR>CREATE:DOCX	NO_FALSE_READY;NO_OVERWRITE;MAX_3_TASKS
4437	multi	hinglish	DOCX,XLSX	0	dono files padho aur ppt banao r4437	READ:DOCX>READ:XLSX>CREATE:PPTX	NO_FALSE_READY;NO_OVERWRITE;MAX_3_TASKS
4438	multi	english	PDF	0	is pdf ko word me convert karo phir excel banao r4438	READ:PDF_READER>CREATE:DOCX>CREATE:XLSX	NO_FALSE_READY;NO_OVERWRITE;MAX_3_TASKS
4439	multi	spelling	XLSX	0	B2 me 500 likh do aur report ppt banao r4439	READ:XLSX>EDIT:XLSX>CREATE:PPTX	NO_FALSE_READY;NO_OVERWRITE;MAX_3_TASKS
4440	multi	short	DOCX,PPTX	0	files padho aur pdf create r4440	READ:DOCX>READ:PPTX>CREATE:PDF_CREATOR	NO_FALSE_READY;NO_OVERWRITE;MAX_3_TASKS
4441	multi	long	-	1	Bhai please Python basics par word aur excel dono banao jaldi kar do r4441	CREATE:DOCX>CREATE:XLSX	NO_FALSE_READY;NO_OVERWRITE;MAX_3_TASKS
4442	multi	reversed	-	0	pdf about Android apps banao and a powerpoint about space travel banao r4442	CREATE:PDF_CREATOR>CREATE:PPTX	NO_FALSE_READY;NO_OVERWRITE;MAX_3_TASKS
4443	multi	nopunct	-	0	cloud computing par word banao phir pdf banao r4443	CREATE:DOCX>CREATE:PDF_CREATOR	NO_FALSE_READY;NO_OVERWRITE;MAX_3_TASKS
4444	multi	followup	DOCX	0	is word file ko pdf me convert karo aur ppt banao r4444	READ:DOCX>CREATE:PDF_CREATOR>CREATE:PPTX	NO_FALSE_READY;NO_OVERWRITE;MAX_3_TASKS
4445	multi	hinglish	XLSX	0	is excel sheet ko word file me convert karo phir pdf banao r4445	READ:XLSX>CREATE:DOCX>CREATE:PDF_CREATOR	NO_FALSE_READY;NO_OVERWRITE;MAX_3_TASKS
4446	multi	english	PPTX	0	is ppt ko pdf me convert karo aur word file banao r4446	READ:PPTX>CREATE:PDF_CREATOR>CREATE:DOCX	NO_FALSE_READY;NO_OVERWRITE;MAX_3_TASKS
4447	multi	spelling	DOCX,XLSX	0	dono files padho aur ppt banao r4447	READ:DOCX>READ:XLSX>CREATE:PPTX	NO_FALSE_READY;NO_OVERWRITE;MAX_3_TASKS
4448	multi	short	PDF	0	is pdf ko word me convert karo phir excel create r4448	READ:PDF_READER>CREATE:DOCX>CREATE:XLSX	NO_FALSE_READY;NO_OVERWRITE;MAX_3_TASKS
4449	multi	long	XLSX	0	Bhai please B2 me 500 likh do aur report ppt banao jaldi kar do r4449	READ:XLSX>EDIT:XLSX>CREATE:PPTX	NO_FALSE_READY;NO_OVERWRITE;MAX_3_TASKS
4450	multi	reversed	DOCX,PPTX	0	files padho aur pdf banao r4450	READ:DOCX>READ:PPTX>CREATE:PDF_CREATOR	NO_FALSE_READY;NO_OVERWRITE;MAX_3_TASKS
4451	multi	nopunct	-	1	AI basics par word and excel dono banao r4451	CREATE:DOCX>CREATE:XLSX	NO_FALSE_READY;NO_OVERWRITE;MAX_3_TASKS
4452	multi	followup	-	0	create a pdf about solar energy and a powerpoint about electric cars r4452	CREATE:PDF_CREATOR>CREATE:PPTX	NO_FALSE_READY;NO_OVERWRITE;MAX_3_TASKS
4453	multi	hinglish	-	0	water cycle par word banao phir pdf banao r4453	CREATE:DOCX>CREATE:PDF_CREATOR	NO_FALSE_READY;NO_OVERWRITE;MAX_3_TASKS
4454	multi	english	DOCX	0	is word file ko pdf me convert karo aur ppt banao r4454	READ:DOCX>CREATE:PDF_CREATOR>CREATE:PPTX	NO_FALSE_READY;NO_OVERWRITE;MAX_3_TASKS
4455	multi	spelling	XLSX	0	is excel sheet ko word file me convert karo phir pdf banao r4455	READ:XLSX>CREATE:DOCX>CREATE:PDF_CREATOR	NO_FALSE_READY;NO_OVERWRITE;MAX_3_TASKS
4456	multi	short	PPTX	0	is ppt ko pdf me convert karo aur word file create r4456	READ:PPTX>CREATE:PDF_CREATOR>CREATE:DOCX	NO_FALSE_READY;NO_OVERWRITE;MAX_3_TASKS
4457	multi	long	DOCX,XLSX	0	Bhai please dono files padho aur ppt banao jaldi kar do r4457	READ:DOCX>READ:XLSX>CREATE:PPTX	NO_FALSE_READY;NO_OVERWRITE;MAX_3_TASKS
4458	multi	reversed	PDF	0	is pdf ko word me convert karo phir excel banao r4458	READ:PDF_READER>CREATE:DOCX>CREATE:XLSX	NO_FALSE_READY;NO_OVERWRITE;MAX_3_TASKS
4459	multi	nopunct	XLSX	0	B2 me 500 likh do and report ppt banao r4459	READ:XLSX>EDIT:XLSX>CREATE:PPTX	NO_FALSE_READY;NO_OVERWRITE;MAX_3_TASKS
4460	multi	followup	DOCX,PPTX	0	files padho aur pdf banao r4460	READ:DOCX>READ:PPTX>CREATE:PDF_CREATOR	NO_FALSE_READY;NO_OVERWRITE;MAX_3_TASKS
4461	multi	hinglish	-	1	electric cars par word aur excel dono banao r4461	CREATE:DOCX>CREATE:XLSX	NO_FALSE_READY;NO_OVERWRITE;MAX_3_TASKS
4462	multi	english	-	0	create a pdf about startup funding and a powerpoint about Python basics r4462	CREATE:PDF_CREATOR>CREATE:PPTX	NO_FALSE_READY;NO_OVERWRITE;MAX_3_TASKS
4463	multi	spelling	-	0	ocean life par word banao phir pdf banao r4463	CREATE:DOCX>CREATE:PDF_CREATOR	NO_FALSE_READY;NO_OVERWRITE;MAX_3_TASKS
4464	multi	short	DOCX	0	is word file ko pdf me convert karo aur ppt create r4464	READ:DOCX>CREATE:PDF_CREATOR>CREATE:PPTX	NO_FALSE_READY;NO_OVERWRITE;MAX_3_TASKS
4465	multi	long	XLSX	0	Bhai please is excel sheet ko word file me convert karo phir pdf banao jaldi kar do r4465	READ:XLSX>CREATE:DOCX>CREATE:PDF_CREATOR	NO_FALSE_READY;NO_OVERWRITE;MAX_3_TASKS
4466	multi	reversed	PPTX	0	is ppt ko pdf me convert karo aur word file banao r4466	READ:PPTX>CREATE:PDF_CREATOR>CREATE:DOCX	NO_FALSE_READY;NO_OVERWRITE;MAX_3_TASKS
4467	multi	nopunct	DOCX,XLSX	0	dono files padho and ppt banao r4467	READ:DOCX>READ:XLSX>CREATE:PPTX	NO_FALSE_READY;NO_OVERWRITE;MAX_3_TASKS
4468	multi	followup	PDF	0	is pdf ko word me convert karo then excel banao r4468	READ:PDF_READER>CREATE:DOCX>CREATE:XLSX	NO_FALSE_READY;NO_OVERWRITE;MAX_3_TASKS
4469	multi	hinglish	XLSX	0	B2 me 500 likh do aur report ppt banao r4469	READ:XLSX>EDIT:XLSX>CREATE:PPTX	NO_FALSE_READY;NO_OVERWRITE;MAX_3_TASKS
4470	multi	english	DOCX,PPTX	0	files padho aur pdf banao r4470	READ:DOCX>READ:PPTX>CREATE:PDF_CREATOR	NO_FALSE_READY;NO_OVERWRITE;MAX_3_TASKS
4471	multi	spelling	-	1	digital safety par wrod aur excle dono bnao r4471	CREATE:DOCX>CREATE:XLSX	NO_FALSE_READY;NO_OVERWRITE;MAX_3_TASKS
4472	multi	short	-	0	create a pdf about renewable power and a powerpoint about digital safety r4472	CREATE:PDF_CREATOR>CREATE:PPTX	NO_FALSE_READY;NO_OVERWRITE;MAX_3_TASKS
4473	multi	long	-	0	Bhai please internet history par word banao phir pdf banao jaldi kar do r4473	CREATE:DOCX>CREATE:PDF_CREATOR	NO_FALSE_READY;NO_OVERWRITE;MAX_3_TASKS
4474	multi	reversed	DOCX	0	is word file ko pdf me convert karo aur ppt banao r4474	READ:DOCX>CREATE:PDF_CREATOR>CREATE:PPTX	NO_FALSE_READY;NO_OVERWRITE;MAX_3_TASKS
4475	multi	nopunct	XLSX	0	is excel sheet ko word file me convert karo phir pdf banao r4475	READ:XLSX>CREATE:DOCX>CREATE:PDF_CREATOR	NO_FALSE_READY;NO_OVERWRITE;MAX_3_TASKS
4476	multi	followup	PPTX	0	is ppt ko pdf me convert karo aur word file banao r4476	READ:PPTX>CREATE:PDF_CREATOR>CREATE:DOCX	NO_FALSE_READY;NO_OVERWRITE;MAX_3_TASKS
4477	multi	hinglish	DOCX,XLSX	0	dono files padho aur ppt banao r4477	READ:DOCX>READ:XLSX>CREATE:PPTX	NO_FALSE_READY;NO_OVERWRITE;MAX_3_TASKS
4478	multi	english	PDF	0	is pdf ko word me convert karo phir excel banao r4478	READ:PDF_READER>CREATE:DOCX>CREATE:XLSX	NO_FALSE_READY;NO_OVERWRITE;MAX_3_TASKS
4479	multi	spelling	XLSX	0	B2 me 500 likh do aur report ppt banao r4479	READ:XLSX>EDIT:XLSX>CREATE:PPTX	NO_FALSE_READY;NO_OVERWRITE;MAX_3_TASKS
4480	multi	short	DOCX,PPTX	0	files padho aur pdf create r4480	READ:DOCX>READ:PPTX>CREATE:PDF_CREATOR	NO_FALSE_READY;NO_OVERWRITE;MAX_3_TASKS
4481	multi	long	-	1	Bhai please space travel par word aur excel dono banao jaldi kar do r4481	CREATE:DOCX>CREATE:XLSX	NO_FALSE_READY;NO_OVERWRITE;MAX_3_TASKS
4482	multi	reversed	-	0	pdf about football banao and a powerpoint about AI basics banao r4482	CREATE:PDF_CREATOR>CREATE:PPTX	NO_FALSE_READY;NO_OVERWRITE;MAX_3_TASKS
4483	multi	nopunct	-	0	cricket par word banao phir pdf banao r4483	CREATE:DOCX>CREATE:PDF_CREATOR	NO_FALSE_READY;NO_OVERWRITE;MAX_3_TASKS
4484	multi	followup	DOCX	0	is word file ko pdf me convert karo aur ppt banao r4484	READ:DOCX>CREATE:PDF_CREATOR>CREATE:PPTX	NO_FALSE_READY;NO_OVERWRITE;MAX_3_TASKS
4485	multi	hinglish	XLSX	0	is excel sheet ko word file me convert karo phir pdf banao r4485	READ:XLSX>CREATE:DOCX>CREATE:PDF_CREATOR	NO_FALSE_READY;NO_OVERWRITE;MAX_3_TASKS
4486	multi	english	PPTX	0	is ppt ko pdf me convert karo aur word file banao r4486	READ:PPTX>CREATE:PDF_CREATOR>CREATE:DOCX	NO_FALSE_READY;NO_OVERWRITE;MAX_3_TASKS
4487	multi	spelling	DOCX,XLSX	0	dono files padho aur ppt banao r4487	READ:DOCX>READ:XLSX>CREATE:PPTX	NO_FALSE_READY;NO_OVERWRITE;MAX_3_TASKS
4488	multi	short	PDF	0	is pdf ko word me convert karo phir excel create r4488	READ:PDF_READER>CREATE:DOCX>CREATE:XLSX	NO_FALSE_READY;NO_OVERWRITE;MAX_3_TASKS
4489	multi	long	XLSX	0	Bhai please B2 me 500 likh do aur report ppt banao jaldi kar do r4489	READ:XLSX>EDIT:XLSX>CREATE:PPTX	NO_FALSE_READY;NO_OVERWRITE;MAX_3_TASKS
4490	multi	reversed	DOCX,PPTX	0	files padho aur pdf banao r4490	READ:DOCX>READ:PPTX>CREATE:PDF_CREATOR	NO_FALSE_READY;NO_OVERWRITE;MAX_3_TASKS
4491	multi	nopunct	-	1	Python basics par word and excel dono banao r4491	CREATE:DOCX>CREATE:XLSX	NO_FALSE_READY;NO_OVERWRITE;MAX_3_TASKS
4492	multi	followup	-	0	create a pdf about Android apps and a powerpoint about space travel r4492	CREATE:PDF_CREATOR>CREATE:PPTX	NO_FALSE_READY;NO_OVERWRITE;MAX_3_TASKS
4493	multi	hinglish	-	0	cloud computing par word banao phir pdf banao r4493	CREATE:DOCX>CREATE:PDF_CREATOR	NO_FALSE_READY;NO_OVERWRITE;MAX_3_TASKS
4494	multi	english	DOCX	0	is word file ko pdf me convert karo aur ppt banao r4494	READ:DOCX>CREATE:PDF_CREATOR>CREATE:PPTX	NO_FALSE_READY;NO_OVERWRITE;MAX_3_TASKS
4495	multi	spelling	XLSX	0	is excel sheet ko word file me convert karo phir pdf banao r4495	READ:XLSX>CREATE:DOCX>CREATE:PDF_CREATOR	NO_FALSE_READY;NO_OVERWRITE;MAX_3_TASKS
4496	multi	short	PPTX	0	is ppt ko pdf me convert karo aur word file create r4496	READ:PPTX>CREATE:PDF_CREATOR>CREATE:DOCX	NO_FALSE_READY;NO_OVERWRITE;MAX_3_TASKS
4497	multi	long	DOCX,XLSX	0	Bhai please dono files padho aur ppt banao jaldi kar do r4497	READ:DOCX>READ:XLSX>CREATE:PPTX	NO_FALSE_READY;NO_OVERWRITE;MAX_3_TASKS
4498	multi	reversed	PDF	0	is pdf ko word me convert karo phir excel banao r4498	READ:PDF_READER>CREATE:DOCX>CREATE:XLSX	NO_FALSE_READY;NO_OVERWRITE;MAX_3_TASKS
4499	multi	nopunct	XLSX	0	B2 me 500 likh do and report ppt banao r4499	READ:XLSX>EDIT:XLSX>CREATE:PPTX	NO_FALSE_READY;NO_OVERWRITE;MAX_3_TASKS
4500	multi	followup	DOCX,PPTX	0	files padho aur pdf banao r4500	READ:DOCX>READ:PPTX>CREATE:PDF_CREATOR	NO_FALSE_READY;NO_OVERWRITE;MAX_3_TASKS
4501	multi	hinglish	-	1	AI basics par word aur excel dono banao r4501	CREATE:DOCX>CREATE:XLSX	NO_FALSE_READY;NO_OVERWRITE;MAX_3_TASKS
4502	multi	english	-	0	create a pdf about solar energy and a powerpoint about electric cars r4502	CREATE:PDF_CREATOR>CREATE:PPTX	NO_FALSE_READY;NO_OVERWRITE;MAX_3_TASKS
4503	multi	spelling	-	0	water cycle par word banao phir pdf banao r4503	CREATE:DOCX>CREATE:PDF_CREATOR	NO_FALSE_READY;NO_OVERWRITE;MAX_3_TASKS
4504	multi	short	DOCX	0	is word file ko pdf me convert karo aur ppt create r4504	READ:DOCX>CREATE:PDF_CREATOR>CREATE:PPTX	NO_FALSE_READY;NO_OVERWRITE;MAX_3_TASKS
4505	multi	long	XLSX	0	Bhai please is excel sheet ko word file me convert karo phir pdf banao jaldi kar do r4505	READ:XLSX>CREATE:DOCX>CREATE:PDF_CREATOR	NO_FALSE_READY;NO_OVERWRITE;MAX_3_TASKS
4506	multi	reversed	PPTX	0	is ppt ko pdf me convert karo aur word file banao r4506	READ:PPTX>CREATE:PDF_CREATOR>CREATE:DOCX	NO_FALSE_READY;NO_OVERWRITE;MAX_3_TASKS
4507	multi	nopunct	DOCX,XLSX	0	dono files padho and ppt banao r4507	READ:DOCX>READ:XLSX>CREATE:PPTX	NO_FALSE_READY;NO_OVERWRITE;MAX_3_TASKS
4508	multi	followup	PDF	0	is pdf ko word me convert karo then excel banao r4508	READ:PDF_READER>CREATE:DOCX>CREATE:XLSX	NO_FALSE_READY;NO_OVERWRITE;MAX_3_TASKS
4509	multi	hinglish	XLSX	0	B2 me 500 likh do aur report ppt banao r4509	READ:XLSX>EDIT:XLSX>CREATE:PPTX	NO_FALSE_READY;NO_OVERWRITE;MAX_3_TASKS
4510	multi	english	DOCX,PPTX	0	files padho aur pdf banao r4510	READ:DOCX>READ:PPTX>CREATE:PDF_CREATOR	NO_FALSE_READY;NO_OVERWRITE;MAX_3_TASKS
4511	multi	spelling	-	1	electric cars par wrod aur excle dono bnao r4511	CREATE:DOCX>CREATE:XLSX	NO_FALSE_READY;NO_OVERWRITE;MAX_3_TASKS
4512	multi	short	-	0	create a pdf about startup funding and a powerpoint about Python basics r4512	CREATE:PDF_CREATOR>CREATE:PPTX	NO_FALSE_READY;NO_OVERWRITE;MAX_3_TASKS
4513	multi	long	-	0	Bhai please ocean life par word banao phir pdf banao jaldi kar do r4513	CREATE:DOCX>CREATE:PDF_CREATOR	NO_FALSE_READY;NO_OVERWRITE;MAX_3_TASKS
4514	multi	reversed	DOCX	0	is word file ko pdf me convert karo aur ppt banao r4514	READ:DOCX>CREATE:PDF_CREATOR>CREATE:PPTX	NO_FALSE_READY;NO_OVERWRITE;MAX_3_TASKS
4515	multi	nopunct	XLSX	0	is excel sheet ko word file me convert karo phir pdf banao r4515	READ:XLSX>CREATE:DOCX>CREATE:PDF_CREATOR	NO_FALSE_READY;NO_OVERWRITE;MAX_3_TASKS
4516	multi	followup	PPTX	0	is ppt ko pdf me convert karo aur word file banao r4516	READ:PPTX>CREATE:PDF_CREATOR>CREATE:DOCX	NO_FALSE_READY;NO_OVERWRITE;MAX_3_TASKS
4517	multi	hinglish	DOCX,XLSX	0	dono files padho aur ppt banao r4517	READ:DOCX>READ:XLSX>CREATE:PPTX	NO_FALSE_READY;NO_OVERWRITE;MAX_3_TASKS
4518	multi	english	PDF	0	is pdf ko word me convert karo phir excel banao r4518	READ:PDF_READER>CREATE:DOCX>CREATE:XLSX	NO_FALSE_READY;NO_OVERWRITE;MAX_3_TASKS
4519	multi	spelling	XLSX	0	B2 me 500 likh do aur report ppt banao r4519	READ:XLSX>EDIT:XLSX>CREATE:PPTX	NO_FALSE_READY;NO_OVERWRITE;MAX_3_TASKS
4520	multi	short	DOCX,PPTX	0	files padho aur pdf create r4520	READ:DOCX>READ:PPTX>CREATE:PDF_CREATOR	NO_FALSE_READY;NO_OVERWRITE;MAX_3_TASKS
4521	multi	long	-	1	Bhai please digital safety par word aur excel dono banao jaldi kar do r4521	CREATE:DOCX>CREATE:XLSX	NO_FALSE_READY;NO_OVERWRITE;MAX_3_TASKS
4522	multi	reversed	-	0	pdf about renewable power banao and a powerpoint about digital safety banao r4522	CREATE:PDF_CREATOR>CREATE:PPTX	NO_FALSE_READY;NO_OVERWRITE;MAX_3_TASKS
4523	multi	nopunct	-	0	internet history par word banao phir pdf banao r4523	CREATE:DOCX>CREATE:PDF_CREATOR	NO_FALSE_READY;NO_OVERWRITE;MAX_3_TASKS
4524	multi	followup	DOCX	0	is word file ko pdf me convert karo aur ppt banao r4524	READ:DOCX>CREATE:PDF_CREATOR>CREATE:PPTX	NO_FALSE_READY;NO_OVERWRITE;MAX_3_TASKS
4525	multi	hinglish	XLSX	0	is excel sheet ko word file me convert karo phir pdf banao r4525	READ:XLSX>CREATE:DOCX>CREATE:PDF_CREATOR	NO_FALSE_READY;NO_OVERWRITE;MAX_3_TASKS
4526	multi	english	PPTX	0	is ppt ko pdf me convert karo aur word file banao r4526	READ:PPTX>CREATE:PDF_CREATOR>CREATE:DOCX	NO_FALSE_READY;NO_OVERWRITE;MAX_3_TASKS
4527	multi	spelling	DOCX,XLSX	0	dono files padho aur ppt banao r4527	READ:DOCX>READ:XLSX>CREATE:PPTX	NO_FALSE_READY;NO_OVERWRITE;MAX_3_TASKS
4528	multi	short	PDF	0	is pdf ko word me convert karo phir excel create r4528	READ:PDF_READER>CREATE:DOCX>CREATE:XLSX	NO_FALSE_READY;NO_OVERWRITE;MAX_3_TASKS
4529	multi	long	XLSX	0	Bhai please B2 me 500 likh do aur report ppt banao jaldi kar do r4529	READ:XLSX>EDIT:XLSX>CREATE:PPTX	NO_FALSE_READY;NO_OVERWRITE;MAX_3_TASKS
4530	multi	reversed	DOCX,PPTX	0	files padho aur pdf banao r4530	READ:DOCX>READ:PPTX>CREATE:PDF_CREATOR	NO_FALSE_READY;NO_OVERWRITE;MAX_3_TASKS
4531	multi	nopunct	-	1	space travel par word and excel dono banao r4531	CREATE:DOCX>CREATE:XLSX	NO_FALSE_READY;NO_OVERWRITE;MAX_3_TASKS
4532	multi	followup	-	0	create a pdf about football and a powerpoint about AI basics r4532	CREATE:PDF_CREATOR>CREATE:PPTX	NO_FALSE_READY;NO_OVERWRITE;MAX_3_TASKS
4533	multi	hinglish	-	0	cricket par word banao phir pdf banao r4533	CREATE:DOCX>CREATE:PDF_CREATOR	NO_FALSE_READY;NO_OVERWRITE;MAX_3_TASKS
4534	multi	english	DOCX	0	is word file ko pdf me convert karo aur ppt banao r4534	READ:DOCX>CREATE:PDF_CREATOR>CREATE:PPTX	NO_FALSE_READY;NO_OVERWRITE;MAX_3_TASKS
4535	multi	spelling	XLSX	0	is excel sheet ko word file me convert karo phir pdf banao r4535	READ:XLSX>CREATE:DOCX>CREATE:PDF_CREATOR	NO_FALSE_READY;NO_OVERWRITE;MAX_3_TASKS
4536	multi	short	PPTX	0	is ppt ko pdf me convert karo aur word file create r4536	READ:PPTX>CREATE:PDF_CREATOR>CREATE:DOCX	NO_FALSE_READY;NO_OVERWRITE;MAX_3_TASKS
4537	multi	long	DOCX,XLSX	0	Bhai please dono files padho aur ppt banao jaldi kar do r4537	READ:DOCX>READ:XLSX>CREATE:PPTX	NO_FALSE_READY;NO_OVERWRITE;MAX_3_TASKS
4538	multi	reversed	PDF	0	is pdf ko word me convert karo phir excel banao r4538	READ:PDF_READER>CREATE:DOCX>CREATE:XLSX	NO_FALSE_READY;NO_OVERWRITE;MAX_3_TASKS
4539	multi	nopunct	XLSX	0	B2 me 500 likh do and report ppt banao r4539	READ:XLSX>EDIT:XLSX>CREATE:PPTX	NO_FALSE_READY;NO_OVERWRITE;MAX_3_TASKS
4540	multi	followup	DOCX,PPTX	0	files padho aur pdf banao r4540	READ:DOCX>READ:PPTX>CREATE:PDF_CREATOR	NO_FALSE_READY;NO_OVERWRITE;MAX_3_TASKS
4541	multi	hinglish	-	1	Python basics par word aur excel dono banao r4541	CREATE:DOCX>CREATE:XLSX	NO_FALSE_READY;NO_OVERWRITE;MAX_3_TASKS
4542	multi	english	-	0	create a pdf about Android apps and a powerpoint about space travel r4542	CREATE:PDF_CREATOR>CREATE:PPTX	NO_FALSE_READY;NO_OVERWRITE;MAX_3_TASKS
4543	multi	spelling	-	0	cloud computing par word banao phir pdf banao r4543	CREATE:DOCX>CREATE:PDF_CREATOR	NO_FALSE_READY;NO_OVERWRITE;MAX_3_TASKS
4544	multi	short	DOCX	0	is word file ko pdf me convert karo aur ppt create r4544	READ:DOCX>CREATE:PDF_CREATOR>CREATE:PPTX	NO_FALSE_READY;NO_OVERWRITE;MAX_3_TASKS
4545	multi	long	XLSX	0	Bhai please is excel sheet ko word file me convert karo phir pdf banao jaldi kar do r4545	READ:XLSX>CREATE:DOCX>CREATE:PDF_CREATOR	NO_FALSE_READY;NO_OVERWRITE;MAX_3_TASKS
4546	multi	reversed	PPTX	0	is ppt ko pdf me convert karo aur word file banao r4546	READ:PPTX>CREATE:PDF_CREATOR>CREATE:DOCX	NO_FALSE_READY;NO_OVERWRITE;MAX_3_TASKS
4547	multi	nopunct	DOCX,XLSX	0	dono files padho and ppt banao r4547	READ:DOCX>READ:XLSX>CREATE:PPTX	NO_FALSE_READY;NO_OVERWRITE;MAX_3_TASKS
4548	multi	followup	PDF	0	is pdf ko word me convert karo then excel banao r4548	READ:PDF_READER>CREATE:DOCX>CREATE:XLSX	NO_FALSE_READY;NO_OVERWRITE;MAX_3_TASKS
4549	multi	hinglish	XLSX	0	B2 me 500 likh do aur report ppt banao r4549	READ:XLSX>EDIT:XLSX>CREATE:PPTX	NO_FALSE_READY;NO_OVERWRITE;MAX_3_TASKS
4550	multi	english	DOCX,PPTX	0	files padho aur pdf banao r4550	READ:DOCX>READ:PPTX>CREATE:PDF_CREATOR	NO_FALSE_READY;NO_OVERWRITE;MAX_3_TASKS
4551	multi	spelling	-	1	AI basics par wrod aur excle dono bnao r4551	CREATE:DOCX>CREATE:XLSX	NO_FALSE_READY;NO_OVERWRITE;MAX_3_TASKS
4552	multi	short	-	0	create a pdf about solar energy and a powerpoint about electric cars r4552	CREATE:PDF_CREATOR>CREATE:PPTX	NO_FALSE_READY;NO_OVERWRITE;MAX_3_TASKS
4553	multi	long	-	0	Bhai please water cycle par word banao phir pdf banao jaldi kar do r4553	CREATE:DOCX>CREATE:PDF_CREATOR	NO_FALSE_READY;NO_OVERWRITE;MAX_3_TASKS
4554	multi	reversed	DOCX	0	is word file ko pdf me convert karo aur ppt banao r4554	READ:DOCX>CREATE:PDF_CREATOR>CREATE:PPTX	NO_FALSE_READY;NO_OVERWRITE;MAX_3_TASKS
4555	multi	nopunct	XLSX	0	is excel sheet ko word file me convert karo phir pdf banao r4555	READ:XLSX>CREATE:DOCX>CREATE:PDF_CREATOR	NO_FALSE_READY;NO_OVERWRITE;MAX_3_TASKS
4556	multi	followup	PPTX	0	is ppt ko pdf me convert karo aur word file banao r4556	READ:PPTX>CREATE:PDF_CREATOR>CREATE:DOCX	NO_FALSE_READY;NO_OVERWRITE;MAX_3_TASKS
4557	multi	hinglish	DOCX,XLSX	0	dono files padho aur ppt banao r4557	READ:DOCX>READ:XLSX>CREATE:PPTX	NO_FALSE_READY;NO_OVERWRITE;MAX_3_TASKS
4558	multi	english	PDF	0	is pdf ko word me convert karo phir excel banao r4558	READ:PDF_READER>CREATE:DOCX>CREATE:XLSX	NO_FALSE_READY;NO_OVERWRITE;MAX_3_TASKS
4559	multi	spelling	XLSX	0	B2 me 500 likh do aur report ppt banao r4559	READ:XLSX>EDIT:XLSX>CREATE:PPTX	NO_FALSE_READY;NO_OVERWRITE;MAX_3_TASKS
4560	multi	short	DOCX,PPTX	0	files padho aur pdf create r4560	READ:DOCX>READ:PPTX>CREATE:PDF_CREATOR	NO_FALSE_READY;NO_OVERWRITE;MAX_3_TASKS
4561	multi	long	-	1	Bhai please electric cars par word aur excel dono banao jaldi kar do r4561	CREATE:DOCX>CREATE:XLSX	NO_FALSE_READY;NO_OVERWRITE;MAX_3_TASKS
4562	multi	reversed	-	0	pdf about startup funding banao and a powerpoint about Python basics banao r4562	CREATE:PDF_CREATOR>CREATE:PPTX	NO_FALSE_READY;NO_OVERWRITE;MAX_3_TASKS
4563	multi	nopunct	-	0	ocean life par word banao phir pdf banao r4563	CREATE:DOCX>CREATE:PDF_CREATOR	NO_FALSE_READY;NO_OVERWRITE;MAX_3_TASKS
4564	multi	followup	DOCX	0	is word file ko pdf me convert karo aur ppt banao r4564	READ:DOCX>CREATE:PDF_CREATOR>CREATE:PPTX	NO_FALSE_READY;NO_OVERWRITE;MAX_3_TASKS
4565	multi	hinglish	XLSX	0	is excel sheet ko word file me convert karo phir pdf banao r4565	READ:XLSX>CREATE:DOCX>CREATE:PDF_CREATOR	NO_FALSE_READY;NO_OVERWRITE;MAX_3_TASKS
4566	multi	english	PPTX	0	is ppt ko pdf me convert karo aur word file banao r4566	READ:PPTX>CREATE:PDF_CREATOR>CREATE:DOCX	NO_FALSE_READY;NO_OVERWRITE;MAX_3_TASKS
4567	multi	spelling	DOCX,XLSX	0	dono files padho aur ppt banao r4567	READ:DOCX>READ:XLSX>CREATE:PPTX	NO_FALSE_READY;NO_OVERWRITE;MAX_3_TASKS
4568	multi	short	PDF	0	is pdf ko word me convert karo phir excel create r4568	READ:PDF_READER>CREATE:DOCX>CREATE:XLSX	NO_FALSE_READY;NO_OVERWRITE;MAX_3_TASKS
4569	multi	long	XLSX	0	Bhai please B2 me 500 likh do aur report ppt banao jaldi kar do r4569	READ:XLSX>EDIT:XLSX>CREATE:PPTX	NO_FALSE_READY;NO_OVERWRITE;MAX_3_TASKS
4570	multi	reversed	DOCX,PPTX	0	files padho aur pdf banao r4570	READ:DOCX>READ:PPTX>CREATE:PDF_CREATOR	NO_FALSE_READY;NO_OVERWRITE;MAX_3_TASKS
4571	multi	nopunct	-	1	digital safety par word and excel dono banao r4571	CREATE:DOCX>CREATE:XLSX	NO_FALSE_READY;NO_OVERWRITE;MAX_3_TASKS
4572	multi	followup	-	0	create a pdf about renewable power and a powerpoint about digital safety r4572	CREATE:PDF_CREATOR>CREATE:PPTX	NO_FALSE_READY;NO_OVERWRITE;MAX_3_TASKS
4573	multi	hinglish	-	0	internet history par word banao phir pdf banao r4573	CREATE:DOCX>CREATE:PDF_CREATOR	NO_FALSE_READY;NO_OVERWRITE;MAX_3_TASKS
4574	multi	english	DOCX	0	is word file ko pdf me convert karo aur ppt banao r4574	READ:DOCX>CREATE:PDF_CREATOR>CREATE:PPTX	NO_FALSE_READY;NO_OVERWRITE;MAX_3_TASKS
4575	multi	spelling	XLSX	0	is excel sheet ko word file me convert karo phir pdf banao r4575	READ:XLSX>CREATE:DOCX>CREATE:PDF_CREATOR	NO_FALSE_READY;NO_OVERWRITE;MAX_3_TASKS
4576	multi	short	PPTX	0	is ppt ko pdf me convert karo aur word file create r4576	READ:PPTX>CREATE:PDF_CREATOR>CREATE:DOCX	NO_FALSE_READY;NO_OVERWRITE;MAX_3_TASKS
4577	multi	long	DOCX,XLSX	0	Bhai please dono files padho aur ppt banao jaldi kar do r4577	READ:DOCX>READ:XLSX>CREATE:PPTX	NO_FALSE_READY;NO_OVERWRITE;MAX_3_TASKS
4578	multi	reversed	PDF	0	is pdf ko word me convert karo phir excel banao r4578	READ:PDF_READER>CREATE:DOCX>CREATE:XLSX	NO_FALSE_READY;NO_OVERWRITE;MAX_3_TASKS
4579	multi	nopunct	XLSX	0	B2 me 500 likh do and report ppt banao r4579	READ:XLSX>EDIT:XLSX>CREATE:PPTX	NO_FALSE_READY;NO_OVERWRITE;MAX_3_TASKS
4580	multi	followup	DOCX,PPTX	0	files padho aur pdf banao r4580	READ:DOCX>READ:PPTX>CREATE:PDF_CREATOR	NO_FALSE_READY;NO_OVERWRITE;MAX_3_TASKS
4581	multi	hinglish	-	1	space travel par word aur excel dono banao r4581	CREATE:DOCX>CREATE:XLSX	NO_FALSE_READY;NO_OVERWRITE;MAX_3_TASKS
4582	multi	english	-	0	create a pdf about football and a powerpoint about AI basics r4582	CREATE:PDF_CREATOR>CREATE:PPTX	NO_FALSE_READY;NO_OVERWRITE;MAX_3_TASKS
4583	multi	spelling	-	0	cricket par word banao phir pdf banao r4583	CREATE:DOCX>CREATE:PDF_CREATOR	NO_FALSE_READY;NO_OVERWRITE;MAX_3_TASKS
4584	multi	short	DOCX	0	is word file ko pdf me convert karo aur ppt create r4584	READ:DOCX>CREATE:PDF_CREATOR>CREATE:PPTX	NO_FALSE_READY;NO_OVERWRITE;MAX_3_TASKS
4585	multi	long	XLSX	0	Bhai please is excel sheet ko word file me convert karo phir pdf banao jaldi kar do r4585	READ:XLSX>CREATE:DOCX>CREATE:PDF_CREATOR	NO_FALSE_READY;NO_OVERWRITE;MAX_3_TASKS
4586	multi	reversed	PPTX	0	is ppt ko pdf me convert karo aur word file banao r4586	READ:PPTX>CREATE:PDF_CREATOR>CREATE:DOCX	NO_FALSE_READY;NO_OVERWRITE;MAX_3_TASKS
4587	multi	nopunct	DOCX,XLSX	0	dono files padho and ppt banao r4587	READ:DOCX>READ:XLSX>CREATE:PPTX	NO_FALSE_READY;NO_OVERWRITE;MAX_3_TASKS
4588	multi	followup	PDF	0	is pdf ko word me convert karo then excel banao r4588	READ:PDF_READER>CREATE:DOCX>CREATE:XLSX	NO_FALSE_READY;NO_OVERWRITE;MAX_3_TASKS
4589	multi	hinglish	XLSX	0	B2 me 500 likh do aur report ppt banao r4589	READ:XLSX>EDIT:XLSX>CREATE:PPTX	NO_FALSE_READY;NO_OVERWRITE;MAX_3_TASKS
4590	multi	english	DOCX,PPTX	0	files padho aur pdf banao r4590	READ:DOCX>READ:PPTX>CREATE:PDF_CREATOR	NO_FALSE_READY;NO_OVERWRITE;MAX_3_TASKS
4591	multi	spelling	-	1	Python basics par wrod aur excle dono bnao r4591	CREATE:DOCX>CREATE:XLSX	NO_FALSE_READY;NO_OVERWRITE;MAX_3_TASKS
4592	multi	short	-	0	create a pdf about Android apps and a powerpoint about space travel r4592	CREATE:PDF_CREATOR>CREATE:PPTX	NO_FALSE_READY;NO_OVERWRITE;MAX_3_TASKS
4593	multi	long	-	0	Bhai please cloud computing par word banao phir pdf banao jaldi kar do r4593	CREATE:DOCX>CREATE:PDF_CREATOR	NO_FALSE_READY;NO_OVERWRITE;MAX_3_TASKS
4594	multi	reversed	DOCX	0	is word file ko pdf me convert karo aur ppt banao r4594	READ:DOCX>CREATE:PDF_CREATOR>CREATE:PPTX	NO_FALSE_READY;NO_OVERWRITE;MAX_3_TASKS
4595	multi	nopunct	XLSX	0	is excel sheet ko word file me convert karo phir pdf banao r4595	READ:XLSX>CREATE:DOCX>CREATE:PDF_CREATOR	NO_FALSE_READY;NO_OVERWRITE;MAX_3_TASKS
4596	multi	followup	PPTX	0	is ppt ko pdf me convert karo aur word file banao r4596	READ:PPTX>CREATE:PDF_CREATOR>CREATE:DOCX	NO_FALSE_READY;NO_OVERWRITE;MAX_3_TASKS
4597	multi	hinglish	DOCX,XLSX	0	dono files padho aur ppt banao r4597	READ:DOCX>READ:XLSX>CREATE:PPTX	NO_FALSE_READY;NO_OVERWRITE;MAX_3_TASKS
4598	multi	english	PDF	0	is pdf ko word me convert karo phir excel banao r4598	READ:PDF_READER>CREATE:DOCX>CREATE:XLSX	NO_FALSE_READY;NO_OVERWRITE;MAX_3_TASKS
4599	multi	spelling	XLSX	0	B2 me 500 likh do aur report ppt banao r4599	READ:XLSX>EDIT:XLSX>CREATE:PPTX	NO_FALSE_READY;NO_OVERWRITE;MAX_3_TASKS
4600	multi	short	DOCX,PPTX	0	files padho aur pdf create r4600	READ:DOCX>READ:PPTX>CREATE:PDF_CREATOR	NO_FALSE_READY;NO_OVERWRITE;MAX_3_TASKS
4601	negative	hinglish	-	0	music theory samjhao [case 1] r4601	NONE	NO_FALSE_READY;NO_UNSAFE_EDIT;NO_WEB_WHEN_LOCAL
4602	negative	english	-	0	strong password kaise banate hain [case 2] r4602	NONE	NO_FALSE_READY;NO_UNSAFE_EDIT;NO_WEB_WHEN_LOCAL
4603	negative	spelling	-	0	word ka matlab kya hota hai [case 3] r4603	NONE	NO_FALSE_READY;NO_UNSAFE_EDIT;NO_WEB_WHEN_LOCAL
4604	negative	short	-	0	pdf mat banao [case 4] r4604	NONE	NO_FALSE_READY;NO_UNSAFE_EDIT;NO_WEB_WHEN_LOCAL
4605	negative	long	-	0	dont make a pdf [case 5] r4605	NONE	NO_FALSE_READY;NO_UNSAFE_EDIT;NO_WEB_WHEN_LOCAL
4606	negative	reversed	-	0	presentation me kya bolna chahiye [case 6] r4606	NONE	NO_FALSE_READY;NO_UNSAFE_EDIT;NO_WEB_WHEN_LOCAL
4607	negative	nopunct	-	0	how to make a pdf in python [case 7] r4607	NONE	NO_FALSE_READY;NO_UNSAFE_EDIT;NO_WEB_WHEN_LOCAL
4608	negative	followup	-	0	python se excel banao [case 8] r4608	NONE	NO_FALSE_READY;NO_UNSAFE_EDIT;NO_WEB_WHEN_LOCAL
4609	negative	hinglish	-	0	deck of cards ka game banao [case 9] r4609	NONE	NO_FALSE_READY;NO_UNSAFE_EDIT;NO_WEB_WHEN_LOCAL
4610	negative	english	-	0	document banao [case 10] r4610	CLARIFY	NO_FALSE_READY;NO_UNSAFE_EDIT;NO_WEB_WHEN_LOCAL
4611	negative	spelling	-	0	report bana do [case 11] r4611	CLARIFY	NO_FALSE_READY;NO_UNSAFE_EDIT;NO_WEB_WHEN_LOCAL
4612	negative	short	-	0	resume banao [case 12] r4612	CLARIFY	NO_FALSE_READY;NO_UNSAFE_EDIT;NO_WEB_WHEN_LOCAL
4613	negative	long	-	0	ek letter bana do [case 13] r4613	CLARIFY	NO_FALSE_READY;NO_UNSAFE_EDIT;NO_WEB_WHEN_LOCAL
4614	negative	reversed	AUDIO	0	audio ka transcript do [case 14] r4614	READ:AUDIO_READER|UNSUP	NO_FALSE_READY;NO_UNSAFE_EDIT;NO_WEB_WHEN_LOCAL
4615	negative	nopunct	VIDEO	0	video ko text me transcribe karo [case 15] r4615	READ:VIDEO_READER|UNSUP	NO_FALSE_READY;NO_UNSAFE_EDIT;NO_WEB_WHEN_LOCAL
4616	negative	followup	-	0	legacy file.doc kholo [case 16] r4616	UNSUP	NO_FALSE_READY;NO_UNSAFE_EDIT;NO_WEB_WHEN_LOCAL
4617	negative	hinglish	-	0	old.xls read karo [case 17] r4617	UNSUP	NO_FALSE_READY;NO_UNSAFE_EDIT;NO_WEB_WHEN_LOCAL
4618	negative	english	-	0	old.ppt check karo [case 18] r4618	UNSUP	NO_FALSE_READY;NO_UNSAFE_EDIT;NO_WEB_WHEN_LOCAL
4619	negative	spelling	PDF	0	pdf edit karo [case 19] r4619	CLARIFY	NO_FALSE_READY;NO_UNSAFE_EDIT;NO_WEB_WHEN_LOCAL
4620	negative	short	PDF	0	isko change karo [case 20] r4620	READ:PDF_READER	NO_FALSE_READY;NO_UNSAFE_EDIT;NO_WEB_WHEN_LOCAL
4621	negative	long	-	0	music theory samjhao [case 21] r4621	NONE	NO_FALSE_READY;NO_UNSAFE_EDIT;NO_WEB_WHEN_LOCAL
4622	negative	reversed	-	0	strong password kaise banate hain [case 22] r4622	NONE	NO_FALSE_READY;NO_UNSAFE_EDIT;NO_WEB_WHEN_LOCAL
4623	negative	nopunct	-	0	word ka matlab kya hota hai [case 23] r4623	NONE	NO_FALSE_READY;NO_UNSAFE_EDIT;NO_WEB_WHEN_LOCAL
4624	negative	followup	-	0	pdf mat banao [case 24] r4624	NONE	NO_FALSE_READY;NO_UNSAFE_EDIT;NO_WEB_WHEN_LOCAL
4625	negative	hinglish	-	0	dont make a pdf [case 25] r4625	NONE	NO_FALSE_READY;NO_UNSAFE_EDIT;NO_WEB_WHEN_LOCAL
4626	negative	english	-	0	presentation me kya bolna chahiye [case 26] r4626	NONE	NO_FALSE_READY;NO_UNSAFE_EDIT;NO_WEB_WHEN_LOCAL
4627	negative	spelling	-	0	how to make a pdf in python [case 27] r4627	NONE	NO_FALSE_READY;NO_UNSAFE_EDIT;NO_WEB_WHEN_LOCAL
4628	negative	short	-	0	python se excel banao [case 28] r4628	NONE	NO_FALSE_READY;NO_UNSAFE_EDIT;NO_WEB_WHEN_LOCAL
4629	negative	long	-	0	deck of cards ka game banao [case 29] r4629	NONE	NO_FALSE_READY;NO_UNSAFE_EDIT;NO_WEB_WHEN_LOCAL
4630	negative	reversed	-	0	document banao [case 30] r4630	CLARIFY	NO_FALSE_READY;NO_UNSAFE_EDIT;NO_WEB_WHEN_LOCAL
4631	negative	nopunct	-	0	report bana do [case 31] r4631	CLARIFY	NO_FALSE_READY;NO_UNSAFE_EDIT;NO_WEB_WHEN_LOCAL
4632	negative	followup	-	0	resume banao [case 32] r4632	CLARIFY	NO_FALSE_READY;NO_UNSAFE_EDIT;NO_WEB_WHEN_LOCAL
4633	negative	hinglish	-	0	ek letter bana do [case 33] r4633	CLARIFY	NO_FALSE_READY;NO_UNSAFE_EDIT;NO_WEB_WHEN_LOCAL
4634	negative	english	AUDIO	0	audio ka transcript do [case 34] r4634	READ:AUDIO_READER|UNSUP	NO_FALSE_READY;NO_UNSAFE_EDIT;NO_WEB_WHEN_LOCAL
4635	negative	spelling	VIDEO	0	video ko text me transcribe karo [case 35] r4635	READ:VIDEO_READER|UNSUP	NO_FALSE_READY;NO_UNSAFE_EDIT;NO_WEB_WHEN_LOCAL
4636	negative	short	-	0	legacy file.doc kholo [case 36] r4636	UNSUP	NO_FALSE_READY;NO_UNSAFE_EDIT;NO_WEB_WHEN_LOCAL
4637	negative	long	-	0	old.xls read karo [case 37] r4637	UNSUP	NO_FALSE_READY;NO_UNSAFE_EDIT;NO_WEB_WHEN_LOCAL
4638	negative	reversed	-	0	old.ppt check karo [case 38] r4638	UNSUP	NO_FALSE_READY;NO_UNSAFE_EDIT;NO_WEB_WHEN_LOCAL
4639	negative	nopunct	PDF	0	pdf edit karo [case 39] r4639	CLARIFY	NO_FALSE_READY;NO_UNSAFE_EDIT;NO_WEB_WHEN_LOCAL
4640	negative	followup	PDF	0	isko change karo [case 40] r4640	READ:PDF_READER	NO_FALSE_READY;NO_UNSAFE_EDIT;NO_WEB_WHEN_LOCAL
4641	negative	hinglish	-	0	music theory samjhao [case 41] r4641	NONE	NO_FALSE_READY;NO_UNSAFE_EDIT;NO_WEB_WHEN_LOCAL
4642	negative	english	-	0	strong password kaise banate hain [case 42] r4642	NONE	NO_FALSE_READY;NO_UNSAFE_EDIT;NO_WEB_WHEN_LOCAL
4643	negative	spelling	-	0	word ka matlab kya hota hai [case 43] r4643	NONE	NO_FALSE_READY;NO_UNSAFE_EDIT;NO_WEB_WHEN_LOCAL
4644	negative	short	-	0	pdf mat banao [case 44] r4644	NONE	NO_FALSE_READY;NO_UNSAFE_EDIT;NO_WEB_WHEN_LOCAL
4645	negative	long	-	0	dont make a pdf [case 45] r4645	NONE	NO_FALSE_READY;NO_UNSAFE_EDIT;NO_WEB_WHEN_LOCAL
4646	negative	reversed	-	0	presentation me kya bolna chahiye [case 46] r4646	NONE	NO_FALSE_READY;NO_UNSAFE_EDIT;NO_WEB_WHEN_LOCAL
4647	negative	nopunct	-	0	how to make a pdf in python [case 47] r4647	NONE	NO_FALSE_READY;NO_UNSAFE_EDIT;NO_WEB_WHEN_LOCAL
4648	negative	followup	-	0	python se excel banao [case 48] r4648	NONE	NO_FALSE_READY;NO_UNSAFE_EDIT;NO_WEB_WHEN_LOCAL
4649	negative	hinglish	-	0	deck of cards ka game banao [case 49] r4649	NONE	NO_FALSE_READY;NO_UNSAFE_EDIT;NO_WEB_WHEN_LOCAL
4650	negative	english	-	0	document banao [case 50] r4650	CLARIFY	NO_FALSE_READY;NO_UNSAFE_EDIT;NO_WEB_WHEN_LOCAL
4651	negative	spelling	-	0	report bana do [case 51] r4651	CLARIFY	NO_FALSE_READY;NO_UNSAFE_EDIT;NO_WEB_WHEN_LOCAL
4652	negative	short	-	0	resume banao [case 52] r4652	CLARIFY	NO_FALSE_READY;NO_UNSAFE_EDIT;NO_WEB_WHEN_LOCAL
4653	negative	long	-	0	ek letter bana do [case 53] r4653	CLARIFY	NO_FALSE_READY;NO_UNSAFE_EDIT;NO_WEB_WHEN_LOCAL
4654	negative	reversed	AUDIO	0	audio ka transcript do [case 54] r4654	READ:AUDIO_READER|UNSUP	NO_FALSE_READY;NO_UNSAFE_EDIT;NO_WEB_WHEN_LOCAL
4655	negative	nopunct	VIDEO	0	video ko text me transcribe karo [case 55] r4655	READ:VIDEO_READER|UNSUP	NO_FALSE_READY;NO_UNSAFE_EDIT;NO_WEB_WHEN_LOCAL
4656	negative	followup	-	0	legacy file.doc kholo [case 56] r4656	UNSUP	NO_FALSE_READY;NO_UNSAFE_EDIT;NO_WEB_WHEN_LOCAL
4657	negative	hinglish	-	0	old.xls read karo [case 57] r4657	UNSUP	NO_FALSE_READY;NO_UNSAFE_EDIT;NO_WEB_WHEN_LOCAL
4658	negative	english	-	0	old.ppt check karo [case 58] r4658	UNSUP	NO_FALSE_READY;NO_UNSAFE_EDIT;NO_WEB_WHEN_LOCAL
4659	negative	spelling	PDF	0	pdf edit karo [case 59] r4659	CLARIFY	NO_FALSE_READY;NO_UNSAFE_EDIT;NO_WEB_WHEN_LOCAL
4660	negative	short	PDF	0	isko change karo [case 60] r4660	READ:PDF_READER	NO_FALSE_READY;NO_UNSAFE_EDIT;NO_WEB_WHEN_LOCAL
4661	negative	long	-	0	music theory samjhao [case 61] r4661	NONE	NO_FALSE_READY;NO_UNSAFE_EDIT;NO_WEB_WHEN_LOCAL
4662	negative	reversed	-	0	strong password kaise banate hain [case 62] r4662	NONE	NO_FALSE_READY;NO_UNSAFE_EDIT;NO_WEB_WHEN_LOCAL
4663	negative	nopunct	-	0	word ka matlab kya hota hai [case 63] r4663	NONE	NO_FALSE_READY;NO_UNSAFE_EDIT;NO_WEB_WHEN_LOCAL
4664	negative	followup	-	0	pdf mat banao [case 64] r4664	NONE	NO_FALSE_READY;NO_UNSAFE_EDIT;NO_WEB_WHEN_LOCAL
4665	negative	hinglish	-	0	dont make a pdf [case 65] r4665	NONE	NO_FALSE_READY;NO_UNSAFE_EDIT;NO_WEB_WHEN_LOCAL
4666	negative	english	-	0	presentation me kya bolna chahiye [case 66] r4666	NONE	NO_FALSE_READY;NO_UNSAFE_EDIT;NO_WEB_WHEN_LOCAL
4667	negative	spelling	-	0	how to make a pdf in python [case 67] r4667	NONE	NO_FALSE_READY;NO_UNSAFE_EDIT;NO_WEB_WHEN_LOCAL
4668	negative	short	-	0	python se excel banao [case 68] r4668	NONE	NO_FALSE_READY;NO_UNSAFE_EDIT;NO_WEB_WHEN_LOCAL
4669	negative	long	-	0	deck of cards ka game banao [case 69] r4669	NONE	NO_FALSE_READY;NO_UNSAFE_EDIT;NO_WEB_WHEN_LOCAL
4670	negative	reversed	-	0	document banao [case 70] r4670	CLARIFY	NO_FALSE_READY;NO_UNSAFE_EDIT;NO_WEB_WHEN_LOCAL
4671	negative	nopunct	-	0	report bana do [case 71] r4671	CLARIFY	NO_FALSE_READY;NO_UNSAFE_EDIT;NO_WEB_WHEN_LOCAL
4672	negative	followup	-	0	resume banao [case 72] r4672	CLARIFY	NO_FALSE_READY;NO_UNSAFE_EDIT;NO_WEB_WHEN_LOCAL
4673	negative	hinglish	-	0	ek letter bana do [case 73] r4673	CLARIFY	NO_FALSE_READY;NO_UNSAFE_EDIT;NO_WEB_WHEN_LOCAL
4674	negative	english	AUDIO	0	audio ka transcript do [case 74] r4674	READ:AUDIO_READER|UNSUP	NO_FALSE_READY;NO_UNSAFE_EDIT;NO_WEB_WHEN_LOCAL
4675	negative	spelling	VIDEO	0	video ko text me transcribe karo [case 75] r4675	READ:VIDEO_READER|UNSUP	NO_FALSE_READY;NO_UNSAFE_EDIT;NO_WEB_WHEN_LOCAL
4676	negative	short	-	0	legacy file.doc kholo [case 76] r4676	UNSUP	NO_FALSE_READY;NO_UNSAFE_EDIT;NO_WEB_WHEN_LOCAL
4677	negative	long	-	0	old.xls read karo [case 77] r4677	UNSUP	NO_FALSE_READY;NO_UNSAFE_EDIT;NO_WEB_WHEN_LOCAL
4678	negative	reversed	-	0	old.ppt check karo [case 78] r4678	UNSUP	NO_FALSE_READY;NO_UNSAFE_EDIT;NO_WEB_WHEN_LOCAL
4679	negative	nopunct	PDF	0	pdf edit karo [case 79] r4679	CLARIFY	NO_FALSE_READY;NO_UNSAFE_EDIT;NO_WEB_WHEN_LOCAL
4680	negative	followup	PDF	0	isko change karo [case 80] r4680	READ:PDF_READER	NO_FALSE_READY;NO_UNSAFE_EDIT;NO_WEB_WHEN_LOCAL
4681	negative	hinglish	-	0	music theory samjhao [case 81] r4681	NONE	NO_FALSE_READY;NO_UNSAFE_EDIT;NO_WEB_WHEN_LOCAL
4682	negative	english	-	0	strong password kaise banate hain [case 82] r4682	NONE	NO_FALSE_READY;NO_UNSAFE_EDIT;NO_WEB_WHEN_LOCAL
4683	negative	spelling	-	0	word ka matlab kya hota hai [case 83] r4683	NONE	NO_FALSE_READY;NO_UNSAFE_EDIT;NO_WEB_WHEN_LOCAL
4684	negative	short	-	0	pdf mat banao [case 84] r4684	NONE	NO_FALSE_READY;NO_UNSAFE_EDIT;NO_WEB_WHEN_LOCAL
4685	negative	long	-	0	dont make a pdf [case 85] r4685	NONE	NO_FALSE_READY;NO_UNSAFE_EDIT;NO_WEB_WHEN_LOCAL
4686	negative	reversed	-	0	presentation me kya bolna chahiye [case 86] r4686	NONE	NO_FALSE_READY;NO_UNSAFE_EDIT;NO_WEB_WHEN_LOCAL
4687	negative	nopunct	-	0	how to make a pdf in python [case 87] r4687	NONE	NO_FALSE_READY;NO_UNSAFE_EDIT;NO_WEB_WHEN_LOCAL
4688	negative	followup	-	0	python se excel banao [case 88] r4688	NONE	NO_FALSE_READY;NO_UNSAFE_EDIT;NO_WEB_WHEN_LOCAL
4689	negative	hinglish	-	0	deck of cards ka game banao [case 89] r4689	NONE	NO_FALSE_READY;NO_UNSAFE_EDIT;NO_WEB_WHEN_LOCAL
4690	negative	english	-	0	document banao [case 90] r4690	CLARIFY	NO_FALSE_READY;NO_UNSAFE_EDIT;NO_WEB_WHEN_LOCAL
4691	negative	spelling	-	0	report bana do [case 91] r4691	CLARIFY	NO_FALSE_READY;NO_UNSAFE_EDIT;NO_WEB_WHEN_LOCAL
4692	negative	short	-	0	resume banao [case 92] r4692	CLARIFY	NO_FALSE_READY;NO_UNSAFE_EDIT;NO_WEB_WHEN_LOCAL
4693	negative	long	-	0	ek letter bana do [case 93] r4693	CLARIFY	NO_FALSE_READY;NO_UNSAFE_EDIT;NO_WEB_WHEN_LOCAL
4694	negative	reversed	AUDIO	0	audio ka transcript do [case 94] r4694	READ:AUDIO_READER|UNSUP	NO_FALSE_READY;NO_UNSAFE_EDIT;NO_WEB_WHEN_LOCAL
4695	negative	nopunct	VIDEO	0	video ko text me transcribe karo [case 95] r4695	READ:VIDEO_READER|UNSUP	NO_FALSE_READY;NO_UNSAFE_EDIT;NO_WEB_WHEN_LOCAL
4696	negative	followup	-	0	legacy file.doc kholo [case 96] r4696	UNSUP	NO_FALSE_READY;NO_UNSAFE_EDIT;NO_WEB_WHEN_LOCAL
4697	negative	hinglish	-	0	old.xls read karo [case 97] r4697	UNSUP	NO_FALSE_READY;NO_UNSAFE_EDIT;NO_WEB_WHEN_LOCAL
4698	negative	english	-	0	old.ppt check karo [case 98] r4698	UNSUP	NO_FALSE_READY;NO_UNSAFE_EDIT;NO_WEB_WHEN_LOCAL
4699	negative	spelling	PDF	0	pdf edit karo [case 99] r4699	CLARIFY	NO_FALSE_READY;NO_UNSAFE_EDIT;NO_WEB_WHEN_LOCAL
4700	negative	short	PDF	0	isko change karo [case 100] r4700	READ:PDF_READER	NO_FALSE_READY;NO_UNSAFE_EDIT;NO_WEB_WHEN_LOCAL
4701	negative	long	-	0	music theory samjhao [case 101] r4701	NONE	NO_FALSE_READY;NO_UNSAFE_EDIT;NO_WEB_WHEN_LOCAL
4702	negative	reversed	-	0	strong password kaise banate hain [case 102] r4702	NONE	NO_FALSE_READY;NO_UNSAFE_EDIT;NO_WEB_WHEN_LOCAL
4703	negative	nopunct	-	0	word ka matlab kya hota hai [case 103] r4703	NONE	NO_FALSE_READY;NO_UNSAFE_EDIT;NO_WEB_WHEN_LOCAL
4704	negative	followup	-	0	pdf mat banao [case 104] r4704	NONE	NO_FALSE_READY;NO_UNSAFE_EDIT;NO_WEB_WHEN_LOCAL
4705	negative	hinglish	-	0	dont make a pdf [case 105] r4705	NONE	NO_FALSE_READY;NO_UNSAFE_EDIT;NO_WEB_WHEN_LOCAL
4706	negative	english	-	0	presentation me kya bolna chahiye [case 106] r4706	NONE	NO_FALSE_READY;NO_UNSAFE_EDIT;NO_WEB_WHEN_LOCAL
4707	negative	spelling	-	0	how to make a pdf in python [case 107] r4707	NONE	NO_FALSE_READY;NO_UNSAFE_EDIT;NO_WEB_WHEN_LOCAL
4708	negative	short	-	0	python se excel banao [case 108] r4708	NONE	NO_FALSE_READY;NO_UNSAFE_EDIT;NO_WEB_WHEN_LOCAL
4709	negative	long	-	0	deck of cards ka game banao [case 109] r4709	NONE	NO_FALSE_READY;NO_UNSAFE_EDIT;NO_WEB_WHEN_LOCAL
4710	negative	reversed	-	0	document banao [case 110] r4710	CLARIFY	NO_FALSE_READY;NO_UNSAFE_EDIT;NO_WEB_WHEN_LOCAL
4711	negative	nopunct	-	0	report bana do [case 111] r4711	CLARIFY	NO_FALSE_READY;NO_UNSAFE_EDIT;NO_WEB_WHEN_LOCAL
4712	negative	followup	-	0	resume banao [case 112] r4712	CLARIFY	NO_FALSE_READY;NO_UNSAFE_EDIT;NO_WEB_WHEN_LOCAL
4713	negative	hinglish	-	0	ek letter bana do [case 113] r4713	CLARIFY	NO_FALSE_READY;NO_UNSAFE_EDIT;NO_WEB_WHEN_LOCAL
4714	negative	english	AUDIO	0	audio ka transcript do [case 114] r4714	READ:AUDIO_READER|UNSUP	NO_FALSE_READY;NO_UNSAFE_EDIT;NO_WEB_WHEN_LOCAL
4715	negative	spelling	VIDEO	0	video ko text me transcribe karo [case 115] r4715	READ:VIDEO_READER|UNSUP	NO_FALSE_READY;NO_UNSAFE_EDIT;NO_WEB_WHEN_LOCAL
4716	negative	short	-	0	legacy file.doc kholo [case 116] r4716	UNSUP	NO_FALSE_READY;NO_UNSAFE_EDIT;NO_WEB_WHEN_LOCAL
4717	negative	long	-	0	old.xls read karo [case 117] r4717	UNSUP	NO_FALSE_READY;NO_UNSAFE_EDIT;NO_WEB_WHEN_LOCAL
4718	negative	reversed	-	0	old.ppt check karo [case 118] r4718	UNSUP	NO_FALSE_READY;NO_UNSAFE_EDIT;NO_WEB_WHEN_LOCAL
4719	negative	nopunct	PDF	0	pdf edit karo [case 119] r4719	CLARIFY	NO_FALSE_READY;NO_UNSAFE_EDIT;NO_WEB_WHEN_LOCAL
4720	negative	followup	PDF	0	isko change karo [case 120] r4720	READ:PDF_READER	NO_FALSE_READY;NO_UNSAFE_EDIT;NO_WEB_WHEN_LOCAL
4721	negative	hinglish	-	0	music theory samjhao [case 121] r4721	NONE	NO_FALSE_READY;NO_UNSAFE_EDIT;NO_WEB_WHEN_LOCAL
4722	negative	english	-	0	strong password kaise banate hain [case 122] r4722	NONE	NO_FALSE_READY;NO_UNSAFE_EDIT;NO_WEB_WHEN_LOCAL
4723	negative	spelling	-	0	word ka matlab kya hota hai [case 123] r4723	NONE	NO_FALSE_READY;NO_UNSAFE_EDIT;NO_WEB_WHEN_LOCAL
4724	negative	short	-	0	pdf mat banao [case 124] r4724	NONE	NO_FALSE_READY;NO_UNSAFE_EDIT;NO_WEB_WHEN_LOCAL
4725	negative	long	-	0	dont make a pdf [case 125] r4725	NONE	NO_FALSE_READY;NO_UNSAFE_EDIT;NO_WEB_WHEN_LOCAL
4726	negative	reversed	-	0	presentation me kya bolna chahiye [case 126] r4726	NONE	NO_FALSE_READY;NO_UNSAFE_EDIT;NO_WEB_WHEN_LOCAL
4727	negative	nopunct	-	0	how to make a pdf in python [case 127] r4727	NONE	NO_FALSE_READY;NO_UNSAFE_EDIT;NO_WEB_WHEN_LOCAL
4728	negative	followup	-	0	python se excel banao [case 128] r4728	NONE	NO_FALSE_READY;NO_UNSAFE_EDIT;NO_WEB_WHEN_LOCAL
4729	negative	hinglish	-	0	deck of cards ka game banao [case 129] r4729	NONE	NO_FALSE_READY;NO_UNSAFE_EDIT;NO_WEB_WHEN_LOCAL
4730	negative	english	-	0	document banao [case 130] r4730	CLARIFY	NO_FALSE_READY;NO_UNSAFE_EDIT;NO_WEB_WHEN_LOCAL
4731	negative	spelling	-	0	report bana do [case 131] r4731	CLARIFY	NO_FALSE_READY;NO_UNSAFE_EDIT;NO_WEB_WHEN_LOCAL
4732	negative	short	-	0	resume banao [case 132] r4732	CLARIFY	NO_FALSE_READY;NO_UNSAFE_EDIT;NO_WEB_WHEN_LOCAL
4733	negative	long	-	0	ek letter bana do [case 133] r4733	CLARIFY	NO_FALSE_READY;NO_UNSAFE_EDIT;NO_WEB_WHEN_LOCAL
4734	negative	reversed	AUDIO	0	audio ka transcript do [case 134] r4734	READ:AUDIO_READER|UNSUP	NO_FALSE_READY;NO_UNSAFE_EDIT;NO_WEB_WHEN_LOCAL
4735	negative	nopunct	VIDEO	0	video ko text me transcribe karo [case 135] r4735	READ:VIDEO_READER|UNSUP	NO_FALSE_READY;NO_UNSAFE_EDIT;NO_WEB_WHEN_LOCAL
4736	negative	followup	-	0	legacy file.doc kholo [case 136] r4736	UNSUP	NO_FALSE_READY;NO_UNSAFE_EDIT;NO_WEB_WHEN_LOCAL
4737	negative	hinglish	-	0	old.xls read karo [case 137] r4737	UNSUP	NO_FALSE_READY;NO_UNSAFE_EDIT;NO_WEB_WHEN_LOCAL
4738	negative	english	-	0	old.ppt check karo [case 138] r4738	UNSUP	NO_FALSE_READY;NO_UNSAFE_EDIT;NO_WEB_WHEN_LOCAL
4739	negative	spelling	PDF	0	pdf edit karo [case 139] r4739	CLARIFY	NO_FALSE_READY;NO_UNSAFE_EDIT;NO_WEB_WHEN_LOCAL
4740	negative	short	PDF	0	isko change karo [case 140] r4740	READ:PDF_READER	NO_FALSE_READY;NO_UNSAFE_EDIT;NO_WEB_WHEN_LOCAL
4741	negative	long	-	0	music theory samjhao [case 141] r4741	NONE	NO_FALSE_READY;NO_UNSAFE_EDIT;NO_WEB_WHEN_LOCAL
4742	negative	reversed	-	0	strong password kaise banate hain [case 142] r4742	NONE	NO_FALSE_READY;NO_UNSAFE_EDIT;NO_WEB_WHEN_LOCAL
4743	negative	nopunct	-	0	word ka matlab kya hota hai [case 143] r4743	NONE	NO_FALSE_READY;NO_UNSAFE_EDIT;NO_WEB_WHEN_LOCAL
4744	negative	followup	-	0	pdf mat banao [case 144] r4744	NONE	NO_FALSE_READY;NO_UNSAFE_EDIT;NO_WEB_WHEN_LOCAL
4745	negative	hinglish	-	0	dont make a pdf [case 145] r4745	NONE	NO_FALSE_READY;NO_UNSAFE_EDIT;NO_WEB_WHEN_LOCAL
4746	negative	english	-	0	presentation me kya bolna chahiye [case 146] r4746	NONE	NO_FALSE_READY;NO_UNSAFE_EDIT;NO_WEB_WHEN_LOCAL
4747	negative	spelling	-	0	how to make a pdf in python [case 147] r4747	NONE	NO_FALSE_READY;NO_UNSAFE_EDIT;NO_WEB_WHEN_LOCAL
4748	negative	short	-	0	python se excel banao [case 148] r4748	NONE	NO_FALSE_READY;NO_UNSAFE_EDIT;NO_WEB_WHEN_LOCAL
4749	negative	long	-	0	deck of cards ka game banao [case 149] r4749	NONE	NO_FALSE_READY;NO_UNSAFE_EDIT;NO_WEB_WHEN_LOCAL
4750	negative	reversed	-	0	document banao [case 150] r4750	CLARIFY	NO_FALSE_READY;NO_UNSAFE_EDIT;NO_WEB_WHEN_LOCAL
4751	negative	nopunct	-	0	report bana do [case 151] r4751	CLARIFY	NO_FALSE_READY;NO_UNSAFE_EDIT;NO_WEB_WHEN_LOCAL
4752	negative	followup	-	0	resume banao [case 152] r4752	CLARIFY	NO_FALSE_READY;NO_UNSAFE_EDIT;NO_WEB_WHEN_LOCAL
4753	negative	hinglish	-	0	ek letter bana do [case 153] r4753	CLARIFY	NO_FALSE_READY;NO_UNSAFE_EDIT;NO_WEB_WHEN_LOCAL
4754	negative	english	AUDIO	0	audio ka transcript do [case 154] r4754	READ:AUDIO_READER|UNSUP	NO_FALSE_READY;NO_UNSAFE_EDIT;NO_WEB_WHEN_LOCAL
4755	negative	spelling	VIDEO	0	video ko text me transcribe karo [case 155] r4755	READ:VIDEO_READER|UNSUP	NO_FALSE_READY;NO_UNSAFE_EDIT;NO_WEB_WHEN_LOCAL
4756	negative	short	-	0	legacy file.doc kholo [case 156] r4756	UNSUP	NO_FALSE_READY;NO_UNSAFE_EDIT;NO_WEB_WHEN_LOCAL
4757	negative	long	-	0	old.xls read karo [case 157] r4757	UNSUP	NO_FALSE_READY;NO_UNSAFE_EDIT;NO_WEB_WHEN_LOCAL
4758	negative	reversed	-	0	old.ppt check karo [case 158] r4758	UNSUP	NO_FALSE_READY;NO_UNSAFE_EDIT;NO_WEB_WHEN_LOCAL
4759	negative	nopunct	PDF	0	pdf edit karo [case 159] r4759	CLARIFY	NO_FALSE_READY;NO_UNSAFE_EDIT;NO_WEB_WHEN_LOCAL
4760	negative	followup	PDF	0	isko change karo [case 160] r4760	READ:PDF_READER	NO_FALSE_READY;NO_UNSAFE_EDIT;NO_WEB_WHEN_LOCAL
4761	negative	hinglish	-	0	music theory samjhao [case 161] r4761	NONE	NO_FALSE_READY;NO_UNSAFE_EDIT;NO_WEB_WHEN_LOCAL
4762	negative	english	-	0	strong password kaise banate hain [case 162] r4762	NONE	NO_FALSE_READY;NO_UNSAFE_EDIT;NO_WEB_WHEN_LOCAL
4763	negative	spelling	-	0	word ka matlab kya hota hai [case 163] r4763	NONE	NO_FALSE_READY;NO_UNSAFE_EDIT;NO_WEB_WHEN_LOCAL
4764	negative	short	-	0	pdf mat banao [case 164] r4764	NONE	NO_FALSE_READY;NO_UNSAFE_EDIT;NO_WEB_WHEN_LOCAL
4765	negative	long	-	0	dont make a pdf [case 165] r4765	NONE	NO_FALSE_READY;NO_UNSAFE_EDIT;NO_WEB_WHEN_LOCAL
4766	negative	reversed	-	0	presentation me kya bolna chahiye [case 166] r4766	NONE	NO_FALSE_READY;NO_UNSAFE_EDIT;NO_WEB_WHEN_LOCAL
4767	negative	nopunct	-	0	how to make a pdf in python [case 167] r4767	NONE	NO_FALSE_READY;NO_UNSAFE_EDIT;NO_WEB_WHEN_LOCAL
4768	negative	followup	-	0	python se excel banao [case 168] r4768	NONE	NO_FALSE_READY;NO_UNSAFE_EDIT;NO_WEB_WHEN_LOCAL
4769	negative	hinglish	-	0	deck of cards ka game banao [case 169] r4769	NONE	NO_FALSE_READY;NO_UNSAFE_EDIT;NO_WEB_WHEN_LOCAL
4770	negative	english	-	0	document banao [case 170] r4770	CLARIFY	NO_FALSE_READY;NO_UNSAFE_EDIT;NO_WEB_WHEN_LOCAL
4771	negative	spelling	-	0	report bana do [case 171] r4771	CLARIFY	NO_FALSE_READY;NO_UNSAFE_EDIT;NO_WEB_WHEN_LOCAL
4772	negative	short	-	0	resume banao [case 172] r4772	CLARIFY	NO_FALSE_READY;NO_UNSAFE_EDIT;NO_WEB_WHEN_LOCAL
4773	negative	long	-	0	ek letter bana do [case 173] r4773	CLARIFY	NO_FALSE_READY;NO_UNSAFE_EDIT;NO_WEB_WHEN_LOCAL
4774	negative	reversed	AUDIO	0	audio ka transcript do [case 174] r4774	READ:AUDIO_READER|UNSUP	NO_FALSE_READY;NO_UNSAFE_EDIT;NO_WEB_WHEN_LOCAL
4775	negative	nopunct	VIDEO	0	video ko text me transcribe karo [case 175] r4775	READ:VIDEO_READER|UNSUP	NO_FALSE_READY;NO_UNSAFE_EDIT;NO_WEB_WHEN_LOCAL
4776	negative	followup	-	0	legacy file.doc kholo [case 176] r4776	UNSUP	NO_FALSE_READY;NO_UNSAFE_EDIT;NO_WEB_WHEN_LOCAL
4777	negative	hinglish	-	0	old.xls read karo [case 177] r4777	UNSUP	NO_FALSE_READY;NO_UNSAFE_EDIT;NO_WEB_WHEN_LOCAL
4778	negative	english	-	0	old.ppt check karo [case 178] r4778	UNSUP	NO_FALSE_READY;NO_UNSAFE_EDIT;NO_WEB_WHEN_LOCAL
4779	negative	spelling	PDF	0	pdf edit karo [case 179] r4779	CLARIFY	NO_FALSE_READY;NO_UNSAFE_EDIT;NO_WEB_WHEN_LOCAL
4780	negative	short	PDF	0	isko change karo [case 180] r4780	READ:PDF_READER	NO_FALSE_READY;NO_UNSAFE_EDIT;NO_WEB_WHEN_LOCAL
4781	negative	long	-	0	music theory samjhao [case 181] r4781	NONE	NO_FALSE_READY;NO_UNSAFE_EDIT;NO_WEB_WHEN_LOCAL
4782	negative	reversed	-	0	strong password kaise banate hain [case 182] r4782	NONE	NO_FALSE_READY;NO_UNSAFE_EDIT;NO_WEB_WHEN_LOCAL
4783	negative	nopunct	-	0	word ka matlab kya hota hai [case 183] r4783	NONE	NO_FALSE_READY;NO_UNSAFE_EDIT;NO_WEB_WHEN_LOCAL
4784	negative	followup	-	0	pdf mat banao [case 184] r4784	NONE	NO_FALSE_READY;NO_UNSAFE_EDIT;NO_WEB_WHEN_LOCAL
4785	negative	hinglish	-	0	dont make a pdf [case 185] r4785	NONE	NO_FALSE_READY;NO_UNSAFE_EDIT;NO_WEB_WHEN_LOCAL
4786	negative	english	-	0	presentation me kya bolna chahiye [case 186] r4786	NONE	NO_FALSE_READY;NO_UNSAFE_EDIT;NO_WEB_WHEN_LOCAL
4787	negative	spelling	-	0	how to make a pdf in python [case 187] r4787	NONE	NO_FALSE_READY;NO_UNSAFE_EDIT;NO_WEB_WHEN_LOCAL
4788	negative	short	-	0	python se excel banao [case 188] r4788	NONE	NO_FALSE_READY;NO_UNSAFE_EDIT;NO_WEB_WHEN_LOCAL
4789	negative	long	-	0	deck of cards ka game banao [case 189] r4789	NONE	NO_FALSE_READY;NO_UNSAFE_EDIT;NO_WEB_WHEN_LOCAL
4790	negative	reversed	-	0	document banao [case 190] r4790	CLARIFY	NO_FALSE_READY;NO_UNSAFE_EDIT;NO_WEB_WHEN_LOCAL
4791	negative	nopunct	-	0	report bana do [case 191] r4791	CLARIFY	NO_FALSE_READY;NO_UNSAFE_EDIT;NO_WEB_WHEN_LOCAL
4792	negative	followup	-	0	resume banao [case 192] r4792	CLARIFY	NO_FALSE_READY;NO_UNSAFE_EDIT;NO_WEB_WHEN_LOCAL
4793	negative	hinglish	-	0	ek letter bana do [case 193] r4793	CLARIFY	NO_FALSE_READY;NO_UNSAFE_EDIT;NO_WEB_WHEN_LOCAL
4794	negative	english	AUDIO	0	audio ka transcript do [case 194] r4794	READ:AUDIO_READER|UNSUP	NO_FALSE_READY;NO_UNSAFE_EDIT;NO_WEB_WHEN_LOCAL
4795	negative	spelling	VIDEO	0	video ko text me transcribe karo [case 195] r4795	READ:VIDEO_READER|UNSUP	NO_FALSE_READY;NO_UNSAFE_EDIT;NO_WEB_WHEN_LOCAL
4796	negative	short	-	0	legacy file.doc kholo [case 196] r4796	UNSUP	NO_FALSE_READY;NO_UNSAFE_EDIT;NO_WEB_WHEN_LOCAL
4797	negative	long	-	0	old.xls read karo [case 197] r4797	UNSUP	NO_FALSE_READY;NO_UNSAFE_EDIT;NO_WEB_WHEN_LOCAL
4798	negative	reversed	-	0	old.ppt check karo [case 198] r4798	UNSUP	NO_FALSE_READY;NO_UNSAFE_EDIT;NO_WEB_WHEN_LOCAL
4799	negative	nopunct	PDF	0	pdf edit karo [case 199] r4799	CLARIFY	NO_FALSE_READY;NO_UNSAFE_EDIT;NO_WEB_WHEN_LOCAL
4800	negative	followup	PDF	0	isko change karo [case 200] r4800	READ:PDF_READER	NO_FALSE_READY;NO_UNSAFE_EDIT;NO_WEB_WHEN_LOCAL
4801	negative	hinglish	-	0	music theory samjhao [case 201] r4801	NONE	NO_FALSE_READY;NO_UNSAFE_EDIT;NO_WEB_WHEN_LOCAL
4802	negative	english	-	0	strong password kaise banate hain [case 202] r4802	NONE	NO_FALSE_READY;NO_UNSAFE_EDIT;NO_WEB_WHEN_LOCAL
4803	negative	spelling	-	0	word ka matlab kya hota hai [case 203] r4803	NONE	NO_FALSE_READY;NO_UNSAFE_EDIT;NO_WEB_WHEN_LOCAL
4804	negative	short	-	0	pdf mat banao [case 204] r4804	NONE	NO_FALSE_READY;NO_UNSAFE_EDIT;NO_WEB_WHEN_LOCAL
4805	negative	long	-	0	dont make a pdf [case 205] r4805	NONE	NO_FALSE_READY;NO_UNSAFE_EDIT;NO_WEB_WHEN_LOCAL
4806	negative	reversed	-	0	presentation me kya bolna chahiye [case 206] r4806	NONE	NO_FALSE_READY;NO_UNSAFE_EDIT;NO_WEB_WHEN_LOCAL
4807	negative	nopunct	-	0	how to make a pdf in python [case 207] r4807	NONE	NO_FALSE_READY;NO_UNSAFE_EDIT;NO_WEB_WHEN_LOCAL
4808	negative	followup	-	0	python se excel banao [case 208] r4808	NONE	NO_FALSE_READY;NO_UNSAFE_EDIT;NO_WEB_WHEN_LOCAL
4809	negative	hinglish	-	0	deck of cards ka game banao [case 209] r4809	NONE	NO_FALSE_READY;NO_UNSAFE_EDIT;NO_WEB_WHEN_LOCAL
4810	negative	english	-	0	document banao [case 210] r4810	CLARIFY	NO_FALSE_READY;NO_UNSAFE_EDIT;NO_WEB_WHEN_LOCAL
4811	negative	spelling	-	0	report bana do [case 211] r4811	CLARIFY	NO_FALSE_READY;NO_UNSAFE_EDIT;NO_WEB_WHEN_LOCAL
4812	negative	short	-	0	resume banao [case 212] r4812	CLARIFY	NO_FALSE_READY;NO_UNSAFE_EDIT;NO_WEB_WHEN_LOCAL
4813	negative	long	-	0	ek letter bana do [case 213] r4813	CLARIFY	NO_FALSE_READY;NO_UNSAFE_EDIT;NO_WEB_WHEN_LOCAL
4814	negative	reversed	AUDIO	0	audio ka transcript do [case 214] r4814	READ:AUDIO_READER|UNSUP	NO_FALSE_READY;NO_UNSAFE_EDIT;NO_WEB_WHEN_LOCAL
4815	negative	nopunct	VIDEO	0	video ko text me transcribe karo [case 215] r4815	READ:VIDEO_READER|UNSUP	NO_FALSE_READY;NO_UNSAFE_EDIT;NO_WEB_WHEN_LOCAL
4816	negative	followup	-	0	legacy file.doc kholo [case 216] r4816	UNSUP	NO_FALSE_READY;NO_UNSAFE_EDIT;NO_WEB_WHEN_LOCAL
4817	negative	hinglish	-	0	old.xls read karo [case 217] r4817	UNSUP	NO_FALSE_READY;NO_UNSAFE_EDIT;NO_WEB_WHEN_LOCAL
4818	negative	english	-	0	old.ppt check karo [case 218] r4818	UNSUP	NO_FALSE_READY;NO_UNSAFE_EDIT;NO_WEB_WHEN_LOCAL
4819	negative	spelling	PDF	0	pdf edit karo [case 219] r4819	CLARIFY	NO_FALSE_READY;NO_UNSAFE_EDIT;NO_WEB_WHEN_LOCAL
4820	negative	short	PDF	0	isko change karo [case 220] r4820	READ:PDF_READER	NO_FALSE_READY;NO_UNSAFE_EDIT;NO_WEB_WHEN_LOCAL
4821	negative	long	-	0	music theory samjhao [case 221] r4821	NONE	NO_FALSE_READY;NO_UNSAFE_EDIT;NO_WEB_WHEN_LOCAL
4822	negative	reversed	-	0	strong password kaise banate hain [case 222] r4822	NONE	NO_FALSE_READY;NO_UNSAFE_EDIT;NO_WEB_WHEN_LOCAL
4823	negative	nopunct	-	0	word ka matlab kya hota hai [case 223] r4823	NONE	NO_FALSE_READY;NO_UNSAFE_EDIT;NO_WEB_WHEN_LOCAL
4824	negative	followup	-	0	pdf mat banao [case 224] r4824	NONE	NO_FALSE_READY;NO_UNSAFE_EDIT;NO_WEB_WHEN_LOCAL
4825	negative	hinglish	-	0	dont make a pdf [case 225] r4825	NONE	NO_FALSE_READY;NO_UNSAFE_EDIT;NO_WEB_WHEN_LOCAL
4826	negative	english	-	0	presentation me kya bolna chahiye [case 226] r4826	NONE	NO_FALSE_READY;NO_UNSAFE_EDIT;NO_WEB_WHEN_LOCAL
4827	negative	spelling	-	0	how to make a pdf in python [case 227] r4827	NONE	NO_FALSE_READY;NO_UNSAFE_EDIT;NO_WEB_WHEN_LOCAL
4828	negative	short	-	0	python se excel banao [case 228] r4828	NONE	NO_FALSE_READY;NO_UNSAFE_EDIT;NO_WEB_WHEN_LOCAL
4829	negative	long	-	0	deck of cards ka game banao [case 229] r4829	NONE	NO_FALSE_READY;NO_UNSAFE_EDIT;NO_WEB_WHEN_LOCAL
4830	negative	reversed	-	0	document banao [case 230] r4830	CLARIFY	NO_FALSE_READY;NO_UNSAFE_EDIT;NO_WEB_WHEN_LOCAL
4831	negative	nopunct	-	0	report bana do [case 231] r4831	CLARIFY	NO_FALSE_READY;NO_UNSAFE_EDIT;NO_WEB_WHEN_LOCAL
4832	negative	followup	-	0	resume banao [case 232] r4832	CLARIFY	NO_FALSE_READY;NO_UNSAFE_EDIT;NO_WEB_WHEN_LOCAL
4833	negative	hinglish	-	0	ek letter bana do [case 233] r4833	CLARIFY	NO_FALSE_READY;NO_UNSAFE_EDIT;NO_WEB_WHEN_LOCAL
4834	negative	english	AUDIO	0	audio ka transcript do [case 234] r4834	READ:AUDIO_READER|UNSUP	NO_FALSE_READY;NO_UNSAFE_EDIT;NO_WEB_WHEN_LOCAL
4835	negative	spelling	VIDEO	0	video ko text me transcribe karo [case 235] r4835	READ:VIDEO_READER|UNSUP	NO_FALSE_READY;NO_UNSAFE_EDIT;NO_WEB_WHEN_LOCAL
4836	negative	short	-	0	legacy file.doc kholo [case 236] r4836	UNSUP	NO_FALSE_READY;NO_UNSAFE_EDIT;NO_WEB_WHEN_LOCAL
4837	negative	long	-	0	old.xls read karo [case 237] r4837	UNSUP	NO_FALSE_READY;NO_UNSAFE_EDIT;NO_WEB_WHEN_LOCAL
4838	negative	reversed	-	0	old.ppt check karo [case 238] r4838	UNSUP	NO_FALSE_READY;NO_UNSAFE_EDIT;NO_WEB_WHEN_LOCAL
4839	negative	nopunct	PDF	0	pdf edit karo [case 239] r4839	CLARIFY	NO_FALSE_READY;NO_UNSAFE_EDIT;NO_WEB_WHEN_LOCAL
4840	negative	followup	PDF	0	isko change karo [case 240] r4840	READ:PDF_READER	NO_FALSE_READY;NO_UNSAFE_EDIT;NO_WEB_WHEN_LOCAL
4841	negative	hinglish	-	0	music theory samjhao [case 241] r4841	NONE	NO_FALSE_READY;NO_UNSAFE_EDIT;NO_WEB_WHEN_LOCAL
4842	negative	english	-	0	strong password kaise banate hain [case 242] r4842	NONE	NO_FALSE_READY;NO_UNSAFE_EDIT;NO_WEB_WHEN_LOCAL
4843	negative	spelling	-	0	word ka matlab kya hota hai [case 243] r4843	NONE	NO_FALSE_READY;NO_UNSAFE_EDIT;NO_WEB_WHEN_LOCAL
4844	negative	short	-	0	pdf mat banao [case 244] r4844	NONE	NO_FALSE_READY;NO_UNSAFE_EDIT;NO_WEB_WHEN_LOCAL
4845	negative	long	-	0	dont make a pdf [case 245] r4845	NONE	NO_FALSE_READY;NO_UNSAFE_EDIT;NO_WEB_WHEN_LOCAL
4846	negative	reversed	-	0	presentation me kya bolna chahiye [case 246] r4846	NONE	NO_FALSE_READY;NO_UNSAFE_EDIT;NO_WEB_WHEN_LOCAL
4847	negative	nopunct	-	0	how to make a pdf in python [case 247] r4847	NONE	NO_FALSE_READY;NO_UNSAFE_EDIT;NO_WEB_WHEN_LOCAL
4848	negative	followup	-	0	python se excel banao [case 248] r4848	NONE	NO_FALSE_READY;NO_UNSAFE_EDIT;NO_WEB_WHEN_LOCAL
4849	negative	hinglish	-	0	deck of cards ka game banao [case 249] r4849	NONE	NO_FALSE_READY;NO_UNSAFE_EDIT;NO_WEB_WHEN_LOCAL
4850	negative	english	-	0	document banao [case 250] r4850	CLARIFY	NO_FALSE_READY;NO_UNSAFE_EDIT;NO_WEB_WHEN_LOCAL
4851	negative	spelling	-	0	report bana do [case 251] r4851	CLARIFY	NO_FALSE_READY;NO_UNSAFE_EDIT;NO_WEB_WHEN_LOCAL
4852	negative	short	-	0	resume banao [case 252] r4852	CLARIFY	NO_FALSE_READY;NO_UNSAFE_EDIT;NO_WEB_WHEN_LOCAL
4853	negative	long	-	0	ek letter bana do [case 253] r4853	CLARIFY	NO_FALSE_READY;NO_UNSAFE_EDIT;NO_WEB_WHEN_LOCAL
4854	negative	reversed	AUDIO	0	audio ka transcript do [case 254] r4854	READ:AUDIO_READER|UNSUP	NO_FALSE_READY;NO_UNSAFE_EDIT;NO_WEB_WHEN_LOCAL
4855	negative	nopunct	VIDEO	0	video ko text me transcribe karo [case 255] r4855	READ:VIDEO_READER|UNSUP	NO_FALSE_READY;NO_UNSAFE_EDIT;NO_WEB_WHEN_LOCAL
4856	negative	followup	-	0	legacy file.doc kholo [case 256] r4856	UNSUP	NO_FALSE_READY;NO_UNSAFE_EDIT;NO_WEB_WHEN_LOCAL
4857	negative	hinglish	-	0	old.xls read karo [case 257] r4857	UNSUP	NO_FALSE_READY;NO_UNSAFE_EDIT;NO_WEB_WHEN_LOCAL
4858	negative	english	-	0	old.ppt check karo [case 258] r4858	UNSUP	NO_FALSE_READY;NO_UNSAFE_EDIT;NO_WEB_WHEN_LOCAL
4859	negative	spelling	PDF	0	pdf edit karo [case 259] r4859	CLARIFY	NO_FALSE_READY;NO_UNSAFE_EDIT;NO_WEB_WHEN_LOCAL
4860	negative	short	PDF	0	isko change karo [case 260] r4860	READ:PDF_READER	NO_FALSE_READY;NO_UNSAFE_EDIT;NO_WEB_WHEN_LOCAL
4861	negative	long	-	0	music theory samjhao [case 261] r4861	NONE	NO_FALSE_READY;NO_UNSAFE_EDIT;NO_WEB_WHEN_LOCAL
4862	negative	reversed	-	0	strong password kaise banate hain [case 262] r4862	NONE	NO_FALSE_READY;NO_UNSAFE_EDIT;NO_WEB_WHEN_LOCAL
4863	negative	nopunct	-	0	word ka matlab kya hota hai [case 263] r4863	NONE	NO_FALSE_READY;NO_UNSAFE_EDIT;NO_WEB_WHEN_LOCAL
4864	negative	followup	-	0	pdf mat banao [case 264] r4864	NONE	NO_FALSE_READY;NO_UNSAFE_EDIT;NO_WEB_WHEN_LOCAL
4865	negative	hinglish	-	0	dont make a pdf [case 265] r4865	NONE	NO_FALSE_READY;NO_UNSAFE_EDIT;NO_WEB_WHEN_LOCAL
4866	negative	english	-	0	presentation me kya bolna chahiye [case 266] r4866	NONE	NO_FALSE_READY;NO_UNSAFE_EDIT;NO_WEB_WHEN_LOCAL
4867	negative	spelling	-	0	how to make a pdf in python [case 267] r4867	NONE	NO_FALSE_READY;NO_UNSAFE_EDIT;NO_WEB_WHEN_LOCAL
4868	negative	short	-	0	python se excel banao [case 268] r4868	NONE	NO_FALSE_READY;NO_UNSAFE_EDIT;NO_WEB_WHEN_LOCAL
4869	negative	long	-	0	deck of cards ka game banao [case 269] r4869	NONE	NO_FALSE_READY;NO_UNSAFE_EDIT;NO_WEB_WHEN_LOCAL
4870	negative	reversed	-	0	document banao [case 270] r4870	CLARIFY	NO_FALSE_READY;NO_UNSAFE_EDIT;NO_WEB_WHEN_LOCAL
4871	negative	nopunct	-	0	report bana do [case 271] r4871	CLARIFY	NO_FALSE_READY;NO_UNSAFE_EDIT;NO_WEB_WHEN_LOCAL
4872	negative	followup	-	0	resume banao [case 272] r4872	CLARIFY	NO_FALSE_READY;NO_UNSAFE_EDIT;NO_WEB_WHEN_LOCAL
4873	negative	hinglish	-	0	ek letter bana do [case 273] r4873	CLARIFY	NO_FALSE_READY;NO_UNSAFE_EDIT;NO_WEB_WHEN_LOCAL
4874	negative	english	AUDIO	0	audio ka transcript do [case 274] r4874	READ:AUDIO_READER|UNSUP	NO_FALSE_READY;NO_UNSAFE_EDIT;NO_WEB_WHEN_LOCAL
4875	negative	spelling	VIDEO	0	video ko text me transcribe karo [case 275] r4875	READ:VIDEO_READER|UNSUP	NO_FALSE_READY;NO_UNSAFE_EDIT;NO_WEB_WHEN_LOCAL
4876	negative	short	-	0	legacy file.doc kholo [case 276] r4876	UNSUP	NO_FALSE_READY;NO_UNSAFE_EDIT;NO_WEB_WHEN_LOCAL
4877	negative	long	-	0	old.xls read karo [case 277] r4877	UNSUP	NO_FALSE_READY;NO_UNSAFE_EDIT;NO_WEB_WHEN_LOCAL
4878	negative	reversed	-	0	old.ppt check karo [case 278] r4878	UNSUP	NO_FALSE_READY;NO_UNSAFE_EDIT;NO_WEB_WHEN_LOCAL
4879	negative	nopunct	PDF	0	pdf edit karo [case 279] r4879	CLARIFY	NO_FALSE_READY;NO_UNSAFE_EDIT;NO_WEB_WHEN_LOCAL
4880	negative	followup	PDF	0	isko change karo [case 280] r4880	READ:PDF_READER	NO_FALSE_READY;NO_UNSAFE_EDIT;NO_WEB_WHEN_LOCAL
4881	negative	hinglish	-	0	music theory samjhao [case 281] r4881	NONE	NO_FALSE_READY;NO_UNSAFE_EDIT;NO_WEB_WHEN_LOCAL
4882	negative	english	-	0	strong password kaise banate hain [case 282] r4882	NONE	NO_FALSE_READY;NO_UNSAFE_EDIT;NO_WEB_WHEN_LOCAL
4883	negative	spelling	-	0	word ka matlab kya hota hai [case 283] r4883	NONE	NO_FALSE_READY;NO_UNSAFE_EDIT;NO_WEB_WHEN_LOCAL
4884	negative	short	-	0	pdf mat banao [case 284] r4884	NONE	NO_FALSE_READY;NO_UNSAFE_EDIT;NO_WEB_WHEN_LOCAL
4885	negative	long	-	0	dont make a pdf [case 285] r4885	NONE	NO_FALSE_READY;NO_UNSAFE_EDIT;NO_WEB_WHEN_LOCAL
4886	negative	reversed	-	0	presentation me kya bolna chahiye [case 286] r4886	NONE	NO_FALSE_READY;NO_UNSAFE_EDIT;NO_WEB_WHEN_LOCAL
4887	negative	nopunct	-	0	how to make a pdf in python [case 287] r4887	NONE	NO_FALSE_READY;NO_UNSAFE_EDIT;NO_WEB_WHEN_LOCAL
4888	negative	followup	-	0	python se excel banao [case 288] r4888	NONE	NO_FALSE_READY;NO_UNSAFE_EDIT;NO_WEB_WHEN_LOCAL
4889	negative	hinglish	-	0	deck of cards ka game banao [case 289] r4889	NONE	NO_FALSE_READY;NO_UNSAFE_EDIT;NO_WEB_WHEN_LOCAL
4890	negative	english	-	0	document banao [case 290] r4890	CLARIFY	NO_FALSE_READY;NO_UNSAFE_EDIT;NO_WEB_WHEN_LOCAL
4891	negative	spelling	-	0	report bana do [case 291] r4891	CLARIFY	NO_FALSE_READY;NO_UNSAFE_EDIT;NO_WEB_WHEN_LOCAL
4892	negative	short	-	0	resume banao [case 292] r4892	CLARIFY	NO_FALSE_READY;NO_UNSAFE_EDIT;NO_WEB_WHEN_LOCAL
4893	negative	long	-	0	ek letter bana do [case 293] r4893	CLARIFY	NO_FALSE_READY;NO_UNSAFE_EDIT;NO_WEB_WHEN_LOCAL
4894	negative	reversed	AUDIO	0	audio ka transcript do [case 294] r4894	READ:AUDIO_READER|UNSUP	NO_FALSE_READY;NO_UNSAFE_EDIT;NO_WEB_WHEN_LOCAL
4895	negative	nopunct	VIDEO	0	video ko text me transcribe karo [case 295] r4895	READ:VIDEO_READER|UNSUP	NO_FALSE_READY;NO_UNSAFE_EDIT;NO_WEB_WHEN_LOCAL
4896	negative	followup	-	0	legacy file.doc kholo [case 296] r4896	UNSUP	NO_FALSE_READY;NO_UNSAFE_EDIT;NO_WEB_WHEN_LOCAL
4897	negative	hinglish	-	0	old.xls read karo [case 297] r4897	UNSUP	NO_FALSE_READY;NO_UNSAFE_EDIT;NO_WEB_WHEN_LOCAL
4898	negative	english	-	0	old.ppt check karo [case 298] r4898	UNSUP	NO_FALSE_READY;NO_UNSAFE_EDIT;NO_WEB_WHEN_LOCAL
4899	negative	spelling	PDF	0	pdf edit karo [case 299] r4899	CLARIFY	NO_FALSE_READY;NO_UNSAFE_EDIT;NO_WEB_WHEN_LOCAL
4900	negative	short	PDF	0	isko change karo [case 300] r4900	READ:PDF_READER	NO_FALSE_READY;NO_UNSAFE_EDIT;NO_WEB_WHEN_LOCAL
4901	negative	long	-	0	music theory samjhao [case 301] r4901	NONE	NO_FALSE_READY;NO_UNSAFE_EDIT;NO_WEB_WHEN_LOCAL
4902	negative	reversed	-	0	strong password kaise banate hain [case 302] r4902	NONE	NO_FALSE_READY;NO_UNSAFE_EDIT;NO_WEB_WHEN_LOCAL
4903	negative	nopunct	-	0	word ka matlab kya hota hai [case 303] r4903	NONE	NO_FALSE_READY;NO_UNSAFE_EDIT;NO_WEB_WHEN_LOCAL
4904	negative	followup	-	0	pdf mat banao [case 304] r4904	NONE	NO_FALSE_READY;NO_UNSAFE_EDIT;NO_WEB_WHEN_LOCAL
4905	negative	hinglish	-	0	dont make a pdf [case 305] r4905	NONE	NO_FALSE_READY;NO_UNSAFE_EDIT;NO_WEB_WHEN_LOCAL
4906	negative	english	-	0	presentation me kya bolna chahiye [case 306] r4906	NONE	NO_FALSE_READY;NO_UNSAFE_EDIT;NO_WEB_WHEN_LOCAL
4907	negative	spelling	-	0	how to make a pdf in python [case 307] r4907	NONE	NO_FALSE_READY;NO_UNSAFE_EDIT;NO_WEB_WHEN_LOCAL
4908	negative	short	-	0	python se excel banao [case 308] r4908	NONE	NO_FALSE_READY;NO_UNSAFE_EDIT;NO_WEB_WHEN_LOCAL
4909	negative	long	-	0	deck of cards ka game banao [case 309] r4909	NONE	NO_FALSE_READY;NO_UNSAFE_EDIT;NO_WEB_WHEN_LOCAL
4910	negative	reversed	-	0	document banao [case 310] r4910	CLARIFY	NO_FALSE_READY;NO_UNSAFE_EDIT;NO_WEB_WHEN_LOCAL
4911	negative	nopunct	-	0	report bana do [case 311] r4911	CLARIFY	NO_FALSE_READY;NO_UNSAFE_EDIT;NO_WEB_WHEN_LOCAL
4912	negative	followup	-	0	resume banao [case 312] r4912	CLARIFY	NO_FALSE_READY;NO_UNSAFE_EDIT;NO_WEB_WHEN_LOCAL
4913	negative	hinglish	-	0	ek letter bana do [case 313] r4913	CLARIFY	NO_FALSE_READY;NO_UNSAFE_EDIT;NO_WEB_WHEN_LOCAL
4914	negative	english	AUDIO	0	audio ka transcript do [case 314] r4914	READ:AUDIO_READER|UNSUP	NO_FALSE_READY;NO_UNSAFE_EDIT;NO_WEB_WHEN_LOCAL
4915	negative	spelling	VIDEO	0	video ko text me transcribe karo [case 315] r4915	READ:VIDEO_READER|UNSUP	NO_FALSE_READY;NO_UNSAFE_EDIT;NO_WEB_WHEN_LOCAL
4916	negative	short	-	0	legacy file.doc kholo [case 316] r4916	UNSUP	NO_FALSE_READY;NO_UNSAFE_EDIT;NO_WEB_WHEN_LOCAL
4917	negative	long	-	0	old.xls read karo [case 317] r4917	UNSUP	NO_FALSE_READY;NO_UNSAFE_EDIT;NO_WEB_WHEN_LOCAL
4918	negative	reversed	-	0	old.ppt check karo [case 318] r4918	UNSUP	NO_FALSE_READY;NO_UNSAFE_EDIT;NO_WEB_WHEN_LOCAL
4919	negative	nopunct	PDF	0	pdf edit karo [case 319] r4919	CLARIFY	NO_FALSE_READY;NO_UNSAFE_EDIT;NO_WEB_WHEN_LOCAL
4920	negative	followup	PDF	0	isko change karo [case 320] r4920	READ:PDF_READER	NO_FALSE_READY;NO_UNSAFE_EDIT;NO_WEB_WHEN_LOCAL
4921	negative	hinglish	-	0	music theory samjhao [case 321] r4921	NONE	NO_FALSE_READY;NO_UNSAFE_EDIT;NO_WEB_WHEN_LOCAL
4922	negative	english	-	0	strong password kaise banate hain [case 322] r4922	NONE	NO_FALSE_READY;NO_UNSAFE_EDIT;NO_WEB_WHEN_LOCAL
4923	negative	spelling	-	0	word ka matlab kya hota hai [case 323] r4923	NONE	NO_FALSE_READY;NO_UNSAFE_EDIT;NO_WEB_WHEN_LOCAL
4924	negative	short	-	0	pdf mat banao [case 324] r4924	NONE	NO_FALSE_READY;NO_UNSAFE_EDIT;NO_WEB_WHEN_LOCAL
4925	negative	long	-	0	dont make a pdf [case 325] r4925	NONE	NO_FALSE_READY;NO_UNSAFE_EDIT;NO_WEB_WHEN_LOCAL
4926	negative	reversed	-	0	presentation me kya bolna chahiye [case 326] r4926	NONE	NO_FALSE_READY;NO_UNSAFE_EDIT;NO_WEB_WHEN_LOCAL
4927	negative	nopunct	-	0	how to make a pdf in python [case 327] r4927	NONE	NO_FALSE_READY;NO_UNSAFE_EDIT;NO_WEB_WHEN_LOCAL
4928	negative	followup	-	0	python se excel banao [case 328] r4928	NONE	NO_FALSE_READY;NO_UNSAFE_EDIT;NO_WEB_WHEN_LOCAL
4929	negative	hinglish	-	0	deck of cards ka game banao [case 329] r4929	NONE	NO_FALSE_READY;NO_UNSAFE_EDIT;NO_WEB_WHEN_LOCAL
4930	negative	english	-	0	document banao [case 330] r4930	CLARIFY	NO_FALSE_READY;NO_UNSAFE_EDIT;NO_WEB_WHEN_LOCAL
4931	negative	spelling	-	0	report bana do [case 331] r4931	CLARIFY	NO_FALSE_READY;NO_UNSAFE_EDIT;NO_WEB_WHEN_LOCAL
4932	negative	short	-	0	resume banao [case 332] r4932	CLARIFY	NO_FALSE_READY;NO_UNSAFE_EDIT;NO_WEB_WHEN_LOCAL
4933	negative	long	-	0	ek letter bana do [case 333] r4933	CLARIFY	NO_FALSE_READY;NO_UNSAFE_EDIT;NO_WEB_WHEN_LOCAL
4934	negative	reversed	AUDIO	0	audio ka transcript do [case 334] r4934	READ:AUDIO_READER|UNSUP	NO_FALSE_READY;NO_UNSAFE_EDIT;NO_WEB_WHEN_LOCAL
4935	negative	nopunct	VIDEO	0	video ko text me transcribe karo [case 335] r4935	READ:VIDEO_READER|UNSUP	NO_FALSE_READY;NO_UNSAFE_EDIT;NO_WEB_WHEN_LOCAL
4936	negative	followup	-	0	legacy file.doc kholo [case 336] r4936	UNSUP	NO_FALSE_READY;NO_UNSAFE_EDIT;NO_WEB_WHEN_LOCAL
4937	negative	hinglish	-	0	old.xls read karo [case 337] r4937	UNSUP	NO_FALSE_READY;NO_UNSAFE_EDIT;NO_WEB_WHEN_LOCAL
4938	negative	english	-	0	old.ppt check karo [case 338] r4938	UNSUP	NO_FALSE_READY;NO_UNSAFE_EDIT;NO_WEB_WHEN_LOCAL
4939	negative	spelling	PDF	0	pdf edit karo [case 339] r4939	CLARIFY	NO_FALSE_READY;NO_UNSAFE_EDIT;NO_WEB_WHEN_LOCAL
4940	negative	short	PDF	0	isko change karo [case 340] r4940	READ:PDF_READER	NO_FALSE_READY;NO_UNSAFE_EDIT;NO_WEB_WHEN_LOCAL
4941	negative	long	-	0	music theory samjhao [case 341] r4941	NONE	NO_FALSE_READY;NO_UNSAFE_EDIT;NO_WEB_WHEN_LOCAL
4942	negative	reversed	-	0	strong password kaise banate hain [case 342] r4942	NONE	NO_FALSE_READY;NO_UNSAFE_EDIT;NO_WEB_WHEN_LOCAL
4943	negative	nopunct	-	0	word ka matlab kya hota hai [case 343] r4943	NONE	NO_FALSE_READY;NO_UNSAFE_EDIT;NO_WEB_WHEN_LOCAL
4944	negative	followup	-	0	pdf mat banao [case 344] r4944	NONE	NO_FALSE_READY;NO_UNSAFE_EDIT;NO_WEB_WHEN_LOCAL
4945	negative	hinglish	-	0	dont make a pdf [case 345] r4945	NONE	NO_FALSE_READY;NO_UNSAFE_EDIT;NO_WEB_WHEN_LOCAL
4946	negative	english	-	0	presentation me kya bolna chahiye [case 346] r4946	NONE	NO_FALSE_READY;NO_UNSAFE_EDIT;NO_WEB_WHEN_LOCAL
4947	negative	spelling	-	0	how to make a pdf in python [case 347] r4947	NONE	NO_FALSE_READY;NO_UNSAFE_EDIT;NO_WEB_WHEN_LOCAL
4948	negative	short	-	0	python se excel banao [case 348] r4948	NONE	NO_FALSE_READY;NO_UNSAFE_EDIT;NO_WEB_WHEN_LOCAL
4949	negative	long	-	0	deck of cards ka game banao [case 349] r4949	NONE	NO_FALSE_READY;NO_UNSAFE_EDIT;NO_WEB_WHEN_LOCAL
4950	negative	reversed	-	0	document banao [case 350] r4950	CLARIFY	NO_FALSE_READY;NO_UNSAFE_EDIT;NO_WEB_WHEN_LOCAL
4951	negative	nopunct	-	0	report bana do [case 351] r4951	CLARIFY	NO_FALSE_READY;NO_UNSAFE_EDIT;NO_WEB_WHEN_LOCAL
4952	negative	followup	-	0	resume banao [case 352] r4952	CLARIFY	NO_FALSE_READY;NO_UNSAFE_EDIT;NO_WEB_WHEN_LOCAL
4953	negative	hinglish	-	0	ek letter bana do [case 353] r4953	CLARIFY	NO_FALSE_READY;NO_UNSAFE_EDIT;NO_WEB_WHEN_LOCAL
4954	negative	english	AUDIO	0	audio ka transcript do [case 354] r4954	READ:AUDIO_READER|UNSUP	NO_FALSE_READY;NO_UNSAFE_EDIT;NO_WEB_WHEN_LOCAL
4955	negative	spelling	VIDEO	0	video ko text me transcribe karo [case 355] r4955	READ:VIDEO_READER|UNSUP	NO_FALSE_READY;NO_UNSAFE_EDIT;NO_WEB_WHEN_LOCAL
4956	negative	short	-	0	legacy file.doc kholo [case 356] r4956	UNSUP	NO_FALSE_READY;NO_UNSAFE_EDIT;NO_WEB_WHEN_LOCAL
4957	negative	long	-	0	old.xls read karo [case 357] r4957	UNSUP	NO_FALSE_READY;NO_UNSAFE_EDIT;NO_WEB_WHEN_LOCAL
4958	negative	reversed	-	0	old.ppt check karo [case 358] r4958	UNSUP	NO_FALSE_READY;NO_UNSAFE_EDIT;NO_WEB_WHEN_LOCAL
4959	negative	nopunct	PDF	0	pdf edit karo [case 359] r4959	CLARIFY	NO_FALSE_READY;NO_UNSAFE_EDIT;NO_WEB_WHEN_LOCAL
4960	negative	followup	PDF	0	isko change karo [case 360] r4960	READ:PDF_READER	NO_FALSE_READY;NO_UNSAFE_EDIT;NO_WEB_WHEN_LOCAL
4961	negative	hinglish	-	0	music theory samjhao [case 361] r4961	NONE	NO_FALSE_READY;NO_UNSAFE_EDIT;NO_WEB_WHEN_LOCAL
4962	negative	english	-	0	strong password kaise banate hain [case 362] r4962	NONE	NO_FALSE_READY;NO_UNSAFE_EDIT;NO_WEB_WHEN_LOCAL
4963	negative	spelling	-	0	word ka matlab kya hota hai [case 363] r4963	NONE	NO_FALSE_READY;NO_UNSAFE_EDIT;NO_WEB_WHEN_LOCAL
4964	negative	short	-	0	pdf mat banao [case 364] r4964	NONE	NO_FALSE_READY;NO_UNSAFE_EDIT;NO_WEB_WHEN_LOCAL
4965	negative	long	-	0	dont make a pdf [case 365] r4965	NONE	NO_FALSE_READY;NO_UNSAFE_EDIT;NO_WEB_WHEN_LOCAL
4966	negative	reversed	-	0	presentation me kya bolna chahiye [case 366] r4966	NONE	NO_FALSE_READY;NO_UNSAFE_EDIT;NO_WEB_WHEN_LOCAL
4967	negative	nopunct	-	0	how to make a pdf in python [case 367] r4967	NONE	NO_FALSE_READY;NO_UNSAFE_EDIT;NO_WEB_WHEN_LOCAL
4968	negative	followup	-	0	python se excel banao [case 368] r4968	NONE	NO_FALSE_READY;NO_UNSAFE_EDIT;NO_WEB_WHEN_LOCAL
4969	negative	hinglish	-	0	deck of cards ka game banao [case 369] r4969	NONE	NO_FALSE_READY;NO_UNSAFE_EDIT;NO_WEB_WHEN_LOCAL
4970	negative	english	-	0	document banao [case 370] r4970	CLARIFY	NO_FALSE_READY;NO_UNSAFE_EDIT;NO_WEB_WHEN_LOCAL
4971	negative	spelling	-	0	report bana do [case 371] r4971	CLARIFY	NO_FALSE_READY;NO_UNSAFE_EDIT;NO_WEB_WHEN_LOCAL
4972	negative	short	-	0	resume banao [case 372] r4972	CLARIFY	NO_FALSE_READY;NO_UNSAFE_EDIT;NO_WEB_WHEN_LOCAL
4973	negative	long	-	0	ek letter bana do [case 373] r4973	CLARIFY	NO_FALSE_READY;NO_UNSAFE_EDIT;NO_WEB_WHEN_LOCAL
4974	negative	reversed	AUDIO	0	audio ka transcript do [case 374] r4974	READ:AUDIO_READER|UNSUP	NO_FALSE_READY;NO_UNSAFE_EDIT;NO_WEB_WHEN_LOCAL
4975	negative	nopunct	VIDEO	0	video ko text me transcribe karo [case 375] r4975	READ:VIDEO_READER|UNSUP	NO_FALSE_READY;NO_UNSAFE_EDIT;NO_WEB_WHEN_LOCAL
4976	negative	followup	-	0	legacy file.doc kholo [case 376] r4976	UNSUP	NO_FALSE_READY;NO_UNSAFE_EDIT;NO_WEB_WHEN_LOCAL
4977	negative	hinglish	-	0	old.xls read karo [case 377] r4977	UNSUP	NO_FALSE_READY;NO_UNSAFE_EDIT;NO_WEB_WHEN_LOCAL
4978	negative	english	-	0	old.ppt check karo [case 378] r4978	UNSUP	NO_FALSE_READY;NO_UNSAFE_EDIT;NO_WEB_WHEN_LOCAL
4979	negative	spelling	PDF	0	pdf edit karo [case 379] r4979	CLARIFY	NO_FALSE_READY;NO_UNSAFE_EDIT;NO_WEB_WHEN_LOCAL
4980	negative	short	PDF	0	isko change karo [case 380] r4980	READ:PDF_READER	NO_FALSE_READY;NO_UNSAFE_EDIT;NO_WEB_WHEN_LOCAL
4981	negative	long	-	0	music theory samjhao [case 381] r4981	NONE	NO_FALSE_READY;NO_UNSAFE_EDIT;NO_WEB_WHEN_LOCAL
4982	negative	reversed	-	0	strong password kaise banate hain [case 382] r4982	NONE	NO_FALSE_READY;NO_UNSAFE_EDIT;NO_WEB_WHEN_LOCAL
4983	negative	nopunct	-	0	word ka matlab kya hota hai [case 383] r4983	NONE	NO_FALSE_READY;NO_UNSAFE_EDIT;NO_WEB_WHEN_LOCAL
4984	negative	followup	-	0	pdf mat banao [case 384] r4984	NONE	NO_FALSE_READY;NO_UNSAFE_EDIT;NO_WEB_WHEN_LOCAL
4985	negative	hinglish	-	0	dont make a pdf [case 385] r4985	NONE	NO_FALSE_READY;NO_UNSAFE_EDIT;NO_WEB_WHEN_LOCAL
4986	negative	english	-	0	presentation me kya bolna chahiye [case 386] r4986	NONE	NO_FALSE_READY;NO_UNSAFE_EDIT;NO_WEB_WHEN_LOCAL
4987	negative	spelling	-	0	how to make a pdf in python [case 387] r4987	NONE	NO_FALSE_READY;NO_UNSAFE_EDIT;NO_WEB_WHEN_LOCAL
4988	negative	short	-	0	python se excel banao [case 388] r4988	NONE	NO_FALSE_READY;NO_UNSAFE_EDIT;NO_WEB_WHEN_LOCAL
4989	negative	long	-	0	deck of cards ka game banao [case 389] r4989	NONE	NO_FALSE_READY;NO_UNSAFE_EDIT;NO_WEB_WHEN_LOCAL
4990	negative	reversed	-	0	document banao [case 390] r4990	CLARIFY	NO_FALSE_READY;NO_UNSAFE_EDIT;NO_WEB_WHEN_LOCAL
4991	negative	nopunct	-	0	report bana do [case 391] r4991	CLARIFY	NO_FALSE_READY;NO_UNSAFE_EDIT;NO_WEB_WHEN_LOCAL
4992	negative	followup	-	0	resume banao [case 392] r4992	CLARIFY	NO_FALSE_READY;NO_UNSAFE_EDIT;NO_WEB_WHEN_LOCAL
4993	negative	hinglish	-	0	ek letter bana do [case 393] r4993	CLARIFY	NO_FALSE_READY;NO_UNSAFE_EDIT;NO_WEB_WHEN_LOCAL
4994	negative	english	AUDIO	0	audio ka transcript do [case 394] r4994	READ:AUDIO_READER|UNSUP	NO_FALSE_READY;NO_UNSAFE_EDIT;NO_WEB_WHEN_LOCAL
4995	negative	spelling	VIDEO	0	video ko text me transcribe karo [case 395] r4995	READ:VIDEO_READER|UNSUP	NO_FALSE_READY;NO_UNSAFE_EDIT;NO_WEB_WHEN_LOCAL
4996	negative	short	-	0	legacy file.doc kholo [case 396] r4996	UNSUP	NO_FALSE_READY;NO_UNSAFE_EDIT;NO_WEB_WHEN_LOCAL
4997	negative	long	-	0	old.xls read karo [case 397] r4997	UNSUP	NO_FALSE_READY;NO_UNSAFE_EDIT;NO_WEB_WHEN_LOCAL
4998	negative	reversed	-	0	old.ppt check karo [case 398] r4998	UNSUP	NO_FALSE_READY;NO_UNSAFE_EDIT;NO_WEB_WHEN_LOCAL
4999	negative	nopunct	PDF	0	pdf edit karo [case 399] r4999	CLARIFY	NO_FALSE_READY;NO_UNSAFE_EDIT;NO_WEB_WHEN_LOCAL
5000	negative	followup	PDF	0	isko change karo [case 400] r5000	READ:PDF_READER	NO_FALSE_READY;NO_UNSAFE_EDIT;NO_WEB_WHEN_LOCAL
